genus,family,order,group,nb,nb_sources,nb_countries,nb_sites,wsg_est,wsg_est_trunk,wsg_est_branch,wsg_raw
Jupunba,Fabaceae,Fabales,Angiosperms,46,22,13,33,0.56,0.56,0.56,0.54
Acrocomia,Arecaceae,Arecales,Angiosperms,2,2,2,2,0.81,0.81,0.71,0.98
Agonandra,Opiliaceae,Santalales,Angiosperms,19,13,8,16,0.71,0.71,0.64,0.73
Alchornea,Euphorbiaceae,Malpighiales,Angiosperms,111,37,22,58,0.45,0.45,0.46,0.43
Alexa,Fabaceae,Fabales,Angiosperms,32,14,6,18,0.53,0.53,0.52,0.53
Amaioua,Rubiaceae,Gentianales,Angiosperms,34,15,5,20,0.64,0.64,0.62,0.64
Amburana,Fabaceae,Fabales,Angiosperms,44,17,6,20,0.56,0.56,0.55,0.51
Anacardium,Anacardiaceae,Sapindales,Angiosperms,79,37,18,46,0.46,0.46,0.47,0.43
Anadenanthera,Fabaceae,Fabales,Angiosperms,43,24,9,28,0.73,0.74,0.66,0.75
Andira,Fabaceae,Fabales,Angiosperms,102,42,14,52,0.68,0.68,0.64,0.7
Aniba,Lauraceae,Laurales,Angiosperms,92,26,11,34,0.61,0.61,0.57,0.65
Annona,Annonaceae,Magnoliales,Angiosperms,189,54,28,83,0.47,0.47,0.45,0.46
Antonia,Loganiaceae,Gentianales,Angiosperms,39,9,4,12,0.5,0.49,0.5,0.53
Apeiba,Malvaceae,Malvales,Angiosperms,108,31,11,49,0.32,0.32,0.38,0.29
Apuleia,Fabaceae,Fabales,Angiosperms,35,19,4,20,0.68,0.69,0.64,0.71
Arapatiella,Fabaceae,Fabales,Angiosperms,2,2,1,2,0.69,0.7,0.64,0.74
Araucaria,Araucariaceae,Cupressales,Gymnosperms,63,18,8,23,0.45,0.45,0.5,0.45
Aspidosperma,Apocynaceae,Gentianales,Angiosperms,300,66,18,101,0.7,0.7,0.67,0.72
Astrocaryum,Arecaceae,Arecales,Angiosperms,5,5,2,5,0.6,0.61,0.58,0.63
Astronium,Anacardiaceae,Sapindales,Angiosperms,110,45,13,56,0.71,0.72,0.61,0.73
Myracrodruon,Anacardiaceae,Sapindales,Angiosperms,27,13,4,17,0.84,0.84,0.72,0.89
Bagassa,Moraceae,Rosales,Angiosperms,26,13,6,16,0.61,0.61,0.57,0.66
Pterygota,Malvaceae,Malvales,Angiosperms,49,19,16,29,0.54,0.54,0.54,0.53
Bellucia,Melastomataceae,Myrtales,Angiosperms,57,12,8,23,0.56,0.56,0.55,0.56
Bertholletia,Lecythidaceae,Ericales,Angiosperms,17,13,5,13,0.6,0.61,0.59,0.63
Bixa,Bixaceae,Malvales,Angiosperms,20,10,6,15,0.37,0.35,0.41,0.34
Blepharocalyx,Myrtaceae,Myrtales,Angiosperms,16,13,5,13,0.71,0.71,0.64,0.67
Bowdichia,Fabaceae,Fabales,Angiosperms,41,12,5,15,0.69,0.7,0.6,0.64
Brosimum,Moraceae,Rosales,Angiosperms,288,58,16,94,0.62,0.62,0.55,0.66
Terminalia,Combretaceae,Myrtales,Angiosperms,771,112,71,201,0.65,0.65,0.64,0.62
Byrsonima,Malpighiaceae,Malpighiales,Angiosperms,242,43,17,65,0.59,0.59,0.56,0.59
Cabralea,Meliaceae,Sapindales,Angiosperms,27,16,5,19,0.54,0.53,0.5,0.52
Callisthene,Vochysiaceae,Myrtales,Angiosperms,10,7,2,7,0.66,0.66,0.62,0.66
Calophyllum,Calophyllaceae,Malpighiales,Angiosperms,242,63,39,97,0.57,0.57,0.6,0.56
Calycophyllum,Rubiaceae,Gentianales,Angiosperms,37,19,11,24,0.69,0.69,0.64,0.7
Campsiandra,Fabaceae,Fabales,Angiosperms,20,5,3,5,0.76,0.77,0.7,0.83
Caraipa,Calophyllaceae,Malpighiales,Angiosperms,44,12,7,18,0.65,0.66,0.63,0.64
Carapa,Meliaceae,Sapindales,Angiosperms,127,31,23,55,0.57,0.57,0.57,0.56
Cardiopetalum,Annonaceae,Magnoliales,Angiosperms,3,3,2,3,0.58,0.58,0.56,0.6
Cariniana,Lecythidaceae,Ericales,Angiosperms,42,20,6,21,0.53,0.53,0.53,0.54
Caryocar,Caryocaraceae,Malpighiales,Angiosperms,78,30,8,36,0.66,0.66,0.6,0.66
Cassia,Fabaceae,Fabales,Angiosperms,74,31,28,48,0.68,0.68,0.64,0.7
Catostemma,Malvaceae,Malvales,Angiosperms,43,14,7,20,0.56,0.57,0.56,0.6
Cavanillesia,Malvaceae,Malvales,Angiosperms,18,11,5,13,0.23,0.22,0.3,0.17
Cecropia,Urticaceae,Rosales,Angiosperms,239,49,17,71,0.32,0.31,0.36,0.32
Cedrela,Meliaceae,Sapindales,Angiosperms,117,44,23,61,0.43,0.43,0.49,0.42
Cedrelinga,Fabaceae,Fabales,Angiosperms,45,20,8,25,0.54,0.55,0.56,0.47
Ceiba,Malvaceae,Malvales,Angiosperms,134,55,27,72,0.35,0.35,0.39,0.32
Celtis,Cannabaceae,Rosales,Angiosperms,426,59,44,112,0.59,0.59,0.6,0.56
Centrolobium,Fabaceae,Fabales,Angiosperms,37,22,9,28,0.65,0.65,0.63,0.65
Chamaecrista,Fabaceae,Fabales,Angiosperms,28,10,3,11,0.82,0.83,0.81,0.9
Chaunochiton,Olacaceae,Santalales,Angiosperms,16,10,5,12,0.58,0.58,0.57,0.55
Cheiloclinium,Celastraceae,Celastrales,Angiosperms,36,6,6,12,0.69,0.69,0.66,0.7
Chomelia,Rubiaceae,Gentianales,Angiosperms,16,9,6,11,0.62,0.62,0.6,0.6
Chrysophyllum,Sapotaceae,Ericales,Angiosperms,239,52,30,85,0.67,0.68,0.63,0.7
Clarisia,Moraceae,Rosales,Angiosperms,83,34,9,45,0.58,0.58,0.58,0.58
Clitoria,Fabaceae,Fabales,Angiosperms,13,2,2,2,0.6,0.6,0.58,0.57
Cocos,Arecaceae,Arecales,Angiosperms,10,5,7,8,0.52,0.52,0.52,0.51
Copaifera,Fabaceae,Fabales,Angiosperms,129,35,25,59,0.6,0.6,0.59,0.58
Cordia,Boraginaceae,Boraginales,Angiosperms,414,94,50,152,0.5,0.5,0.51,0.47
Cordiera,Rubiaceae,Gentianales,Angiosperms,16,11,3,11,0.69,0.7,0.64,0.71
Corythophora,Lecythidaceae,Ericales,Angiosperms,43,10,4,13,0.66,0.66,0.63,0.67
Couepia,Chrysobalanaceae,Malpighiales,Angiosperms,44,19,9,24,0.72,0.72,0.71,0.74
Acioa,Chrysobalanaceae,Malpighiales,Angiosperms,3,3,2,3,0.81,0.82,0.74,0.89
Couma,Apocynaceae,Gentianales,Angiosperms,37,15,6,19,0.54,0.54,0.51,0.5
Couroupita,Lecythidaceae,Ericales,Angiosperms,19,7,9,12,0.46,0.46,0.48,0.42
Coussarea,Rubiaceae,Gentianales,Angiosperms,73,16,8,22,0.59,0.6,0.57,0.6
Cryptocarya,Lauraceae,Laurales,Angiosperms,371,44,17,58,0.56,0.56,0.52,0.57
Cupania,Sapindaceae,Sapindales,Angiosperms,114,32,15,43,0.65,0.65,0.64,0.64
Curatella,Dilleniaceae,Dilleniales,Angiosperms,62,7,5,13,0.53,0.55,0.48,0.53
Dalbergia,Fabaceae,Fabales,Angiosperms,336,59,32,85,0.71,0.72,0.62,0.75
Dialium,Fabaceae,Fabales,Angiosperms,207,41,30,69,0.77,0.77,0.67,0.77
Dicorynia,Fabaceae,Fabales,Angiosperms,94,10,4,11,0.66,0.66,0.61,0.64
Dimorphandra,Fabaceae,Fabales,Angiosperms,39,15,7,19,0.66,0.66,0.62,0.66
Dinizia,Fabaceae,Fabales,Angiosperms,17,12,4,12,0.77,0.77,0.69,0.85
Diospyros,Ebenaceae,Ericales,Angiosperms,652,81,54,136,0.69,0.69,0.62,0.68
Diplokeleba,Sapindaceae,Sapindales,Angiosperms,4,4,2,4,0.73,0.73,0.67,0.76
Diplotropis,Fabaceae,Fabales,Angiosperms,46,21,7,26,0.71,0.71,0.64,0.74
Dipteryx,Fabaceae,Fabales,Angiosperms,87,34,11,42,0.83,0.83,0.73,0.85
Drypetes,Putranjivaceae,Malpighiales,Angiosperms,175,46,36,70,0.71,0.71,0.65,0.69
Duckeodendron,Solanaceae,Solanales,Angiosperms,4,4,2,4,0.54,0.54,0.53,0.58
Duguetia,Annonaceae,Magnoliales,Angiosperms,106,20,16,46,0.66,0.67,0.6,0.65
Ecclinusa,Sapotaceae,Ericales,Angiosperms,113,20,9,47,0.62,0.62,0.57,0.63
Emmotum,Icacinaceae,Icacinales,Angiosperms,15,11,6,12,0.67,0.68,0.62,0.71
Endopleura,Humiriaceae,Malpighiales,Angiosperms,19,10,2,10,0.74,0.75,0.7,0.75
Enterolobium,Fabaceae,Fabales,Angiosperms,118,42,16,55,0.48,0.48,0.49,0.54
Eriotheca,Malvaceae,Malvales,Angiosperms,52,22,7,26,0.44,0.42,0.48,0.45
Erisma,Vochysiaceae,Myrtales,Angiosperms,69,24,9,32,0.5,0.5,0.5,0.49
Eschweilera,Lecythidaceae,Ericales,Angiosperms,318,40,11,97,0.74,0.76,0.66,0.76
Eugenia,Myrtaceae,Myrtales,Angiosperms,232,57,28,75,0.73,0.73,0.69,0.73
Euplassa,Proteaceae,Proteales,Angiosperms,25,8,5,10,0.53,0.53,0.54,0.51
Euxylophora,Rutaceae,Sapindales,Angiosperms,7,4,2,4,0.66,0.67,0.63,0.68
Faramea,Rubiaceae,Gentianales,Angiosperms,47,15,10,20,0.64,0.64,0.6,0.66
Garcinia,Clusiaceae,Malpighiales,Angiosperms,290,61,39,96,0.7,0.71,0.61,0.71
Genipa,Rubiaceae,Gentianales,Angiosperms,47,18,15,28,0.65,0.65,0.62,0.64
Geoffroea,Fabaceae,Fabales,Angiosperms,7,6,2,6,0.57,0.57,0.56,0.52
Glycydendron,Euphorbiaceae,Malpighiales,Angiosperms,24,8,5,10,0.6,0.59,0.55,0.61
Goupia,Goupiaceae,Malpighiales,Angiosperms,73,30,9,37,0.64,0.65,0.61,0.69
Guarea,Meliaceae,Sapindales,Angiosperms,240,58,25,90,0.61,0.61,0.58,0.57
Guatteria,Annonaceae,Magnoliales,Angiosperms,158,32,13,57,0.52,0.52,0.5,0.51
Guazuma,Malvaceae,Malvales,Angiosperms,55,26,15,33,0.5,0.49,0.47,0.51
Handroanthus,Bignoniaceae,Lamiales,Angiosperms,193,55,16,76,0.76,0.78,0.66,0.8
Haploclathra,Calophyllaceae,Malpighiales,Angiosperms,6,3,2,3,0.68,0.68,0.66,0.76
Heisteria,Olacaceae,Santalales,Angiosperms,58,21,13,32,0.71,0.72,0.68,0.7
Helicostylis,Moraceae,Rosales,Angiosperms,57,21,10,35,0.6,0.6,0.52,0.63
Hirtella,Chrysobalanaceae,Malpighiales,Angiosperms,107,34,15,46,0.75,0.75,0.7,0.74
Hura,Euphorbiaceae,Malpighiales,Angiosperms,70,24,12,33,0.41,0.42,0.45,0.37
Hieronyma,Phyllanthaceae,Malpighiales,Angiosperms,99,30,16,43,0.59,0.59,0.56,0.59
Hymenaea,Fabaceae,Fabales,Angiosperms,140,48,19,67,0.74,0.76,0.65,0.76
Hymenolobium,Fabaceae,Fabales,Angiosperms,58,16,8,21,0.64,0.65,0.6,0.65
Inga,Fabaceae,Fabales,Angiosperms,562,62,21,114,0.6,0.6,0.58,0.58
Ixora,Rubiaceae,Gentianales,Angiosperms,52,21,16,28,0.73,0.74,0.71,0.76
Jacaranda,Bignoniaceae,Lamiales,Angiosperms,167,43,20,68,0.48,0.47,0.53,0.44
Lamanonia,Cunoniaceae,Oxalidales,Angiosperms,8,5,1,5,0.6,0.6,0.56,0.59
Lecointea,Fabaceae,Fabales,Angiosperms,6,5,4,5,0.8,0.8,0.71,0.87
Lecythis,Lecythidaceae,Ericales,Angiosperms,230,37,12,75,0.73,0.74,0.66,0.72
Leptolobium,Fabaceae,Fabales,Angiosperms,21,15,9,18,0.72,0.73,0.67,0.75
Libidibia,Fabaceae,Fabales,Angiosperms,30,15,11,22,0.93,0.93,0.8,0.97
Leptobalanus,Chrysobalanaceae,Malpighiales,Angiosperms,57,18,7,30,0.69,0.69,0.67,0.67
Microdesmia,Chrysobalanaceae,Malpighiales,Angiosperms,14,9,5,12,0.68,0.68,0.65,0.63
Moquilea,Chrysobalanaceae,Malpighiales,Angiosperms,38,18,8,27,0.66,0.67,0.64,0.66
Lindackeria,Achariaceae,Malpighiales,Angiosperms,41,7,8,15,0.61,0.62,0.59,0.59
Luehea,Malvaceae,Malvales,Angiosperms,74,31,11,43,0.55,0.55,0.5,0.53
Machaerium,Fabaceae,Fabales,Angiosperms,145,25,10,34,0.58,0.57,0.61,0.6
Maclura,Moraceae,Rosales,Angiosperms,64,34,18,46,0.7,0.71,0.65,0.72
Magnolia,Magnoliaceae,Magnoliales,Angiosperms,218,48,26,69,0.48,0.48,0.5,0.47
Magonia,Sapindaceae,Sapindales,Angiosperms,4,3,2,4,0.71,0.72,0.67,0.73
Mahurea,Calophyllaceae,Malpighiales,Angiosperms,4,2,2,3,0.61,0.62,0.59,0.62
Manilkara,Sapotaceae,Ericales,Angiosperms,233,57,40,97,0.82,0.82,0.67,0.84
Maprounea,Euphorbiaceae,Malpighiales,Angiosperms,35,17,12,24,0.54,0.54,0.57,0.58
Matayba,Sapindaceae,Sapindales,Angiosperms,52,22,10,28,0.67,0.67,0.62,0.65
Mauritia,Arecaceae,Arecales,Angiosperms,1,1,1,1,0.88,0.88,0.76,1.3
Maytenus,Celastraceae,Celastrales,Angiosperms,79,30,17,39,0.69,0.69,0.65,0.7
Melicope,Rutaceae,Sapindales,Angiosperms,54,23,12,26,0.46,0.46,0.48,0.43
Metrodorea,Rutaceae,Sapindales,Angiosperms,29,9,2,12,0.71,0.72,0.65,0.69
Mezilaurus,Lauraceae,Laurales,Angiosperms,52,24,7,30,0.68,0.68,0.65,0.69
Miconia,Melastomataceae,Myrtales,Angiosperms,367,44,16,73,0.6,0.6,0.58,0.59
Micropholis,Sapotaceae,Ericales,Angiosperms,130,22,12,41,0.63,0.64,0.58,0.64
Mimosa,Fabaceae,Fabales,Angiosperms,57,15,6,21,0.71,0.71,0.66,0.77
Minquartia,Olacaceae,Santalales,Angiosperms,62,24,11,36,0.74,0.75,0.7,0.77
Mora,Fabaceae,Fabales,Angiosperms,41,13,9,18,0.75,0.75,0.64,0.79
Moronobea,Clusiaceae,Malpighiales,Angiosperms,23,8,5,8,0.67,0.67,0.63,0.73
Mouriri,Melastomataceae,Myrtales,Angiosperms,65,16,9,25,0.81,0.82,0.74,0.81
Myrcia,Myrtaceae,Myrtales,Angiosperms,177,37,17,46,0.73,0.74,0.69,0.74
Myrocarpus,Fabaceae,Fabales,Angiosperms,20,11,3,13,0.73,0.73,0.67,0.75
Myroxylon,Fabaceae,Fabales,Angiosperms,33,16,10,22,0.75,0.75,0.68,0.77
Nectandra,Lauraceae,Laurales,Angiosperms,110,34,17,53,0.52,0.52,0.52,0.52
Ochroma,Malvaceae,Malvales,Angiosperms,42,22,17,28,0.31,0.32,0.39,0.19
Ocotea,Lauraceae,Laurales,Angiosperms,548,79,25,126,0.53,0.53,0.55,0.52
Onychopetalum,Annonaceae,Magnoliales,Angiosperms,9,7,2,7,0.53,0.53,0.51,0.56
Ormosia,Fabaceae,Fabales,Angiosperms,145,43,20,58,0.58,0.58,0.53,0.58
Ouratea,Ochnaceae,Malpighiales,Angiosperms,69,23,11,30,0.72,0.72,0.66,0.7
Pachira,Malvaceae,Malvales,Angiosperms,63,23,12,31,0.47,0.47,0.5,0.48
Paratecoma,Bignoniaceae,Lamiales,Angiosperms,7,6,2,6,0.59,0.59,0.57,0.65
Parinari,Chrysobalanaceae,Malpighiales,Angiosperms,109,38,31,59,0.67,0.67,0.64,0.66
Parkia,Fabaceae,Fabales,Angiosperms,191,40,32,72,0.46,0.46,0.57,0.44
Paubrasilia,Fabaceae,Fabales,Angiosperms,4,3,2,3,0.78,0.78,0.7,0.88
Peltogyne,Fabaceae,Fabales,Angiosperms,139,29,13,49,0.78,0.79,0.69,0.8
Peltophorum,Fabaceae,Fabales,Angiosperms,45,19,17,29,0.59,0.59,0.53,0.59
Pera,Peraceae,Malpighiales,Angiosperms,59,15,7,28,0.7,0.71,0.66,0.68
Piptadenia,Fabaceae,Fabales,Angiosperms,55,19,3,20,0.64,0.64,0.61,0.69
Plathymenia,Fabaceae,Fabales,Angiosperms,11,6,2,7,0.61,0.6,0.59,0.56
Platonia,Clusiaceae,Malpighiales,Angiosperms,22,9,5,10,0.66,0.66,0.62,0.7
Platycyamus,Fabaceae,Fabales,Angiosperms,4,4,1,4,0.67,0.67,0.62,0.71
Platymiscium,Fabaceae,Fabales,Angiosperms,77,29,14,40,0.7,0.71,0.66,0.74
Platypodium,Fabaceae,Fabales,Angiosperms,21,10,6,12,0.7,0.71,0.68,0.72
Plenckia,Celastraceae,Celastrales,Angiosperms,3,3,1,3,0.64,0.65,0.61,0.63
Podocarpus,Podocarpaceae,Cupressales,Gymnosperms,93,42,28,52,0.49,0.49,0.53,0.49
Cenostigma,Fabaceae,Fabales,Angiosperms,148,23,6,26,0.75,0.76,0.69,0.73
Pourouma,Urticaceae,Rosales,Angiosperms,187,27,11,62,0.42,0.41,0.5,0.42
Pouteria,Sapotaceae,Ericales,Angiosperms,600,75,35,164,0.7,0.71,0.64,0.71
Pradosia,Sapotaceae,Ericales,Angiosperms,66,15,7,34,0.68,0.69,0.64,0.64
Neltuma,Fabaceae,Fabales,Angiosperms,61,21,13,28,0.72,0.73,0.67,0.72
Protium,Burseraceae,Sapindales,Angiosperms,567,50,19,129,0.57,0.56,0.56,0.59
Pseudobombax,Malvaceae,Malvales,Angiosperms,42,26,10,30,0.32,0.31,0.36,0.3
Pterocarpus,Fabaceae,Fabales,Angiosperms,319,59,51,117,0.65,0.65,0.65,0.62
Pterodon,Fabaceae,Fabales,Angiosperms,10,7,2,7,0.72,0.73,0.66,0.75
Pterogyne,Fabaceae,Fabales,Angiosperms,19,13,5,16,0.67,0.67,0.63,0.67
Qualea,Vochysiaceae,Myrtales,Angiosperms,131,37,9,42,0.62,0.62,0.59,0.61
Rhamnidium,Rhamnaceae,Rosales,Angiosperms,7,7,4,7,0.65,0.66,0.59,0.61
Rhizophora,Rhizophoraceae,Malpighiales,Angiosperms,68,27,30,42,0.81,0.82,0.69,0.82
Roupala,Proteaceae,Proteales,Angiosperms,48,14,8,19,0.68,0.68,0.63,0.71
Salacia,Celastraceae,Celastrales,Angiosperms,87,8,11,14,0.64,0.64,0.61,0.63
Salvertia,Vochysiaceae,Myrtales,Angiosperms,6,4,1,4,0.61,0.61,0.58,0.61
Sapindus,Sapindaceae,Sapindales,Angiosperms,49,20,18,30,0.68,0.68,0.63,0.64
Didymopanax,Araliaceae,Apiales,Angiosperms,106,39,14,55,0.52,0.52,0.53,0.45
Schinopsis,Anacardiaceae,Sapindales,Angiosperms,24,13,4,16,0.87,0.88,0.76,0.93
Schizolobium,Fabaceae,Fabales,Angiosperms,37,23,12,27,0.42,0.42,0.46,0.39
Scleronema,Malvaceae,Malvales,Angiosperms,38,15,3,18,0.55,0.55,0.55,0.6
Senegalia,Fabaceae,Fabales,Angiosperms,220,49,32,82,0.7,0.7,0.67,0.69
Senna,Fabaceae,Fabales,Angiosperms,102,40,30,54,0.59,0.58,0.59,0.62
Sextonia,Lauraceae,Laurales,Angiosperms,55,18,6,20,0.54,0.54,0.54,0.55
Simaba,Simaroubaceae,Sapindales,Angiosperms,18,8,5,9,0.45,0.45,0.49,0.44
Simarouba,Simaroubaceae,Sapindales,Angiosperms,160,47,20,69,0.45,0.45,0.48,0.39
Siphoneugena,Myrtaceae,Myrtales,Angiosperms,7,5,2,5,0.75,0.76,0.69,0.77
Sloanea,Elaeocarpaceae,Oxalidales,Angiosperms,200,45,26,72,0.63,0.63,0.57,0.64
Sohnreyia,Rutaceae,Sapindales,Angiosperms,1,1,1,1,0.58,0.59,0.57,0.52
Spondias,Anacardiaceae,Sapindales,Angiosperms,117,49,25,74,0.39,0.39,0.43,0.38
Staminodianthus,Fabaceae,Fabales,Angiosperms,1,1,1,1,0.7,0.7,0.65,0.77
Sterculia,Malvaceae,Malvales,Angiosperms,301,66,52,115,0.42,0.42,0.48,0.44
Swartzia,Fabaceae,Fabales,Angiosperms,219,35,14,63,0.76,0.77,0.67,0.79
Sweetia,Fabaceae,Fabales,Angiosperms,17,11,3,15,0.74,0.73,0.65,0.78
Swietenia,Meliaceae,Sapindales,Angiosperms,138,29,22,48,0.55,0.55,0.55,0.5
Syagrus,Arecaceae,Arecales,Angiosperms,4,4,2,4,0.62,0.62,0.58,0.74
Symphonia,Clusiaceae,Malpighiales,Angiosperms,166,33,22,53,0.6,0.61,0.61,0.59
Symplocos,Symplocaceae,Ericales,Angiosperms,212,44,22,51,0.52,0.53,0.49,0.52
Tabebuia,Bignoniaceae,Lamiales,Angiosperms,82,30,20,47,0.58,0.59,0.55,0.57
Tachigali,Fabaceae,Fabales,Angiosperms,249,39,11,72,0.57,0.56,0.6,0.58
Talisia,Sapindaceae,Sapindales,Angiosperms,66,20,12,30,0.78,0.79,0.7,0.8
Tapirira,Anacardiaceae,Sapindales,Angiosperms,112,30,13,43,0.54,0.53,0.55,0.48
Taralea,Fabaceae,Fabales,Angiosperms,11,7,6,9,0.74,0.75,0.67,0.8
Tovomita,Clusiaceae,Malpighiales,Angiosperms,55,12,10,17,0.74,0.74,0.71,0.72
Trema,Cannabaceae,Rosales,Angiosperms,89,38,28,57,0.38,0.38,0.4,0.36
Triplaris,Polygonaceae,Caryophyllales,Angiosperms,45,22,11,28,0.52,0.52,0.51,0.49
Unonopsis,Annonaceae,Magnoliales,Angiosperms,47,15,10,23,0.55,0.55,0.53,0.56
Vachellia,Fabaceae,Fabales,Angiosperms,121,31,30,58,0.73,0.73,0.67,0.75
Vantanea,Humiriaceae,Malpighiales,Angiosperms,35,14,7,18,0.78,0.78,0.7,0.81
Vatairea,Fabaceae,Fabales,Angiosperms,48,23,11,27,0.65,0.65,0.57,0.65
Vataireopsis,Fabaceae,Fabales,Angiosperms,16,9,2,10,0.6,0.6,0.59,0.6
Virola,Myristicaceae,Magnoliales,Angiosperms,349,52,15,106,0.47,0.47,0.5,0.48
Vitex,Lamiaceae,Lamiales,Angiosperms,223,55,45,104,0.57,0.57,0.55,0.55
Vochysia,Vochysiaceae,Myrtales,Angiosperms,273,57,18,83,0.46,0.46,0.49,0.43
Vouacapoua,Fabaceae,Fabales,Angiosperms,37,15,6,18,0.74,0.75,0.68,0.78
Xylopia,Annonaceae,Magnoliales,Angiosperms,433,50,27,99,0.6,0.6,0.56,0.58
Zanthoxylum,Rutaceae,Sapindales,Angiosperms,343,76,50,120,0.6,0.6,0.56,0.56
Zeyheria,Bignoniaceae,Lamiales,Angiosperms,10,9,3,10,0.61,0.62,0.59,0.63
Ziziphus,Rhamnaceae,Rosales,Angiosperms,55,21,20,37,0.63,0.63,0.61,0.63
Sarcomphalus,Rhamnaceae,Rosales,Angiosperms,21,14,8,18,0.77,0.77,0.69,0.77
Zollernia,Fabaceae,Fabales,Angiosperms,14,6,1,6,0.87,0.87,0.76,0.97
Zygia,Fabaceae,Fabales,Angiosperms,88,24,9,35,0.73,0.74,0.68,0.76
Acosmium,Fabaceae,Fabales,Angiosperms,7,7,3,7,0.69,0.7,0.65,0.71
Actinostemon,Euphorbiaceae,Malpighiales,Angiosperms,7,6,2,6,0.68,0.68,0.63,0.74
Allophylus,Sapindaceae,Sapindales,Angiosperms,125,31,28,52,0.57,0.57,0.55,0.57
Ampelocera,Ulmaceae,Rosales,Angiosperms,35,21,12,26,0.68,0.68,0.63,0.67
Amphiodon,Fabaceae,Fabales,Angiosperms,4,3,2,3,0.67,0.68,0.63,0.69
Attalea,Arecaceae,Arecales,Angiosperms,4,4,4,4,0.44,0.44,0.46,0.39
Batocarpus,Moraceae,Rosales,Angiosperms,17,9,5,11,0.56,0.56,0.54,0.55
Bocageopsis,Annonaceae,Magnoliales,Angiosperms,22,11,5,12,0.57,0.56,0.55,0.59
Bougainvillea,Nyctaginaceae,Caryophyllales,Angiosperms,7,7,4,7,0.52,0.52,0.52,0.54
Morisonia,Capparaceae,Brassicales,Angiosperms,84,20,11,25,0.66,0.67,0.62,0.67
Casearia,Salicaceae,Malpighiales,Angiosperms,258,67,28,98,0.61,0.61,0.61,0.6
Chaetocarpus,Peraceae,Malpighiales,Angiosperms,23,14,9,16,0.73,0.73,0.67,0.82
Chimarrhis,Rubiaceae,Gentianales,Angiosperms,41,10,11,17,0.65,0.66,0.59,0.65
Chlorocardium,Lauraceae,Laurales,Angiosperms,18,11,4,12,0.7,0.71,0.64,0.86
Cochlospermum,Bixaceae,Malvales,Angiosperms,37,21,11,25,0.29,0.28,0.34,0.27
Combretum,Combretaceae,Myrtales,Angiosperms,205,32,27,59,0.65,0.65,0.62,0.66
Commiphora,Burseraceae,Sapindales,Angiosperms,97,17,14,27,0.33,0.33,0.38,0.33
Couratari,Lecythidaceae,Ericales,Angiosperms,101,29,13,37,0.56,0.56,0.57,0.54
Dendropanax,Araliaceae,Apiales,Angiosperms,97,26,16,37,0.45,0.45,0.47,0.45
Eperua,Fabaceae,Fabales,Angiosperms,165,13,6,19,0.69,0.7,0.6,0.72
Erythrochiton,Rutaceae,Sapindales,Angiosperms,4,4,2,4,0.67,0.67,0.63,0.63
Ficus,Moraceae,Rosales,Angiosperms,634,105,56,160,0.43,0.43,0.46,0.42
Fusaea,Annonaceae,Magnoliales,Angiosperms,11,6,4,7,0.61,0.6,0.56,0.66
Galipea,Rutaceae,Sapindales,Angiosperms,7,6,4,7,0.66,0.66,0.62,0.7
Gallesia,Petiveriaceae,Caryophyllales,Angiosperms,20,13,5,18,0.5,0.5,0.5,0.48
Geissospermum,Apocynaceae,Gentianales,Angiosperms,18,8,3,10,0.69,0.69,0.63,0.74
Guibourtia,Fabaceae,Fabales,Angiosperms,119,17,21,41,0.78,0.78,0.7,0.74
Heliocarpus,Malvaceae,Malvales,Angiosperms,33,18,12,26,0.3,0.3,0.37,0.26
Hevea,Euphorbiaceae,Malpighiales,Angiosperms,61,25,18,37,0.5,0.5,0.52,0.51
Iryanthera,Myristicaceae,Magnoliales,Angiosperms,121,23,10,52,0.57,0.58,0.53,0.62
Jacaratia,Caricaceae,Brassicales,Angiosperms,20,13,6,14,0.22,0.22,0.31,0.18
Licania,Chrysobalanaceae,Malpighiales,Angiosperms,199,35,13,69,0.8,0.81,0.72,0.81
Hymenopus,Chrysobalanaceae,Malpighiales,Angiosperms,60,17,9,27,0.75,0.75,0.72,0.72
Licaria,Lauraceae,Laurales,Angiosperms,100,30,14,37,0.7,0.7,0.66,0.75
Steinbachiella,Fabaceae,Fabales,Angiosperms,1,1,1,1,0.69,0.69,0.64,0.75
Manihot,Euphorbiaceae,Malpighiales,Angiosperms,10,7,3,8,0.42,0.42,0.45,0.4
Maquira,Moraceae,Rosales,Angiosperms,75,17,9,31,0.57,0.57,0.55,0.57
Margaritaria,Phyllanthaceae,Malpighiales,Angiosperms,57,20,24,37,0.66,0.66,0.61,0.65
Plinia,Myrtaceae,Myrtales,Angiosperms,20,13,7,14,0.74,0.74,0.69,0.76
Neea,Nyctaginaceae,Caryophyllales,Angiosperms,52,17,10,26,0.51,0.51,0.53,0.51
Oxandra,Annonaceae,Magnoliales,Angiosperms,51,13,11,21,0.69,0.7,0.63,0.74
Paypayrola,Violaceae,Malpighiales,Angiosperms,8,6,5,7,0.54,0.53,0.53,0.56
Tabernaemontana,Apocynaceae,Gentianales,Angiosperms,110,38,33,58,0.51,0.51,0.5,0.51
Phyllostylon,Ulmaceae,Rosales,Angiosperms,16,10,8,13,0.7,0.7,0.65,0.75
Picramnia,Picramniaceae,Picramniales,Angiosperms,25,10,11,16,0.67,0.67,0.63,0.68
Lachesiodendron,Fabaceae,Fabales,Angiosperms,4,4,2,4,0.73,0.74,0.67,0.79
Pogonopus,Rubiaceae,Gentianales,Angiosperms,7,4,2,4,0.61,0.61,0.59,0.59
Pseudolmedia,Moraceae,Rosales,Angiosperms,201,34,14,82,0.65,0.65,0.58,0.63
Pseudopiptadenia,Fabaceae,Fabales,Angiosperms,37,18,6,24,0.64,0.63,0.63,0.63
Rinorea,Violaceae,Malpighiales,Angiosperms,153,23,18,48,0.64,0.64,0.61,0.65
Samanea,Fabaceae,Fabales,Angiosperms,32,17,15,22,0.56,0.56,0.56,0.54
Sandwithia,Euphorbiaceae,Malpighiales,Angiosperms,4,3,2,3,0.62,0.63,0.6,0.71
Sapium,Euphorbiaceae,Malpighiales,Angiosperms,129,44,22,60,0.43,0.43,0.45,0.41
Simira,Rubiaceae,Gentianales,Angiosperms,40,15,9,21,0.66,0.66,0.63,0.7
Solanum,Solanaceae,Solanales,Angiosperms,100,26,22,41,0.44,0.43,0.48,0.42
Gwilymia,Fabaceae,Fabales,Angiosperms,18,11,4,13,0.61,0.61,0.57,0.54
Geissanthus,Primulaceae,Ericales,Angiosperms,7,6,3,6,0.63,0.63,0.6,0.57
Tapura,Dichapetalaceae,Malpighiales,Angiosperms,42,12,12,22,0.64,0.65,0.61,0.64
Trattinnickia,Burseraceae,Sapindales,Angiosperms,87,26,11,44,0.48,0.48,0.52,0.49
Urera,Urticaceae,Rosales,Angiosperms,16,9,5,12,0.33,0.33,0.39,0.3
Ximenia,Olacaceae,Santalales,Angiosperms,21,14,13,20,0.68,0.68,0.64,0.7
Abarema,Fabaceae,Fabales,Angiosperms,3,2,2,2,0.67,0.68,0.63,0.67
Acanthocladus,Polygalaceae,Fabales,Angiosperms,1,1,1,1,0.69,0.69,0.64,0.8
Aegiphila,Lamiaceae,Lamiales,Angiosperms,37,14,7,18,0.42,0.42,0.45,0.4
Agarista,Ericaceae,Ericales,Angiosperms,14,6,5,8,0.6,0.61,0.56,0.59
Balizia,Fabaceae,Fabales,Angiosperms,46,16,11,22,0.5,0.51,0.53,0.49
Albizia,Fabaceae,Fabales,Angiosperms,452,67,61,126,0.55,0.55,0.56,0.54
Alseis,Rubiaceae,Gentianales,Angiosperms,58,12,8,31,0.62,0.63,0.57,0.57
Anaxagorea,Annonaceae,Magnoliales,Angiosperms,27,6,7,10,0.56,0.56,0.56,0.58
Andradea,Nyctaginaceae,Caryophyllales,Angiosperms,1,1,1,1,0.55,0.55,0.54,0.64
Aparisthmium,Euphorbiaceae,Malpighiales,Angiosperms,12,6,5,9,0.5,0.5,0.51,0.48
Banara,Salicaceae,Malpighiales,Angiosperms,26,15,6,15,0.6,0.6,0.58,0.58
Barnebydendron,Fabaceae,Fabales,Angiosperms,3,3,3,3,0.53,0.53,0.53,0.42
Bauhinia,Fabaceae,Fabales,Angiosperms,160,32,16,44,0.64,0.64,0.58,0.61
Beilschmiedia,Lauraceae,Laurales,Angiosperms,196,41,31,65,0.57,0.57,0.56,0.56
Brasiliocroton,Euphorbiaceae,Malpighiales,Angiosperms,2,2,1,2,0.65,0.65,0.6,0.78
Buchenavia,Combretaceae,Myrtales,Angiosperms,1,1,1,1,0.69,0.69,0.64,0.76
Campomanesia,Myrtaceae,Myrtales,Angiosperms,29,12,4,15,0.7,0.71,0.63,0.68
Carpotroche,Achariaceae,Malpighiales,Angiosperms,5,3,3,4,0.54,0.54,0.54,0.55
Caryodendron,Euphorbiaceae,Malpighiales,Angiosperms,9,4,3,5,0.61,0.61,0.58,0.6
Piparea,Salicaceae,Malpighiales,Angiosperms,16,8,5,10,0.66,0.66,0.64,0.67
Cathedra,Olacaceae,Santalales,Angiosperms,7,5,4,6,0.7,0.71,0.65,0.73
Chionanthus,Oleaceae,Lamiales,Angiosperms,42,24,18,27,0.72,0.72,0.65,0.71
Citharexylum,Verbenaceae,Lamiales,Angiosperms,21,13,9,15,0.55,0.56,0.55,0.58
Citronella,Cardiopteridaceae,Aquifoliales,Angiosperms,23,14,7,16,0.6,0.6,0.58,0.59
Clusia,Clusiaceae,Malpighiales,Angiosperms,58,17,13,30,0.6,0.6,0.61,0.61
Coccoloba,Polygonaceae,Caryophyllales,Angiosperms,109,24,16,38,0.65,0.65,0.61,0.66
Connarus,Connaraceae,Oxalidales,Angiosperms,39,11,9,14,0.59,0.59,0.55,0.57
Coussapoa,Urticaceae,Rosales,Angiosperms,28,10,6,14,0.46,0.46,0.49,0.48
Coutarea,Rubiaceae,Gentianales,Angiosperms,8,2,2,2,0.62,0.63,0.6,0.62
Crateva,Capparaceae,Brassicales,Angiosperms,31,12,15,20,0.49,0.49,0.5,0.44
Cunuria,unknown_1,"","",2,1,1,1,0.6,0.6,0.57,0.64
Deguelia,Fabaceae,Fabales,Angiosperms,9,6,5,7,0.6,0.6,0.58,0.6
Dictyoloma,Rutaceae,Sapindales,Angiosperms,2,2,1,2,0.59,0.57,0.57,0.52
Dilodendron,Sapindaceae,Sapindales,Angiosperms,6,4,3,5,0.67,0.68,0.61,0.68
Duroia,Rubiaceae,Gentianales,Angiosperms,62,13,7,27,0.68,0.68,0.63,0.68
Robrichia,Fabaceae,Fabales,Angiosperms,3,3,2,3,0.68,0.68,0.63,0.72
Erythroxylum,Erythroxylaceae,Malpighiales,Angiosperms,153,39,24,53,0.7,0.71,0.68,0.68
Syzygium,Myrtaceae,Myrtales,Angiosperms,527,71,46,115,0.65,0.65,0.62,0.64
Euterpe,Arecaceae,Arecales,Angiosperms,8,8,3,8,0.49,0.49,0.5,0.48
Exellodendron,Chrysobalanaceae,Malpighiales,Angiosperms,15,6,3,11,0.83,0.83,0.75,0.83
Exostyles,Fabaceae,Fabales,Angiosperms,1,1,1,1,0.69,0.69,0.64,0.76
Ferdinandusa,Rubiaceae,Gentianales,Angiosperms,22,8,4,11,0.64,0.64,0.6,0.58
Goniorrhachis,Fabaceae,Fabales,Angiosperms,4,4,1,4,0.73,0.74,0.67,0.78
Grazielodendron,Fabaceae,Fabales,Angiosperms,2,2,1,2,0.69,0.69,0.64,0.74
Guapira,Nyctaginaceae,Caryophyllales,Angiosperms,57,24,11,30,0.52,0.52,0.52,0.55
Guettarda,Rubiaceae,Gentianales,Angiosperms,49,22,16,30,0.63,0.63,0.6,0.61
Henriettea,Melastomataceae,Myrtales,Angiosperms,41,9,8,14,0.61,0.61,0.6,0.61
Himatanthus,Apocynaceae,Gentianales,Angiosperms,115,16,8,48,0.52,0.52,0.48,0.52
Hortia,Rutaceae,Sapindales,Angiosperms,13,9,5,9,0.75,0.76,0.69,0.77
Huberia,Melastomataceae,Myrtales,Angiosperms,2,2,1,2,0.55,0.55,0.54,0.62
Humiriastrum,Humiriaceae,Malpighiales,Angiosperms,33,15,8,16,0.69,0.69,0.64,0.7
Hydrogaster,Malvaceae,Malvales,Angiosperms,3,3,1,3,0.47,0.48,0.49,0.47
Ilex,Aquifoliaceae,Aquifoliales,Angiosperms,300,64,37,91,0.58,0.58,0.55,0.56
Kielmeyera,Calophyllaceae,Malpighiales,Angiosperms,17,8,1,8,0.51,0.5,0.52,0.49
Lacistema,Lacistemataceae,Malpighiales,Angiosperms,11,7,5,7,0.55,0.55,0.53,0.55
Lacmellea,Apocynaceae,Gentianales,Angiosperms,40,14,11,19,0.51,0.51,0.51,0.53
Lacunaria,Ochnaceae,Malpighiales,Angiosperms,23,8,6,12,0.76,0.76,0.71,0.78
Ladenbergia,Rubiaceae,Gentianales,Angiosperms,7,3,4,5,0.54,0.54,0.54,0.52
Lafoensia,Lythraceae,Myrtales,Angiosperms,22,10,4,11,0.67,0.67,0.62,0.67
Lonchocarpus,Fabaceae,Fabales,Angiosperms,92,30,24,43,0.71,0.72,0.63,0.7
Macoubea,Apocynaceae,Gentianales,Angiosperms,14,6,5,7,0.44,0.44,0.47,0.41
Macrolobium,Fabaceae,Fabales,Angiosperms,40,14,8,22,0.6,0.61,0.58,0.61
Macrothumia,Salicaceae,Malpighiales,Angiosperms,1,1,1,1,0.63,0.64,0.61,0.7
Melanopsidium,Rubiaceae,Gentianales,Angiosperms,1,1,1,1,0.63,0.64,0.6,0.69
Melanoxylum,Fabaceae,Fabales,Angiosperms,6,5,2,5,0.79,0.79,0.71,0.92
Melicoccus,Sapindaceae,Sapindales,Angiosperms,23,12,7,15,0.77,0.78,0.71,0.8
Moldenhawera,Fabaceae,Fabales,Angiosperms,3,3,1,3,0.65,0.65,0.62,0.66
Mollinedia,Monimiaceae,Laurales,Angiosperms,9,7,2,7,0.55,0.55,0.53,0.56
Molopanthera,Rubiaceae,Gentianales,Angiosperms,2,2,1,2,0.64,0.65,0.61,0.68
Myrciaria,Myrtaceae,Myrtales,Angiosperms,17,8,5,9,0.78,0.79,0.71,0.79
Myrsine,Primulaceae,Ericales,Angiosperms,118,47,31,60,0.64,0.65,0.58,0.61
Naucleopsis,Moraceae,Rosales,Angiosperms,33,11,6,19,0.59,0.59,0.61,0.62
Neomitranthes,Myrtaceae,Myrtales,Angiosperms,3,2,1,2,0.76,0.76,0.69,0.79
Neoraputia,Rutaceae,Sapindales,Angiosperms,3,2,1,2,0.66,0.66,0.62,0.68
Parapiptadenia,Fabaceae,Fabales,Angiosperms,22,13,5,15,0.74,0.74,0.7,0.75
Pausandra,Euphorbiaceae,Malpighiales,Angiosperms,5,5,4,5,0.58,0.58,0.56,0.6
Pavonia,Malvaceae,Malvales,Angiosperms,8,3,3,3,0.45,0.46,0.47,0.41
Pisonia,Nyctaginaceae,Caryophyllales,Angiosperms,31,18,16,23,0.34,0.34,0.4,0.33
Poecilanthe,Fabaceae,Fabales,Angiosperms,5,4,1,4,0.81,0.81,0.72,0.84
Poeppigia,Fabaceae,Fabales,Angiosperms,9,7,5,8,0.66,0.67,0.64,0.66
Pogonophora,Peraceae,Malpighiales,Angiosperms,7,6,4,6,0.74,0.75,0.69,0.8
Allagoptera,Arecaceae,Arecales,Angiosperms,1,1,1,1,0.72,0.72,0.65,0.96
Posoqueria,Rubiaceae,Gentianales,Angiosperms,23,13,8,16,0.58,0.58,0.55,0.6
Prunus,Rosaceae,Rosales,Angiosperms,320,70,38,105,0.6,0.61,0.6,0.57
Pseudima,Sapindaceae,Sapindales,Angiosperms,6,4,2,4,0.62,0.62,0.6,0.58
Pseudoxandra,Annonaceae,Magnoliales,Angiosperms,8,4,3,5,0.56,0.56,0.55,0.55
Psidium,Myrtaceae,Myrtales,Angiosperms,59,25,16,32,0.72,0.73,0.7,0.72
Psychotria,Rubiaceae,Gentianales,Angiosperms,119,28,21,33,0.55,0.55,0.56,0.53
Quararibea,Malvaceae,Malvales,Angiosperms,38,16,10,20,0.52,0.52,0.5,0.51
Randia,Rubiaceae,Gentianales,Angiosperms,26,11,10,14,0.67,0.67,0.63,0.69
Rauia,Rutaceae,Sapindales,Angiosperms,1,1,1,1,0.67,0.68,0.63,0.72
Rauvolfia,Apocynaceae,Gentianales,Angiosperms,56,15,18,26,0.53,0.53,0.5,0.49
Ravenia,Rutaceae,Sapindales,Angiosperms,2,2,2,2,0.68,0.68,0.64,0.76
Rhodostemonodaphne,Lauraceae,Laurales,Angiosperms,25,8,4,9,0.48,0.46,0.5,0.43
Ruprechtia,Polygonaceae,Caryophyllales,Angiosperms,20,12,6,13,0.58,0.58,0.57,0.59
Schoepfia,Schoepfiaceae,Santalales,Angiosperms,15,8,9,9,0.63,0.63,0.62,0.62
Gymnanthes,Euphorbiaceae,Malpighiales,Angiosperms,4,4,4,4,0.75,0.75,0.67,0.91
Senefeldera,Euphorbiaceae,Malpighiales,Angiosperms,2,2,1,2,0.6,0.6,0.57,0.68
Homalolepis,Simaroubaceae,Sapindales,Angiosperms,14,7,4,8,0.46,0.46,0.49,0.49
Siparuna,Siparunaceae,Laurales,Angiosperms,38,15,8,18,0.57,0.57,0.56,0.58
Sorocea,Moraceae,Rosales,Angiosperms,35,14,9,22,0.62,0.63,0.59,0.62
Sparattosperma,Bignoniaceae,Lamiales,Angiosperms,4,4,1,4,0.52,0.52,0.52,0.54
Stephanopodium,Dichapetalaceae,Malpighiales,Angiosperms,1,1,1,1,0.62,0.62,0.59,0.67
Styrax,Styracaceae,Ericales,Angiosperms,69,32,19,43,0.47,0.47,0.47,0.45
Ternstroemia,Pentaphylacaceae,Ericales,Angiosperms,43,17,17,25,0.6,0.61,0.6,0.61
Thyrsodium,Anacardiaceae,Sapindales,Angiosperms,23,9,2,9,0.56,0.56,0.56,0.57
Tocoyena,Rubiaceae,Gentianales,Angiosperms,13,4,4,5,0.6,0.61,0.58,0.62
Toulicia,Sapindaceae,Sapindales,Angiosperms,12,9,6,10,0.64,0.64,0.6,0.63
Trichilia,Meliaceae,Sapindales,Angiosperms,302,48,32,94,0.61,0.61,0.61,0.58
Trigoniodendron,Trigoniaceae,Malpighiales,Angiosperms,1,1,1,1,0.65,0.66,0.62,0.67
Vernonanthura,Asteraceae,Asterales,Angiosperms,17,8,4,10,0.47,0.46,0.46,0.42
Bicuiba,Myristicaceae,Magnoliales,Angiosperms,2,2,1,2,0.49,0.49,0.49,0.5
Vismia,Hypericaceae,Malpighiales,Angiosperms,77,15,8,20,0.53,0.53,0.53,0.5
Desmos,Annonaceae,Magnoliales,Angiosperms,1,1,1,1,0.61,0.61,0.58,0.7
Xylosma,Salicaceae,Malpighiales,Angiosperms,24,12,9,15,0.65,0.65,0.62,0.66
Archidendron,Fabaceae,Fabales,Angiosperms,31,11,10,14,0.45,0.46,0.5,0.44
Pararchidendron,Fabaceae,Fabales,Angiosperms,3,1,1,1,0.55,0.55,0.55,0.51
Acacia,Fabaceae,Fabales,Angiosperms,667,49,33,130,0.71,0.71,0.66,0.68
Aceratium,Elaeocarpaceae,Oxalidales,Angiosperms,6,2,2,2,0.52,0.53,0.53,0.53
Ackama,Cunoniaceae,Oxalidales,Angiosperms,11,4,1,4,0.52,0.52,0.52,0.5
Acradenia,Rutaceae,Sapindales,Angiosperms,3,2,1,2,0.68,0.68,0.64,0.7
Acronychia,Rutaceae,Sapindales,Angiosperms,46,13,6,18,0.56,0.56,0.54,0.53
Sarcomelicope,Rutaceae,Sapindales,Angiosperms,8,4,2,5,0.7,0.7,0.65,0.74
Actephila,Phyllanthaceae,Malpighiales,Angiosperms,1,1,1,1,0.63,0.63,0.6,0.63
Ailanthus,Simaroubaceae,Sapindales,Angiosperms,32,19,14,23,0.44,0.45,0.47,0.45
Cynometra,Fabaceae,Fabales,Angiosperms,95,24,25,44,0.76,0.76,0.68,0.74
Intsia,Fabaceae,Fabales,Angiosperms,50,13,12,22,0.67,0.67,0.63,0.66
Agathis,Araucariaceae,Cupressales,Gymnosperms,64,15,9,18,0.44,0.44,0.48,0.47
Aidia,Rubiaceae,Gentianales,Angiosperms,42,13,14,17,0.73,0.73,0.69,0.73
Akania,Akaniaceae,Brassicales,Angiosperms,4,2,1,2,0.52,0.53,0.53,0.52
Alangium,Cornaceae,Cornales,Angiosperms,49,15,13,19,0.61,0.62,0.58,0.56
Heliodendron,Fabaceae,Fabales,Angiosperms,7,3,1,3,0.72,0.73,0.67,0.78
Falcataria,Fabaceae,Fabales,Angiosperms,26,12,13,17,0.48,0.48,0.5,0.35
Aleurites,Euphorbiaceae,Malpighiales,Angiosperms,35,17,9,20,0.4,0.4,0.39,0.36
Allocasuarina,Casuarinaceae,Fagales,Angiosperms,51,16,3,21,0.73,0.73,0.7,0.73
Alphitonia,Rhamnaceae,Rosales,Angiosperms,39,19,8,25,0.57,0.58,0.53,0.55
Alstonia,Apocynaceae,Gentianales,Angiosperms,153,42,23,62,0.49,0.49,0.47,0.41
Anthocarapa,Meliaceae,Sapindales,Angiosperms,10,5,2,5,0.63,0.64,0.6,0.69
Amorphospermum,Sapotaceae,Ericales,Angiosperms,3,2,1,2,0.66,0.67,0.62,0.67
Angophora,Myrtaceae,Myrtales,Angiosperms,22,9,1,9,0.66,0.67,0.61,0.64
Antidesma,Phyllanthaceae,Malpighiales,Angiosperms,68,16,20,28,0.62,0.63,0.6,0.6
Antiaris,Moraceae,Rosales,Angiosperms,66,21,23,40,0.41,0.41,0.44,0.37
Aphananthe,Cannabaceae,Rosales,Angiosperms,18,11,8,13,0.61,0.61,0.59,0.6
Apodytes,Metteniusaceae,Metteniusales,Angiosperms,31,10,13,17,0.6,0.6,0.58,0.62
Archidendropsis,Fabaceae,Fabales,Angiosperms,12,5,3,5,0.56,0.56,0.56,0.55
Archontophoenix,Arecaceae,Arecales,Angiosperms,3,2,1,2,0.71,0.72,0.65,0.82
Heritiera,Malvaceae,Malvales,Angiosperms,171,36,22,55,0.68,0.68,0.62,0.64
Arytera,Sapindaceae,Sapindales,Angiosperms,13,7,3,7,0.7,0.71,0.65,0.73
Atalaya,Sapindaceae,Sapindales,Angiosperms,4,2,2,2,0.69,0.69,0.64,0.71
Athertonia,Proteaceae,Proteales,Angiosperms,4,2,1,2,0.55,0.56,0.55,0.54
Austromuellera,Proteaceae,Proteales,Angiosperms,3,3,1,3,0.59,0.6,0.57,0.59
Gossia,Myrtaceae,Myrtales,Angiosperms,7,6,3,6,0.74,0.76,0.69,0.75
Avicennia,Acanthaceae,Lamiales,Angiosperms,386,22,31,39,0.64,0.64,0.59,0.52
Backhousia,Myrtaceae,Myrtales,Angiosperms,14,6,1,6,0.8,0.81,0.72,0.82
Balanops,Balanopaceae,Malpighiales,Angiosperms,6,4,2,4,0.65,0.65,0.61,0.71
Baloghia,Euphorbiaceae,Malpighiales,Angiosperms,7,4,2,5,0.54,0.54,0.53,0.6
Banksia,Proteaceae,Proteales,Angiosperms,47,13,2,17,0.59,0.56,0.58,0.59
Barringtonia,Lecythidaceae,Ericales,Angiosperms,42,15,14,19,0.51,0.51,0.52,0.46
Lysiphyllum,Fabaceae,Fabales,Angiosperms,14,3,3,4,0.83,0.83,0.74,0.76
Bischofia,Phyllanthaceae,Malpighiales,Angiosperms,30,17,12,19,0.6,0.6,0.56,0.54
Bleasdalea,Proteaceae,Proteales,Angiosperms,3,2,2,2,0.54,0.54,0.54,0.51
Blepharocarya,Anacardiaceae,Sapindales,Angiosperms,3,3,2,3,0.51,0.51,0.52,0.47
Bombax,Malvaceae,Malvales,Angiosperms,87,28,26,48,0.34,0.34,0.4,0.35
Bosistoa,Rutaceae,Sapindales,Angiosperms,2,2,1,2,0.73,0.73,0.67,0.76
Brachychiton,Malvaceae,Malvales,Angiosperms,23,11,2,12,0.4,0.39,0.43,0.39
Brackenridgea,Ochnaceae,Malpighiales,Angiosperms,6,5,3,5,0.72,0.72,0.68,0.72
Heptapleurum,Araliaceae,Apiales,Angiosperms,23,12,6,13,0.4,0.41,0.45,0.38
Bridelia,Phyllanthaceae,Malpighiales,Angiosperms,113,26,22,41,0.57,0.57,0.56,0.53
Brombya,Rutaceae,Sapindales,Angiosperms,13,6,1,6,0.6,0.61,0.56,0.59
Bruguiera,Rhizophoraceae,Malpighiales,Angiosperms,33,13,12,18,0.74,0.74,0.63,0.74
Zygogynum,Winteraceae,Canellales,Angiosperms,10,3,2,6,0.54,0.53,0.54,0.52
Buchanania,Anacardiaceae,Sapindales,Angiosperms,42,18,9,23,0.47,0.48,0.49,0.48
Buckinghamia,Proteaceae,Proteales,Angiosperms,3,3,1,3,0.68,0.69,0.64,0.76
Canarium,Burseraceae,Sapindales,Angiosperms,251,42,27,68,0.49,0.5,0.49,0.46
Erythrophleum,Fabaceae,Fabales,Angiosperms,146,28,24,52,0.76,0.78,0.78,0.8
Guilfoylia,Surianaceae,Fabales,Angiosperms,2,1,1,1,0.74,0.75,0.69,0.77
Cadellia,Surianaceae,Fabales,Angiosperms,1,1,1,1,0.81,0.81,0.73,0.91
Callicoma,Cunoniaceae,Oxalidales,Angiosperms,3,3,1,3,0.5,0.51,0.51,0.43
Melaleuca,Myrtaceae,Myrtales,Angiosperms,128,30,13,40,0.68,0.69,0.63,0.65
Callitris,Cupressaceae,Cupressales,Gymnosperms,63,13,7,32,0.57,0.56,0.59,0.6
Mammea,Calophyllaceae,Malpighiales,Angiosperms,108,13,18,27,0.72,0.73,0.69,0.7
Cananga,Annonaceae,Magnoliales,Angiosperms,13,10,8,11,0.41,0.41,0.45,0.36
Psydrax,Rubiaceae,Gentianales,Angiosperms,43,15,18,25,0.65,0.65,0.63,0.66
Capparis,Capparaceae,Brassicales,Angiosperms,29,14,15,17,0.64,0.64,0.6,0.63
Carallia,Rhizophoraceae,Malpighiales,Angiosperms,44,17,11,23,0.66,0.66,0.62,0.66
Xylocarpus,Meliaceae,Sapindales,Angiosperms,23,10,12,16,0.58,0.58,0.57,0.58
Cardwellia,Proteaceae,Proteales,Angiosperms,18,10,2,11,0.56,0.56,0.55,0.53
Carnarvonia,Proteaceae,Proteales,Angiosperms,2,2,1,2,0.58,0.59,0.57,0.58
Elaeodendron,Celastraceae,Celastrales,Angiosperms,28,10,13,20,0.69,0.69,0.64,0.69
Castanospermum,Fabaceae,Fabales,Angiosperms,18,10,3,12,0.61,0.61,0.57,0.57
Castanospora,Sapindaceae,Sapindales,Angiosperms,2,2,1,2,0.63,0.63,0.6,0.6
Casuarina,Casuarinaceae,Fagales,Angiosperms,91,21,21,47,0.78,0.79,0.71,0.75
Toona,Meliaceae,Sapindales,Angiosperms,70,21,16,35,0.42,0.42,0.46,0.42
Denhamia,Celastraceae,Celastrales,Angiosperms,2,1,1,1,0.7,0.7,0.65,0.78
Ceodes,Nyctaginaceae,Caryophyllales,Angiosperms,8,2,4,4,0.33,0.34,0.4,0.24
Ceratopetalum,Cunoniaceae,Oxalidales,Angiosperms,16,8,2,9,0.54,0.54,0.54,0.51
Cerbera,Apocynaceae,Gentianales,Angiosperms,23,8,8,10,0.4,0.4,0.44,0.36
Ceriops,Rhizophoraceae,Malpighiales,Angiosperms,11,7,7,8,0.76,0.76,0.69,0.8
Chisocheton,Meliaceae,Sapindales,Angiosperms,14,8,6,8,0.52,0.52,0.53,0.49
Niemeyera,Sapotaceae,Ericales,Angiosperms,6,3,1,3,0.63,0.63,0.6,0.63
Cinnamomum,Lauraceae,Laurales,Angiosperms,186,36,17,50,0.47,0.48,0.47,0.47
Codonocarpus,Gyrostemonaceae,Brassicales,Angiosperms,4,3,1,3,0.31,0.32,0.38,0.32
Commersonia,Malvaceae,Malvales,Angiosperms,8,5,4,6,0.43,0.43,0.46,0.39
Corynocarpus,Corynocarpaceae,Cucurbitales,Angiosperms,9,5,4,5,0.56,0.56,0.55,0.53
Croton,Euphorbiaceae,Malpighiales,Angiosperms,358,59,42,95,0.55,0.55,0.53,0.57
Endiandra,Lauraceae,Laurales,Angiosperms,76,22,7,24,0.62,0.63,0.59,0.64
Elattostachys,Sapindaceae,Sapindales,Angiosperms,8,4,3,5,0.64,0.64,0.61,0.64
Cupaniopsis,Sapindaceae,Sapindales,Angiosperms,16,7,3,7,0.7,0.71,0.65,0.71
Doryphora,Atherospermataceae,Laurales,Angiosperms,19,12,2,13,0.48,0.48,0.51,0.47
Daphnandra,Atherospermataceae,Laurales,Angiosperms,6,4,1,4,0.52,0.53,0.51,0.54
Darlingia,Proteaceae,Proteales,Angiosperms,9,4,1,4,0.57,0.58,0.58,0.58
Decaspermum,Myrtaceae,Myrtales,Angiosperms,8,3,3,5,0.68,0.68,0.63,0.67
Dendrocnide,Urticaceae,Rosales,Angiosperms,14,6,2,9,0.24,0.23,0.3,0.21
Deplanchea,Bignoniaceae,Lamiales,Angiosperms,11,8,5,8,0.48,0.49,0.5,0.46
Dysoxylum,Meliaceae,Sapindales,Angiosperms,118,26,14,34,0.62,0.62,0.55,0.6
Dillenia,Dilleniaceae,Dilleniales,Angiosperms,66,20,12,28,0.61,0.62,0.58,0.6
Diploglottis,Sapindaceae,Sapindales,Angiosperms,5,3,1,3,0.69,0.7,0.65,0.67
Dissiliaria,Picrodendraceae,Malpighiales,Angiosperms,5,4,1,4,0.77,0.78,0.71,0.77
Dryadodaphne,Atherospermataceae,Laurales,Angiosperms,2,2,2,2,0.51,0.51,0.51,0.51
Normanbya,Arecaceae,Arecales,Angiosperms,4,2,1,2,0.78,0.78,0.7,1
Duboisia,Solanaceae,Solanales,Angiosperms,9,7,2,8,0.53,0.52,0.49,0.44
Ehretia,Boraginaceae,Boraginales,Angiosperms,50,17,17,23,0.54,0.55,0.54,0.51
Elaeocarpus,Elaeocarpaceae,Oxalidales,Angiosperms,177,42,18,55,0.52,0.52,0.54,0.49
Alloxylon,Proteaceae,Proteales,Angiosperms,7,6,4,6,0.52,0.53,0.53,0.47
Emmenosperma,Rhamnaceae,Rosales,Angiosperms,5,5,3,5,0.73,0.73,0.67,0.73
Endospermum,Euphorbiaceae,Malpighiales,Angiosperms,35,16,11,24,0.39,0.39,0.43,0.37
Eremophila,Scrophulariaceae,Lamiales,Angiosperms,13,5,1,5,0.65,0.66,0.63,0.74
Erythrina,Fabaceae,Fabales,Angiosperms,112,38,37,65,0.29,0.28,0.37,0.28
Corymbia,Myrtaceae,Myrtales,Angiosperms,330,24,7,44,0.76,0.78,0.63,0.62
Eucalyptus,Myrtaceae,Myrtales,Angiosperms,2172,53,27,195,0.75,0.76,0.67,0.67
Dinosperma,Rutaceae,Sapindales,Angiosperms,5,3,1,3,0.73,0.74,0.67,0.78
Pitaviaster,Rutaceae,Sapindales,Angiosperms,1,1,1,1,0.67,0.67,0.63,0.7
Euroschinus,Anacardiaceae,Sapindales,Angiosperms,10,7,3,8,0.45,0.45,0.47,0.43
Evodia,Lauraceae,Laurales,Angiosperms,11,8,4,8,0.44,0.44,0.47,0.43
Excoecaria,Euphorbiaceae,Malpighiales,Angiosperms,26,10,9,12,0.58,0.58,0.56,0.53
Exocarpos,Santalaceae,Santalales,Angiosperms,17,11,3,14,0.69,0.7,0.63,0.67
Fagraea,Gentianaceae,Gentianales,Angiosperms,15,9,5,9,0.71,0.72,0.66,0.74
Flindersia,Rutaceae,Sapindales,Angiosperms,58,10,4,12,0.63,0.64,0.58,0.61
Franciscodendron,Malvaceae,Malvales,Angiosperms,4,3,1,3,0.42,0.43,0.45,0.37
Galbulimima,Himantandraceae,Magnoliales,Angiosperms,6,4,3,4,0.52,0.53,0.53,0.5
Ganophyllum,Sapindaceae,Sapindales,Angiosperms,23,7,9,13,0.68,0.68,0.63,0.66
Gardenia,Rubiaceae,Gentianales,Angiosperms,40,19,18,29,0.67,0.67,0.63,0.67
Garuga,Burseraceae,Sapindales,Angiosperms,20,13,9,16,0.57,0.57,0.55,0.57
Geijera,Rutaceae,Sapindales,Angiosperms,10,7,3,7,0.79,0.79,0.72,0.82
Karrabina,Cunoniaceae,Oxalidales,Angiosperms,10,7,3,7,0.53,0.53,0.51,0.51
Pseudoweinmannia,Cunoniaceae,Oxalidales,Angiosperms,3,2,1,2,0.66,0.67,0.62,0.73
Gillbeea,Cunoniaceae,Oxalidales,Angiosperms,13,6,1,7,0.49,0.48,0.49,0.45
Glochidion,Phyllanthaceae,Malpighiales,Angiosperms,37,14,5,15,0.59,0.59,0.54,0.56
Gmelina,Lamiaceae,Lamiales,Angiosperms,55,27,18,37,0.47,0.48,0.49,0.45
Goiynocarpus,unknown_2,"","",1,1,1,1,0.55,0.56,0.55,0.57
Gomphandra,Stemonuraceae,Aquifoliales,Angiosperms,10,7,3,7,0.45,0.44,0.48,0.43
Grevillea,Proteaceae,Proteales,Angiosperms,92,28,13,40,0.64,0.62,0.63,0.59
Gyrocarpus,Hernandiaceae,Laurales,Angiosperms,49,11,7,11,0.34,0.33,0.38,0.31
Halfordia,Rutaceae,Sapindales,Angiosperms,6,4,3,4,0.82,0.82,0.73,0.88
Hakea,Proteaceae,Proteales,Angiosperms,49,14,2,27,0.65,0.66,0.62,0.67
Harpullia,Sapindaceae,Sapindales,Angiosperms,17,13,6,14,0.65,0.66,0.61,0.64
Polyscias,Araliaceae,Apiales,Angiosperms,73,25,15,35,0.42,0.42,0.41,0.42
Hedycarya,Monimiaceae,Laurales,Angiosperms,12,5,3,5,0.47,0.48,0.43,0.43
Helicia,Proteaceae,Proteales,Angiosperms,22,14,8,14,0.6,0.6,0.58,0.58
Floydia,Proteaceae,Proteales,Angiosperms,1,1,1,1,0.63,0.64,0.61,0.7
Alectryon,Sapindaceae,Sapindales,Angiosperms,10,4,1,4,0.72,0.72,0.66,0.71
Hibiscus,Malvaceae,Malvales,Angiosperms,86,15,17,25,0.42,0.42,0.45,0.37
Hollandaea,Proteaceae,Proteales,Angiosperms,1,1,1,1,0.57,0.57,0.56,0.56
Homalanthus,Euphorbiaceae,Malpighiales,Angiosperms,20,9,4,11,0.37,0.36,0.36,0.31
Homalium,Salicaceae,Malpighiales,Angiosperms,130,29,28,55,0.71,0.71,0.68,0.7
Hylandia,Euphorbiaceae,Malpighiales,Angiosperms,1,1,1,1,0.49,0.49,0.5,0.46
Hymenosporum,Pittosporaceae,Apiales,Angiosperms,1,1,1,1,0.58,0.59,0.57,0.58
Idiospermum,Calycanthaceae,Laurales,Angiosperms,4,3,1,3,0.58,0.58,0.56,0.59
Irvingbaileya,Stemonuraceae,Aquifoliales,Angiosperms,1,1,1,1,0.49,0.49,0.5,0.41
Cnesmocarpon,Sapindaceae,Sapindales,Angiosperms,1,1,1,1,0.69,0.7,0.65,0.73
Jagera,Sapindaceae,Sapindales,Angiosperms,1,1,1,1,0.66,0.66,0.62,0.65
Kermadecia,Proteaceae,Proteales,Angiosperms,7,4,2,4,0.48,0.48,0.5,0.48
Levieria,Monimiaceae,Laurales,Angiosperms,1,1,1,1,0.44,0.44,0.46,0.36
Lindsayomyrtus,Myrtaceae,Myrtales,Angiosperms,3,1,1,1,0.63,0.64,0.61,0.58
Litsea,Lauraceae,Laurales,Angiosperms,181,38,16,53,0.47,0.47,0.49,0.46
Neolitsea,Lauraceae,Laurales,Angiosperms,47,16,9,20,0.53,0.54,0.49,0.51
Lomatia,Proteaceae,Proteales,Angiosperms,18,11,4,11,0.63,0.63,0.6,0.6
Lophostemon,Myrtaceae,Myrtales,Angiosperms,26,14,2,15,0.7,0.71,0.62,0.65
Palaquium,Sapotaceae,Ericales,Angiosperms,123,20,10,27,0.58,0.58,0.57,0.57
Lysicarpus,Myrtaceae,Myrtales,Angiosperms,2,1,1,1,0.68,0.69,0.64,0.66
Macadamia,Proteaceae,Proteales,Angiosperms,9,4,2,4,0.67,0.67,0.63,0.67
Lasjia,Proteaceae,Proteales,Angiosperms,2,2,2,2,0.67,0.67,0.63,0.71
Macaranga,Euphorbiaceae,Malpighiales,Angiosperms,247,40,27,62,0.4,0.4,0.41,0.38
Rockinghamia,Euphorbiaceae,Malpighiales,Angiosperms,16,7,1,8,0.53,0.54,0.5,0.54
Mallotus,Euphorbiaceae,Malpighiales,Angiosperms,88,34,16,41,0.5,0.5,0.46,0.48
Maranthes,Chrysobalanaceae,Malpighiales,Angiosperms,70,16,18,27,0.81,0.81,0.73,0.79
Marlea,Cornaceae,Cornales,Angiosperms,1,1,1,1,0.58,0.58,0.56,0.58
Medicosma,Rutaceae,Sapindales,Angiosperms,12,4,1,5,0.68,0.69,0.62,0.7
Melia,Meliaceae,Sapindales,Angiosperms,47,21,21,32,0.46,0.46,0.48,0.43
Memecylon,Melastomataceae,Myrtales,Angiosperms,59,13,14,20,0.76,0.76,0.73,0.78
Thaleropia,Myrtaceae,Myrtales,Angiosperms,1,1,1,1,0.68,0.68,0.64,0.64
Mimusops,Sapotaceae,Ericales,Angiosperms,35,14,17,21,0.71,0.71,0.65,0.75
Mischocarpus,Sapindaceae,Sapindales,Angiosperms,10,6,4,6,0.69,0.7,0.62,0.67
Steganthera,Monimiaceae,Laurales,Angiosperms,3,3,2,3,0.5,0.5,0.5,0.52
Musgravea,Proteaceae,Proteales,Angiosperms,7,5,1,5,0.56,0.56,0.54,0.55
Myristica,Myristicaceae,Magnoliales,Angiosperms,53,19,8,22,0.46,0.47,0.44,0.46
Myrtus,Myrtaceae,Myrtales,Angiosperms,7,5,4,7,0.72,0.72,0.67,0.65
Nauclea,Rubiaceae,Gentianales,Angiosperms,137,24,23,45,0.54,0.54,0.53,0.57
Neonauclea,Rubiaceae,Gentianales,Angiosperms,47,15,15,22,0.63,0.63,0.6,0.59
Neorites,Proteaceae,Proteales,Angiosperms,1,1,1,1,0.64,0.64,0.61,0.71
Mischarytera,Sapindaceae,Sapindales,Angiosperms,1,1,1,1,0.62,0.63,0.6,0.58
Notelaea,Oleaceae,Lamiales,Angiosperms,11,6,1,6,0.71,0.72,0.66,0.69
Nothofagus,Nothofagaceae,Fagales,Angiosperms,461,24,11,60,0.62,0.62,0.59,0.56
Olea,Oleaceae,Lamiales,Angiosperms,48,21,19,33,0.78,0.78,0.72,0.78
Opisthiolepis,Proteaceae,Proteales,Angiosperms,3,3,1,3,0.54,0.54,0.54,0.49
Oreocallis,Proteaceae,Proteales,Angiosperms,4,3,3,4,0.53,0.53,0.54,0.5
Orites,Proteaceae,Proteales,Angiosperms,6,5,1,5,0.61,0.6,0.6,0.57
Sphalmium,Proteaceae,Proteales,Angiosperms,2,1,1,1,0.51,0.52,0.52,0.46
Ostrearia,Hamamelidaceae,Saxifragales,Angiosperms,1,1,1,1,0.62,0.62,0.59,0.63
Owenia,Meliaceae,Sapindales,Angiosperms,4,3,1,3,0.64,0.65,0.61,0.72
Pennantia,Pennantiaceae,Apiales,Angiosperms,7,3,2,3,0.49,0.49,0.5,0.45
Pentaceras,Rutaceae,Sapindales,Angiosperms,1,1,1,1,0.71,0.71,0.66,0.78
Peripentadenia,Elaeocarpaceae,Oxalidales,Angiosperms,1,1,1,1,0.59,0.6,0.58,0.63
Persoonia,Proteaceae,Proteales,Angiosperms,44,9,2,17,0.61,0.6,0.59,0.58
Petalostigma,Picrodendraceae,Malpighiales,Angiosperms,14,8,1,9,0.78,0.79,0.72,0.75
Sphenostemon,Paracryphiaceae,Paracryphiales,Angiosperms,6,2,4,4,0.46,0.46,0.48,0.43
Pinus,Pinaceae,Pinales,Gymnosperms,13011,150,51,764,0.46,0.46,0.47,0.47
Auranticarpa,Pittosporaceae,Apiales,Angiosperms,2,2,1,2,0.63,0.63,0.6,0.65
Pittosporum,Pittosporaceae,Apiales,Angiosperms,96,25,18,33,0.63,0.63,0.61,0.62
Placospermum,Proteaceae,Proteales,Angiosperms,1,1,1,1,0.57,0.58,0.57,0.57
Planchonella,Sapotaceae,Ericales,Angiosperms,72,19,12,25,0.64,0.64,0.6,0.66
Pleioluma,Sapotaceae,Ericales,Angiosperms,18,9,4,9,0.55,0.56,0.55,0.54
Pleiogynium,Anacardiaceae,Sapindales,Angiosperms,9,6,4,7,0.67,0.68,0.63,0.74
Sundacarpus,Podocarpaceae,Cupressales,Gymnosperms,8,6,4,7,0.45,0.46,0.48,0.38
Pectinopitys,Podocarpaceae,Cupressales,Gymnosperms,7,6,5,6,0.54,0.54,0.56,0.56
Monoon,Annonaceae,Magnoliales,Angiosperms,26,18,9,18,0.53,0.53,0.53,0.52
Huberantha,Annonaceae,Magnoliales,Angiosperms,15,11,9,13,0.6,0.61,0.58,0.62
Polyosma,Escalloniaceae,Escalloniales,Angiosperms,15,10,7,10,0.53,0.53,0.54,0.53
Pongamia,Fabaceae,Fabales,Angiosperms,17,10,8,11,0.6,0.61,0.58,0.56
Van-royena,Sapotaceae,Ericales,Angiosperms,1,1,1,1,0.73,0.73,0.66,0.81
Premna,Lamiaceae,Lamiales,Angiosperms,33,12,12,15,0.53,0.53,0.53,0.51
Pseudomorus,Moraceae,Rosales,Angiosperms,2,2,1,2,0.61,0.61,0.58,0.66
Pullea,Cunoniaceae,Oxalidales,Angiosperms,3,3,2,3,0.65,0.66,0.61,0.68
Quintinia,Paracryphiaceae,Paracryphiales,Angiosperms,19,6,5,8,0.51,0.52,0.52,0.5
Rosenbergiodendron,Rubiaceae,Gentianales,Angiosperms,2,2,2,2,0.65,0.65,0.61,0.67
Atractocarpus,Rubiaceae,Gentianales,Angiosperms,15,7,3,7,0.74,0.75,0.68,0.74
Hypobathrum,Rubiaceae,Gentianales,Angiosperms,4,4,4,4,0.62,0.62,0.59,0.62
Rapanea,Primulaceae,Ericales,Angiosperms,2,2,1,2,0.63,0.63,0.6,0.64
Ratonia,Sapindaceae,Sapindales,Angiosperms,2,1,1,1,0.69,0.7,0.65,0.72
Rhodamnia,Myrtaceae,Myrtales,Angiosperms,20,9,4,9,0.75,0.76,0.68,0.76
Rhodomyrtus,Myrtaceae,Myrtales,Angiosperms,17,7,3,8,0.7,0.72,0.66,0.67
Rhodosphaera,Anacardiaceae,Sapindales,Angiosperms,4,3,1,3,0.58,0.59,0.57,0.6
Ristantia,Myrtaceae,Myrtales,Angiosperms,4,1,1,1,0.69,0.69,0.64,0.68
Semecarpus,Anacardiaceae,Sapindales,Angiosperms,21,12,9,15,0.43,0.44,0.46,0.46
Santalum,Santalaceae,Santalales,Angiosperms,40,11,10,17,0.7,0.7,0.65,0.74
Sarcopteryx,Sapindaceae,Sapindales,Angiosperms,2,2,2,2,0.66,0.66,0.62,0.69
Sarcotoechia,Sapindaceae,Sapindales,Angiosperms,2,1,1,1,0.65,0.65,0.62,0.64
Schizomeria,Cunoniaceae,Oxalidales,Angiosperms,14,8,4,9,0.55,0.55,0.54,0.52
Scolopia,Salicaceae,Malpighiales,Angiosperms,18,9,8,10,0.73,0.73,0.67,0.74
Strychnos,Loganiaceae,Gentianales,Angiosperms,169,27,38,58,0.62,0.62,0.62,0.64
Sideroxylon,Sapotaceae,Ericales,Angiosperms,67,28,18,37,0.76,0.77,0.69,0.77
Siphonodon,Celastraceae,Celastrales,Angiosperms,7,5,4,5,0.64,0.64,0.61,0.64
Stenocarpus,Proteaceae,Proteales,Angiosperms,17,6,3,8,0.69,0.7,0.65,0.74
Streblus,Moraceae,Rosales,Angiosperms,90,15,12,19,0.67,0.67,0.62,0.66
Syncarpia,Myrtaceae,Myrtales,Angiosperms,19,8,2,8,0.68,0.69,0.63,0.67
Synima,Sapindaceae,Sapindales,Angiosperms,3,2,1,2,0.73,0.74,0.67,0.79
Synoum,Meliaceae,Sapindales,Angiosperms,4,3,1,3,0.52,0.52,0.53,0.5
Tetrameles,Tetramelaceae,Cucurbitales,Angiosperms,8,7,6,8,0.37,0.38,0.42,0.32
Wilkiea,Monimiaceae,Laurales,Angiosperms,8,4,1,4,0.59,0.59,0.56,0.58
Timonius,Rubiaceae,Gentianales,Angiosperms,12,9,4,9,0.6,0.6,0.58,0.56
Toechima,Sapindaceae,Sapindales,Angiosperms,6,4,1,4,0.66,0.66,0.62,0.63
Tristaniopsis,Myrtaceae,Myrtales,Angiosperms,27,9,6,17,0.85,0.85,0.75,0.77
Vavaea,Meliaceae,Sapindales,Angiosperms,5,3,3,3,0.61,0.61,0.59,0.62
Weinmannia,Cunoniaceae,Oxalidales,Angiosperms,122,23,17,33,0.56,0.56,0.55,0.56
Caldcluvia,Cunoniaceae,Oxalidales,Angiosperms,8,5,4,6,0.5,0.51,0.52,0.52
Wrightia,Apocynaceae,Gentianales,Angiosperms,19,8,6,11,0.47,0.47,0.48,0.46
Xanthophyllum,Polygalaceae,Fabales,Angiosperms,39,18,10,22,0.69,0.69,0.66,0.67
Xanthostemon,Myrtaceae,Myrtales,Angiosperms,14,7,5,8,0.9,0.91,0.78,0.91
Xylomelum,Proteaceae,Proteales,Angiosperms,16,8,1,8,0.63,0.63,0.61,0.62
Abies,Pinaceae,Pinales,Gymnosperms,513,40,15,114,0.4,0.4,0.47,0.41
Abrahamia,Anacardiaceae,Sapindales,Angiosperms,43,6,1,6,0.57,0.58,0.56,0.59
Afrocarpus,Podocarpaceae,Cupressales,Gymnosperms,12,7,5,8,0.46,0.46,0.49,0.43
Afzelia,Fabaceae,Fabales,Angiosperms,170,20,25,45,0.66,0.66,0.62,0.66
Aldina,Fabaceae,Fabales,Angiosperms,17,9,4,11,0.66,0.67,0.61,0.67
Allanblackia,Clusiaceae,Malpighiales,Angiosperms,43,8,9,14,0.61,0.61,0.59,0.59
Allantoma,Lecythidaceae,Ericales,Angiosperms,11,9,4,9,0.52,0.52,0.52,0.51
Alluaudia,Didiereaceae,Caryophyllales,Angiosperms,43,3,1,3,0.38,0.38,0.43,0.32
Amanoa,Phyllanthaceae,Malpighiales,Angiosperms,36,11,11,14,0.74,0.75,0.65,0.78
Amphimas,Fabaceae,Fabales,Angiosperms,41,8,10,19,0.65,0.65,0.62,0.66
Anisoptera,Dipterocarpaceae,Malvales,Angiosperms,67,11,10,22,0.57,0.57,0.56,0.55
Annickia,Annonaceae,Magnoliales,Angiosperms,47,11,10,16,0.51,0.52,0.51,0.45
Anonidium,Annonaceae,Magnoliales,Angiosperms,42,4,5,10,0.42,0.43,0.45,0.34
Anopyxis,Rhizophoraceae,Malpighiales,Angiosperms,37,7,8,15,0.68,0.68,0.63,0.7
Anthocleista,Gentianaceae,Gentianales,Angiosperms,84,9,13,21,0.51,0.51,0.57,0.6
Anthonotha,Fabaceae,Fabales,Angiosperms,61,6,12,19,0.63,0.63,0.6,0.6
Anthostema,Euphorbiaceae,Malpighiales,Angiosperms,36,5,7,12,0.43,0.43,0.46,0.41
Antrocaryon,Anacardiaceae,Sapindales,Angiosperms,38,12,14,22,0.48,0.48,0.5,0.47
Aoranthe,Rubiaceae,Gentianales,Angiosperms,20,5,7,8,0.65,0.65,0.62,0.69
Aphanocalyx,Fabaceae,Fabales,Angiosperms,44,6,6,11,0.69,0.69,0.64,0.61
Apodocephala,Asteraceae,Asterales,Angiosperms,5,3,1,3,0.51,0.51,0.52,0.49
Arillastrum,Myrtaceae,Myrtales,Angiosperms,7,3,1,3,0.73,0.74,0.67,0.74
Artocarpus,Moraceae,Rosales,Angiosperms,130,27,18,42,0.49,0.49,0.5,0.46
Asteropeia,Asteropeiaceae,Caryophyllales,Angiosperms,14,3,2,3,0.8,0.8,0.72,0.81
Astrotrichilia,Meliaceae,Sapindales,Angiosperms,29,2,1,2,0.64,0.65,0.61,0.64
Aucoumea,Burseraceae,Sapindales,Angiosperms,70,9,8,14,0.41,0.41,0.45,0.35
Autranella,Sapotaceae,Ericales,Angiosperms,31,8,7,17,0.73,0.73,0.67,0.76
Baillonella,Sapotaceae,Ericales,Angiosperms,48,11,8,19,0.67,0.68,0.63,0.68
Balfourodendron,Rutaceae,Sapindales,Angiosperms,25,11,4,14,0.65,0.66,0.63,0.67
Berlinia,Fabaceae,Fabales,Angiosperms,80,14,10,27,0.58,0.59,0.57,0.57
Bikinia,Fabaceae,Fabales,Angiosperms,77,6,5,10,0.56,0.56,0.55,0.53
Blighia,Sapindaceae,Sapindales,Angiosperms,47,8,11,16,0.65,0.66,0.63,0.66
Bobgunnia,Fabaceae,Fabales,Angiosperms,28,7,12,14,0.81,0.82,0.73,0.86
Bocoa,Fabaceae,Fabales,Angiosperms,22,6,4,7,0.85,0.85,0.75,0.99
Borassus,Arecaceae,Arecales,Angiosperms,3,2,3,3,0.66,0.66,0.62,0.76
Brachylaena,Asteraceae,Asterales,Angiosperms,62,12,6,16,0.7,0.7,0.64,0.72
Brachystegia,Fabaceae,Fabales,Angiosperms,153,17,13,32,0.62,0.63,0.6,0.55
Breonia,Rubiaceae,Gentianales,Angiosperms,25,8,4,8,0.65,0.65,0.62,0.61
Breviea,Sapotaceae,Ericales,Angiosperms,7,4,5,6,0.61,0.61,0.59,0.55
Allaeanthus,Moraceae,Rosales,Angiosperms,16,4,4,5,0.48,0.48,0.49,0.42
Calpocalyx,Fabaceae,Fabales,Angiosperms,37,9,6,12,0.67,0.67,0.63,0.67
Carpinus,Betulaceae,Fagales,Angiosperms,210,22,14,61,0.61,0.61,0.59,0.59
Cassipourea,Rhizophoraceae,Malpighiales,Angiosperms,63,19,26,35,0.66,0.67,0.66,0.66
Castanopsis,Fagaceae,Fagales,Angiosperms,160,29,12,37,0.58,0.59,0.58,0.55
Osodendron,Fabaceae,Fabales,Angiosperms,11,3,4,6,0.68,0.68,0.63,0.67
Cedrus,Pinaceae,Pinales,Gymnosperms,20,9,7,13,0.48,0.49,0.5,0.48
Cerberiopsis,Apocynaceae,Gentianales,Angiosperms,8,4,1,4,0.53,0.53,0.52,0.53
Chloroxylon,Rutaceae,Sapindales,Angiosperms,16,9,5,11,0.75,0.75,0.68,0.78
Gambeya,Sapotaceae,Ericales,Angiosperms,208,13,13,26,0.58,0.58,0.55,0.54
Cleistopholis,Annonaceae,Magnoliales,Angiosperms,43,8,8,12,0.34,0.35,0.41,0.29
Coelocaryon,Myristicaceae,Magnoliales,Angiosperms,73,8,8,15,0.43,0.43,0.46,0.41
Colubrina,Rhamnaceae,Rosales,Angiosperms,47,12,12,17,0.69,0.69,0.64,0.69
Cordyla,Fabaceae,Fabales,Angiosperms,22,6,8,11,0.7,0.7,0.65,0.71
Corynanthe,Rubiaceae,Gentianales,Angiosperms,67,7,9,21,0.66,0.66,0.62,0.66
Coula,Olacaceae,Santalales,Angiosperms,41,6,8,13,0.8,0.8,0.72,0.83
Neuburgia,Loganiaceae,Gentianales,Angiosperms,9,7,4,7,0.43,0.43,0.46,0.41
Craspidospermum,Apocynaceae,Gentianales,Angiosperms,6,3,1,3,0.65,0.65,0.61,0.77
Crescentia,Bignoniaceae,Lamiales,Angiosperms,15,10,9,12,0.55,0.56,0.56,0.57
Crossostylis,Rhizophoraceae,Malpighiales,Angiosperms,13,3,2,4,0.53,0.53,0.53,0.52
Crudia,Fabaceae,Fabales,Angiosperms,38,10,11,14,0.78,0.78,0.7,0.77
Cryptomeria,Cupressaceae,Cupressales,Gymnosperms,91,10,7,14,0.37,0.37,0.42,0.31
Cryptosepalum,Fabaceae,Fabales,Angiosperms,15,5,6,9,0.72,0.72,0.66,0.7
Ctenolophon,Ctenolophonaceae,Malpighiales,Angiosperms,22,9,6,12,0.73,0.73,0.67,0.75
Cunonia,Cunoniaceae,Oxalidales,Angiosperms,11,5,3,6,0.67,0.68,0.63,0.73
Hesperocyparis,Cupressaceae,Cupressales,Gymnosperms,27,12,9,13,0.48,0.48,0.53,0.46
Callitropsis,Cupressaceae,Cupressales,Gymnosperms,4,4,1,4,0.43,0.43,0.46,0.41
Cylicodiscus,Fabaceae,Fabales,Angiosperms,35,10,8,17,0.72,0.72,0.66,0.75
Dacrycarpus,Podocarpaceae,Cupressales,Gymnosperms,25,12,7,15,0.48,0.48,0.5,0.45
Dacrydium,Podocarpaceae,Cupressales,Gymnosperms,25,11,9,13,0.52,0.52,0.54,0.52
Pachylobus,Burseraceae,Sapindales,Angiosperms,148,11,11,24,0.54,0.54,0.54,0.53
Dacryodes,Burseraceae,Sapindales,Angiosperms,141,22,22,40,0.58,0.58,0.56,0.54
Daniellia,Fabaceae,Fabales,Angiosperms,85,12,16,29,0.46,0.46,0.49,0.44
Dendrobangia,Cardiopteridaceae,Aquifoliales,Angiosperms,18,6,4,10,0.63,0.63,0.6,0.65
Desbordesia,Irvingiaceae,Malpighiales,Angiosperms,33,6,5,9,0.79,0.79,0.71,0.8
Detarium,Fabaceae,Fabales,Angiosperms,46,8,12,20,0.59,0.59,0.57,0.56
Didelotia,Fabaceae,Fabales,Angiosperms,73,8,9,15,0.59,0.59,0.57,0.55
Dilobeia,Proteaceae,Proteales,Angiosperms,21,5,1,5,0.72,0.73,0.67,0.8
Diogoa,Olacaceae,Santalales,Angiosperms,16,3,4,5,0.69,0.69,0.65,0.68
Dipterocarpus,Dipterocarpaceae,Malvales,Angiosperms,194,21,12,34,0.66,0.66,0.62,0.65
Discoglypremna,Euphorbiaceae,Malpighiales,Angiosperms,33,7,8,13,0.41,0.42,0.45,0.33
Distemonanthus,Fabaceae,Fabales,Angiosperms,39,8,9,17,0.63,0.63,0.6,0.6
Dryobalanops,Dipterocarpaceae,Malvales,Angiosperms,38,9,3,10,0.67,0.67,0.63,0.64
Duabanga,Lythraceae,Myrtales,Angiosperms,21,8,8,14,0.45,0.45,0.48,0.39
Endodesmia,Calophyllaceae,Malpighiales,Angiosperms,15,4,4,7,0.64,0.64,0.61,0.62
Engelhardia,Juglandaceae,Fagales,Angiosperms,29,10,8,12,0.46,0.47,0.48,0.45
Entandrophragma,Meliaceae,Sapindales,Angiosperms,466,23,21,51,0.54,0.55,0.56,0.54
Erismadelphus,Vochysiaceae,Myrtales,Angiosperms,28,4,4,6,0.58,0.58,0.56,0.54
Fagus,Fagaceae,Fagales,Angiosperms,924,32,23,159,0.61,0.62,0.59,0.59
Faidherbia,Fabaceae,Fabales,Angiosperms,11,4,7,8,0.55,0.55,0.55,0.49
Faucherea,Sapotaceae,Ericales,Angiosperms,39,4,1,4,0.81,0.81,0.72,0.8
Fillaeopsis,Fabaceae,Fabales,Angiosperms,22,3,6,7,0.55,0.55,0.55,0.48
Fitzroya,Cupressaceae,Cupressales,Gymnosperms,9,7,4,8,0.43,0.45,0.53,0.44
Mitragyna,Rubiaceae,Gentianales,Angiosperms,106,22,23,46,0.52,0.52,0.53,0.5
Flueggea,Phyllanthaceae,Malpighiales,Angiosperms,10,5,5,6,0.68,0.68,0.63,0.67
Foetidia,Lecythidaceae,Ericales,Angiosperms,26,3,2,4,0.75,0.75,0.68,0.77
Fraxinus,Oleaceae,Lamiales,Angiosperms,361,35,20,94,0.59,0.59,0.59,0.55
Gastrolepis,Stemonuraceae,Aquifoliales,Angiosperms,7,3,1,3,0.59,0.59,0.57,0.61
Geissois,Cunoniaceae,Oxalidales,Angiosperms,13,4,1,4,0.55,0.55,0.54,0.57
Gilbertiodendron,Fabaceae,Fabales,Angiosperms,160,11,11,27,0.64,0.64,0.61,0.65
Gluta,Anacardiaceae,Sapindales,Angiosperms,44,15,10,19,0.59,0.59,0.57,0.57
Prioria,Fabaceae,Fabales,Angiosperms,158,21,17,37,0.49,0.49,0.51,0.48
Greenwayodendron,Annonaceae,Magnoliales,Angiosperms,94,7,8,14,0.66,0.66,0.6,0.67
Microcos,Malvaceae,Malvales,Angiosperms,48,15,10,16,0.51,0.51,0.51,0.53
Leplaea,Meliaceae,Sapindales,Angiosperms,80,13,11,21,0.56,0.57,0.55,0.56
Gymnostemon,Simaroubaceae,Sapindales,Angiosperms,7,2,1,2,0.41,0.41,0.44,0.35
Gymnostoma,Casuarinaceae,Fagales,Angiosperms,8,7,5,8,0.89,0.89,0.78,0.89
Gyrostipula,Rubiaceae,Gentianales,Angiosperms,7,3,2,5,0.69,0.7,0.65,0.73
Haplormosia,Fabaceae,Fabales,Angiosperms,15,5,4,7,0.71,0.71,0.65,0.73
Hernandia,Hernandiaceae,Laurales,Angiosperms,74,19,14,28,0.34,0.34,0.37,0.34
Hexalobus,Annonaceae,Magnoliales,Angiosperms,25,5,12,14,0.54,0.54,0.53,0.51
Holoptelea,Ulmaceae,Rosales,Angiosperms,27,12,10,23,0.58,0.58,0.57,0.57
Hopea,Dipterocarpaceae,Malvales,Angiosperms,151,16,12,29,0.72,0.72,0.66,0.69
Humbertia,Convolvulaceae,Solanales,Angiosperms,4,2,1,2,0.81,0.81,0.72,1.05
Humiria,Humiriaceae,Malpighiales,Angiosperms,17,8,6,10,0.76,0.77,0.7,0.73
Hylodendron,Fabaceae,Fabales,Angiosperms,20,4,6,8,0.7,0.71,0.65,0.72
Hymenostegia,Fabaceae,Fabales,Angiosperms,21,5,7,11,0.77,0.77,0.7,0.8
Irvingia,Irvingiaceae,Malpighiales,Angiosperms,100,13,13,25,0.79,0.79,0.72,0.79
Isoberlinia,Fabaceae,Fabales,Angiosperms,23,8,7,14,0.64,0.64,0.61,0.63
Juglans,Juglandaceae,Fagales,Angiosperms,79,27,19,42,0.49,0.5,0.5,0.46
Julbernardia,Fabaceae,Fabales,Angiosperms,72,10,10,19,0.66,0.67,0.63,0.64
Juniperus,Cupressaceae,Cupressales,Gymnosperms,91,24,13,48,0.55,0.55,0.58,0.55
Keteleeria,Pinaceae,Pinales,Gymnosperms,9,4,3,4,0.45,0.45,0.47,0.43
Khaya,Meliaceae,Sapindales,Angiosperms,177,20,30,51,0.52,0.53,0.52,0.52
Klainedoxa,Irvingiaceae,Malpighiales,Angiosperms,62,8,11,19,0.84,0.84,0.75,0.85
Labourdonnaisia,Sapotaceae,Ericales,Angiosperms,6,4,2,4,0.75,0.75,0.68,0.79
Laetia,Salicaceae,Malpighiales,Angiosperms,120,23,12,38,0.63,0.63,0.62,0.62
Lagerstroemia,Lythraceae,Myrtales,Angiosperms,89,22,12,36,0.58,0.58,0.58,0.59
Lannea,Anacardiaceae,Sapindales,Angiosperms,89,25,25,49,0.46,0.46,0.48,0.46
Laureliopsis,Monimiaceae,Laurales,Angiosperms,6,3,1,3,0.48,0.48,0.49,0.43
Lecomtedoxa,Sapotaceae,Ericales,Angiosperms,24,5,4,6,0.75,0.75,0.68,0.78
Leptolaena,Sarcolaenaceae,Malvales,Angiosperms,10,2,1,2,0.85,0.85,0.76,0.89
Letestua,Sapotaceae,Ericales,Angiosperms,14,3,5,6,0.8,0.8,0.71,0.88
Librevillea,Fabaceae,Fabales,Angiosperms,17,3,4,5,0.79,0.79,0.71,0.87
Parinariopsis,Chrysobalanaceae,Malpighiales,Angiosperms,13,4,5,7,0.68,0.68,0.63,0.66
Lithocarpus,Fagaceae,Fagales,Angiosperms,163,27,13,35,0.69,0.69,0.62,0.67
Lophira,Ochnaceae,Malpighiales,Angiosperms,77,18,15,36,0.79,0.8,0.72,0.86
Lophopetalum,Celastraceae,Celastrales,Angiosperms,23,10,7,13,0.51,0.51,0.52,0.48
Lovoa,Meliaceae,Sapindales,Angiosperms,77,17,15,35,0.54,0.54,0.54,0.49
Mabea,Euphorbiaceae,Malpighiales,Angiosperms,111,22,10,35,0.6,0.6,0.58,0.6
Macarisia,Rhizophoraceae,Malpighiales,Angiosperms,20,3,1,3,0.66,0.66,0.62,0.65
Maesopsis,Rhamnaceae,Rosales,Angiosperms,31,7,10,12,0.48,0.48,0.5,0.35
Mangifera,Anacardiaceae,Sapindales,Angiosperms,81,25,24,40,0.54,0.54,0.52,0.53
Mansonia,Malvaceae,Malvales,Angiosperms,62,13,6,19,0.58,0.58,0.55,0.56
Markhamia,Bignoniaceae,Lamiales,Angiosperms,33,12,13,20,0.55,0.55,0.54,0.53
Metrosideros,Myrtaceae,Myrtales,Angiosperms,27,12,8,15,0.71,0.71,0.64,0.66
Microberlinia,Fabaceae,Fabales,Angiosperms,21,7,3,11,0.63,0.64,0.6,0.63
Milicia,Moraceae,Rosales,Angiosperms,144,15,21,43,0.53,0.53,0.53,0.51
Millettia,Fabaceae,Fabales,Angiosperms,112,19,17,32,0.65,0.66,0.6,0.68
Monopteryx,Fabaceae,Fabales,Angiosperms,5,2,2,3,0.69,0.69,0.64,0.75
Montrouziera,Clusiaceae,Malpighiales,Angiosperms,16,4,1,4,0.63,0.63,0.6,0.6
Morus,Moraceae,Rosales,Angiosperms,62,28,24,41,0.58,0.58,0.53,0.6
Musanga,Urticaceae,Rosales,Angiosperms,51,10,9,16,0.28,0.29,0.36,0.21
Myodocarpus,Myodocarpaceae,Apiales,Angiosperms,6,4,1,4,0.59,0.59,0.57,0.64
Neoguillauminia,Euphorbiaceae,Malpighiales,Angiosperms,3,3,1,3,0.54,0.54,0.53,0.57
Neolemonniera,Sapotaceae,Ericales,Angiosperms,2,2,1,2,0.74,0.74,0.67,0.78
Nesogordonia,Malvaceae,Malvales,Angiosperms,73,10,13,22,0.68,0.68,0.63,0.67
Newtonia,Fabaceae,Fabales,Angiosperms,58,10,12,20,0.58,0.58,0.57,0.56
Ochna,Ochnaceae,Malpighiales,Angiosperms,27,8,12,13,0.7,0.71,0.66,0.69
Ochrosia,Apocynaceae,Gentianales,Angiosperms,13,6,6,8,0.5,0.5,0.5,0.47
Mespilodaphne,Lauraceae,Laurales,Angiosperms,12,8,5,10,0.54,0.54,0.54,0.53
Oddoniodendron,Fabaceae,Fabales,Angiosperms,10,3,2,4,0.77,0.77,0.69,0.84
Oldfieldia,Picrodendraceae,Malpighiales,Angiosperms,18,5,6,9,0.76,0.77,0.7,0.78
Ongokea,Olacaceae,Santalales,Angiosperms,70,9,11,23,0.69,0.7,0.65,0.69
Osteophloeum,Myristicaceae,Magnoliales,Angiosperms,19,10,5,15,0.47,0.46,0.47,0.45
Pancheria,Cunoniaceae,Oxalidales,Angiosperms,4,2,1,2,0.74,0.74,0.67,0.82
Parahancornia,Apocynaceae,Gentianales,Angiosperms,19,10,6,12,0.48,0.48,0.49,0.47
Parashorea,Dipterocarpaceae,Malvales,Angiosperms,55,10,7,19,0.6,0.6,0.58,0.55
Pentaclethra,Fabaceae,Fabales,Angiosperms,147,22,19,37,0.64,0.64,0.61,0.62
Pentadesma,Clusiaceae,Malpighiales,Angiosperms,22,5,10,11,0.67,0.67,0.63,0.73
Pericopsis,Fabaceae,Fabales,Angiosperms,130,19,20,42,0.71,0.71,0.65,0.66
Petersianthus,Lecythidaceae,Ericales,Angiosperms,63,9,12,20,0.64,0.64,0.6,0.67
Aiouea,Lauraceae,Laurales,Angiosperms,39,13,11,17,0.46,0.46,0.47,0.47
Phyllarthron,Bignoniaceae,Lamiales,Angiosperms,7,3,2,3,0.74,0.75,0.67,0.81
Picea,Pinaceae,Pinales,Gymnosperms,1156,55,26,143,0.44,0.45,0.51,0.39
Pimenta,Myrtaceae,Myrtales,Angiosperms,11,7,9,11,0.81,0.82,0.73,0.83
Piptadeniastrum,Fabaceae,Fabales,Angiosperms,106,15,14,34,0.62,0.63,0.59,0.6
Plagiostyles,Euphorbiaceae,Malpighiales,Angiosperms,32,6,6,9,0.58,0.58,0.56,0.61
Poga,Anisophylleaceae,Cucurbitales,Angiosperms,22,6,6,9,0.46,0.46,0.48,0.37
Populus,Salicaceae,Malpighiales,Angiosperms,1295,39,25,187,0.39,0.39,0.45,0.41
Potameia,Lauraceae,Laurales,Angiosperms,26,4,2,4,0.6,0.6,0.57,0.62
Anonychium,Fabaceae,Fabales,Angiosperms,15,5,8,10,0.74,0.74,0.67,0.79
Pseudocedrela,Meliaceae,Sapindales,Angiosperms,10,3,5,5,0.66,0.66,0.62,0.72
Pseudotsuga,Pinaceae,Pinales,Gymnosperms,70,21,10,26,0.46,0.46,0.48,0.43
Pycnandra,Sapotaceae,Ericales,Angiosperms,14,3,1,3,0.67,0.67,0.62,0.71
Pycnanthus,Myristicaceae,Magnoliales,Angiosperms,159,12,11,23,0.45,0.45,0.47,0.42
Ruizterania,Vochysiaceae,Myrtales,Angiosperms,58,12,6,22,0.63,0.63,0.61,0.63
Odyendea,Simaroubaceae,Sapindales,Angiosperms,22,4,5,7,0.37,0.37,0.42,0.35
Quercus,Fagaceae,Fagales,Angiosperms,4781,89,40,376,0.71,0.72,0.68,0.62
Recordoxylon,Fabaceae,Fabales,Angiosperms,13,3,2,4,0.73,0.73,0.67,0.79
Retrophyllum,Podocarpaceae,Cupressales,Gymnosperms,7,6,4,6,0.43,0.44,0.46,0.43
Rhabdodendron,Rhabdodendraceae,Caryophyllales,Angiosperms,7,4,2,4,0.69,0.7,0.64,0.71
Rhodognaphalon,Malvaceae,Malvales,Angiosperms,18,8,8,12,0.41,0.41,0.44,0.4
Rhodolaena,Sarcolaenaceae,Malvales,Angiosperms,13,2,1,2,0.78,0.78,0.71,0.79
Protorhus,Anacardiaceae,Sapindales,Angiosperms,6,4,2,4,0.67,0.67,0.63,0.76
Richeria,Phyllanthaceae,Malpighiales,Angiosperms,21,11,6,13,0.55,0.55,0.55,0.52
Ricinodendron,Euphorbiaceae,Malpighiales,Angiosperms,74,8,11,19,0.31,0.32,0.38,0.23
Sacoglottis,Humiriaceae,Malpighiales,Angiosperms,59,16,13,29,0.72,0.72,0.68,0.73
Santiria,Burseraceae,Sapindales,Angiosperms,66,11,6,19,0.57,0.58,0.55,0.55
Scaphium,Malvaceae,Malvales,Angiosperms,15,10,5,11,0.5,0.5,0.51,0.52
Plerandra,Araliaceae,Apiales,Angiosperms,11,3,1,3,0.45,0.45,0.47,0.46
Scorodophloeus,Fabaceae,Fabales,Angiosperms,26,5,7,9,0.68,0.68,0.63,0.68
Scottellia,Achariaceae,Malpighiales,Angiosperms,42,7,7,12,0.59,0.59,0.57,0.56
Scyphocephalium,Myristicaceae,Magnoliales,Angiosperms,48,2,3,4,0.47,0.47,0.48,0.45
Scytopetalum,Lecythidaceae,Ericales,Angiosperms,30,4,6,8,0.62,0.62,0.59,0.64
Serianthes,Fabaceae,Fabales,Angiosperms,7,5,4,5,0.48,0.48,0.5,0.44
Shorea,Dipterocarpaceae,Malvales,Angiosperms,496,20,9,37,0.6,0.6,0.58,0.57
Sindora,Fabaceae,Fabales,Angiosperms,65,11,10,20,0.61,0.62,0.59,0.63
Sindoropsis,Fabaceae,Fabales,Angiosperms,20,6,3,7,0.61,0.61,0.59,0.59
Sleumerodendron,Proteaceae,Proteales,Angiosperms,2,2,1,2,0.51,0.51,0.52,0.48
Stachyandra,Picrodendraceae,Malpighiales,Angiosperms,4,3,1,3,0.81,0.82,0.73,0.85
Staudtia,Myristicaceae,Magnoliales,Angiosperms,115,14,9,25,0.65,0.65,0.61,0.7
Stemonocoleus,Fabaceae,Fabales,Angiosperms,13,3,7,7,0.59,0.59,0.58,0.54
Storckiella,Fabaceae,Fabales,Angiosperms,3,2,1,2,0.7,0.7,0.65,0.77
Strephonema,Combretaceae,Myrtales,Angiosperms,22,5,6,9,0.69,0.69,0.64,0.66
Strombosia,Olacaceae,Santalales,Angiosperms,120,20,15,29,0.72,0.72,0.64,0.73
Tambourissa,Monimiaceae,Laurales,Angiosperms,55,8,2,9,0.49,0.5,0.5,0.5
Tectona,Lamiaceae,Lamiales,Angiosperms,99,19,21,39,0.62,0.62,0.59,0.57
Testulea,Ochnaceae,Malpighiales,Angiosperms,21,7,6,11,0.67,0.67,0.63,0.63
Tetraberlinia,Fabaceae,Fabales,Angiosperms,82,11,9,19,0.59,0.6,0.58,0.56
Tetraclinis,Cupressaceae,Cupressales,Gymnosperms,14,5,4,6,0.55,0.56,0.56,0.64
Tetrapleura,Fabaceae,Fabales,Angiosperms,22,6,8,10,0.61,0.61,0.59,0.57
Thuja,Cupressaceae,Cupressales,Gymnosperms,34,9,4,11,0.34,0.35,0.44,0.32
Tieghemella,Sapotaceae,Ericales,Angiosperms,51,14,10,22,0.6,0.61,0.58,0.58
Tina,Sapindaceae,Sapindales,Angiosperms,27,3,1,3,0.65,0.66,0.62,0.67
Trichoscypha,Anacardiaceae,Sapindales,Angiosperms,33,7,11,17,0.61,0.61,0.59,0.6
Triplochiton,Malvaceae,Malvales,Angiosperms,84,17,10,25,0.41,0.4,0.43,0.35
Tsuga,Pinaceae,Pinales,Gymnosperms,97,12,6,14,0.44,0.44,0.49,0.44
Turraeanthus,Meliaceae,Sapindales,Angiosperms,39,11,11,18,0.51,0.52,0.52,0.47
Uapaca,Phyllanthaceae,Malpighiales,Angiosperms,128,12,12,24,0.61,0.62,0.61,0.61
Ulmus,Ulmaceae,Rosales,Angiosperms,116,26,15,42,0.58,0.58,0.57,0.55
Virotia,Proteaceae,Proteales,Angiosperms,3,2,1,2,0.54,0.55,0.55,0.57
Vitellaria,Sapotaceae,Ericales,Angiosperms,14,4,6,10,0.73,0.73,0.66,0.77
Walsura,Meliaceae,Sapindales,Angiosperms,7,4,4,5,0.71,0.71,0.65,0.7
Xanthocercis,Fabaceae,Fabales,Angiosperms,9,4,4,6,0.8,0.8,0.72,0.85
Xanthomyrtus,Myrtaceae,Myrtales,Angiosperms,3,2,2,3,0.81,0.81,0.72,0.85
Xylia,Fabaceae,Fabales,Angiosperms,28,8,9,13,0.77,0.77,0.7,0.79
Alfaroa,Juglandaceae,Fagales,Angiosperms,3,3,3,3,0.57,0.57,0.55,0.55
Billia,Sapindaceae,Sapindales,Angiosperms,6,3,4,4,0.63,0.63,0.6,0.58
Brownea,Fabaceae,Fabales,Angiosperms,42,6,5,11,0.74,0.75,0.68,0.75
Bunchosia,Malpighiaceae,Malpighiales,Angiosperms,13,7,8,9,0.65,0.65,0.61,0.69
Bursera,Burseraceae,Sapindales,Angiosperms,66,24,11,32,0.38,0.38,0.41,0.38
Calycolpus,Myrtaceae,Myrtales,Angiosperms,10,4,3,4,0.75,0.75,0.68,0.74
Clathrotropis,Fabaceae,Fabales,Angiosperms,31,6,7,15,0.7,0.7,0.63,0.78
Diplostephium,Asteraceae,Asterales,Angiosperms,3,1,1,1,0.47,0.47,0.49,0.4
Endlicheria,Lauraceae,Laurales,Angiosperms,41,18,11,22,0.5,0.51,0.51,0.49
Escallonia,Escalloniaceae,Escalloniales,Angiosperms,10,9,7,9,0.59,0.59,0.58,0.58
Hesperomeles,Rosaceae,Rosales,Angiosperms,3,3,3,3,0.71,0.71,0.66,0.74
Monochaetum,Melastomataceae,Myrtales,Angiosperms,1,1,1,1,0.63,0.63,0.6,0.68
Otoba,Myristicaceae,Magnoliales,Angiosperms,37,15,8,25,0.45,0.44,0.47,0.44
Persea,Lauraceae,Laurales,Angiosperms,59,25,17,34,0.52,0.52,0.52,0.5
Pesuodolmedia,unknown_3,"","",1,1,1,1,0.65,0.65,0.61,0.69
Warszewiczia,Rubiaceae,Gentianales,Angiosperms,26,6,6,11,0.59,0.6,0.58,0.65
Adenocalymma,Bignoniaceae,Lamiales,Angiosperms,15,4,6,6,0.58,0.58,0.57,0.63
Schnella,Fabaceae,Fabales,Angiosperms,25,4,7,8,0.58,0.58,0.57,0.53
Capirona,Rubiaceae,Gentianales,Angiosperms,21,6,6,12,0.58,0.58,0.57,0.57
Cestrum,Solanaceae,Solanales,Angiosperms,15,6,7,7,0.51,0.51,0.51,0.48
Clavija,Primulaceae,Ericales,Angiosperms,5,1,1,1,0.56,0.56,0.55,0.55
Conceveiba,Euphorbiaceae,Malpighiales,Angiosperms,34,10,8,14,0.51,0.51,0.52,0.49
Davilla,Dilleniaceae,Dilleniales,Angiosperms,17,5,5,7,0.52,0.52,0.51,0.49
Discocarpus,Phyllanthaceae,Malpighiales,Angiosperms,15,1,1,2,0.68,0.68,0.63,0.7
Dussia,Fabaceae,Fabales,Angiosperms,28,11,8,17,0.56,0.56,0.54,0.55
Ephedranthus,Annonaceae,Magnoliales,Angiosperms,13,3,3,4,0.73,0.73,0.66,0.82
Fissicalyx,Fabaceae,Fabales,Angiosperms,13,4,3,4,0.66,0.66,0.62,0.66
Fridericia,Bignoniaceae,Lamiales,Angiosperms,34,5,4,6,0.52,0.51,0.54,0.48
Leonia,Violaceae,Malpighiales,Angiosperms,65,15,7,25,0.61,0.61,0.58,0.6
Gnetum,Gnetaceae,Gnetales,Gymnosperms,15,9,10,11,0.45,0.45,0.47,0.45
Gouania,Rhamnaceae,Rosales,Angiosperms,15,6,6,6,0.49,0.49,0.51,0.45
Grias,Lecythidaceae,Ericales,Angiosperms,17,6,4,8,0.63,0.64,0.57,0.71
Guioa,Sapindaceae,Sapindales,Angiosperms,15,8,6,8,0.6,0.6,0.61,0.63
Gustavia,Lecythidaceae,Ericales,Angiosperms,70,19,9,30,0.64,0.64,0.62,0.66
Hasseltia,Salicaceae,Malpighiales,Angiosperms,16,5,4,7,0.58,0.58,0.57,0.55
Helianthostylis,Moraceae,Rosales,Angiosperms,7,3,2,4,0.56,0.56,0.55,0.59
Hippotis,Rubiaceae,Gentianales,Angiosperms,11,1,1,2,0.53,0.54,0.54,0.56
Huberodendron,Malvaceae,Malvales,Angiosperms,10,4,4,7,0.55,0.55,0.54,0.57
Hydrochorea,Fabaceae,Fabales,Angiosperms,12,3,4,5,0.55,0.55,0.55,0.51
Isidodendron,Trigoniaceae,Malpighiales,Angiosperms,8,1,1,4,0.78,0.78,0.7,0.92
Marila,Calophyllaceae,Malpighiales,Angiosperms,20,5,4,6,0.67,0.67,0.62,0.66
Mollia,Malvaceae,Malvales,Angiosperms,9,3,4,4,0.52,0.52,0.51,0.54
Damburneya,Lauraceae,Laurales,Angiosperms,39,13,7,15,0.49,0.49,0.5,0.49
Perebea,Moraceae,Rosales,Angiosperms,47,10,7,17,0.58,0.58,0.56,0.58
Piper,Piperaceae,Piperales,Angiosperms,76,14,16,22,0.43,0.43,0.44,0.42
Pseudomalmea,Annonaceae,Magnoliales,Angiosperms,6,3,3,3,0.65,0.65,0.61,0.72
Rudgea,Rubiaceae,Gentianales,Angiosperms,22,9,8,15,0.59,0.59,0.58,0.6
Ruizodendron,Annonaceae,Magnoliales,Angiosperms,5,2,2,2,0.69,0.69,0.63,0.84
Sarcaulus,Sapotaceae,Ericales,Angiosperms,10,3,2,4,0.69,0.69,0.64,0.75
Seguieria,Petiveriaceae,Caryophyllales,Angiosperms,4,3,3,4,0.46,0.46,0.48,0.45
Souroubea,Marcgraviaceae,Ericales,Angiosperms,4,2,2,2,0.53,0.53,0.52,0.54
Stachyarrhena,Rubiaceae,Gentianales,Angiosperms,6,4,3,4,0.71,0.71,0.67,0.74
Stryphnodendron,Fabaceae,Fabales,Angiosperms,27,15,7,18,0.54,0.54,0.53,0.47
Tetrathylacium,Salicaceae,Malpighiales,Angiosperms,14,3,3,4,0.59,0.59,0.58,0.56
Theobroma,Malvaceae,Malvales,Angiosperms,65,15,11,33,0.53,0.53,0.54,0.5
Tovomitopsis,Clusiaceae,Malpighiales,Angiosperms,4,1,1,1,0.53,0.53,0.53,0.47
Pouzolzia,Urticaceae,Rosales,Angiosperms,7,3,4,4,0.4,0.4,0.43,0.38
Trichanthera,Acanthaceae,Lamiales,Angiosperms,11,4,4,4,0.53,0.53,0.52,0.54
Trichospermum,Malvaceae,Malvales,Angiosperms,22,10,7,10,0.36,0.36,0.41,0.32
Trophis,Moraceae,Rosales,Angiosperms,25,10,9,11,0.58,0.59,0.55,0.59
Turpinia,Staphyleaceae,Crossosomatales,Angiosperms,25,8,9,13,0.45,0.45,0.48,0.43
Vasivaea,Malvaceae,Malvales,Angiosperms,2,1,1,1,0.48,0.48,0.49,0.47
Wittmackanthus,Rubiaceae,Gentianales,Angiosperms,9,2,2,6,0.64,0.65,0.61,0.7
Xylophragma,Bignoniaceae,Lamiales,Angiosperms,7,2,2,2,0.54,0.54,0.53,0.54
Guianodendron,Fabaceae,Fabales,Angiosperms,4,3,1,3,0.63,0.63,0.6,0.64
Cespedesia,Ochnaceae,Malpighiales,Angiosperms,34,9,7,11,0.65,0.65,0.62,0.58
Dicymbe,Fabaceae,Fabales,Angiosperms,1,1,1,1,0.68,0.69,0.64,0.73
Olax,Olacaceae,Santalales,Angiosperms,22,7,10,11,0.69,0.69,0.66,0.67
Stenostomum,Rubiaceae,Gentianales,Angiosperms,13,9,5,9,0.67,0.68,0.63,0.67
Loxopterygium,Anacardiaceae,Sapindales,Angiosperms,18,6,7,10,0.67,0.67,0.62,0.6
Lueheopsis,Malvaceae,Malvales,Angiosperms,21,11,6,13,0.5,0.5,0.48,0.52
Martiodendron,Fabaceae,Fabales,Angiosperms,3,3,3,3,0.76,0.76,0.69,0.81
Panopsis,Proteaceae,Proteales,Angiosperms,10,5,7,8,0.51,0.51,0.52,0.49
Trymatococcus,Moraceae,Rosales,Angiosperms,12,8,6,10,0.59,0.59,0.58,0.61
Lepidocordia,Boraginaceae,Boraginales,Angiosperms,2,2,1,2,0.65,0.65,0.61,0.75
Piranhea,Picrodendraceae,Malpighiales,Angiosperms,13,8,5,9,0.82,0.82,0.74,0.86
Quiina,Ochnaceae,Malpighiales,Angiosperms,21,8,6,14,0.79,0.8,0.73,0.74
Salix,Salicaceae,Malpighiales,Angiosperms,260,36,23,72,0.46,0.45,0.48,0.43
Stylogyne,Primulaceae,Ericales,Angiosperms,7,3,3,3,0.56,0.56,0.55,0.56
Feijoa,Myrtaceae,Myrtales,Angiosperms,2,2,1,2,0.68,0.68,0.64,0.62
Pseudalbizzia,Fabaceae,Fabales,Angiosperms,7,6,4,6,0.55,0.55,0.55,0.52
Ambelania,Apocynaceae,Gentianales,Angiosperms,10,5,5,6,0.51,0.49,0.5,0.49
Abutilon,Malvaceae,Malvales,Angiosperms,13,6,5,8,0.5,0.5,0.5,0.51
Bathysa,Rubiaceae,Gentianales,Angiosperms,2,2,1,2,0.56,0.56,0.55,0.5
Plectrocarpa,Zygophyllaceae,Zygophyllales,Angiosperms,8,7,5,8,0.92,0.92,0.81,0.97
Cinnamodendron,Canellaceae,Canellales,Angiosperms,2,2,1,2,0.59,0.58,0.57,0.48
Chloroleucon,Fabaceae,Fabales,Angiosperms,33,15,7,19,0.58,0.59,0.57,0.63
Chrysobalanus,Chrysobalanaceae,Malpighiales,Angiosperms,12,5,9,11,0.73,0.73,0.68,0.72
Clethra,Clethraceae,Ericales,Angiosperms,31,17,10,20,0.54,0.53,0.52,0.5
Cnidoscolus,Euphorbiaceae,Malpighiales,Angiosperms,18,10,2,10,0.31,0.31,0.36,0.34
Cybistax,Bignoniaceae,Lamiales,Angiosperms,2,2,1,2,0.57,0.55,0.56,0.58
Cyclolobium,Fabaceae,Fabales,Angiosperms,1,1,1,1,0.7,0.7,0.65,0.75
Daphnopsis,Thymelaeaceae,Malvales,Angiosperms,12,7,5,7,0.44,0.43,0.47,0.4
Derris,Fabaceae,Fabales,Angiosperms,4,3,3,3,0.67,0.67,0.63,0.62
Diatenopteryx,Sapindaceae,Sapindales,Angiosperms,8,7,3,8,0.7,0.71,0.65,0.69
Esenbeckia,Rutaceae,Sapindales,Angiosperms,11,9,3,9,0.78,0.79,0.73,0.86
Gleditsia,Fabaceae,Fabales,Angiosperms,23,11,11,17,0.64,0.65,0.61,0.63
Moquiniastrum,Asteraceae,Asterales,Angiosperms,9,6,2,6,0.62,0.62,0.59,0.66
Helietta,Rutaceae,Sapindales,Angiosperms,14,7,6,11,0.76,0.77,0.7,0.75
Holocalyx,Fabaceae,Fabales,Angiosperms,9,6,3,8,0.77,0.78,0.71,0.83
Hyptidendron,Lamiaceae,Lamiales,Angiosperms,2,2,1,2,0.47,0.45,0.47,0.39
Isertia,Rubiaceae,Gentianales,Angiosperms,25,6,6,9,0.58,0.58,0.59,0.54
Joannesia,Euphorbiaceae,Malpighiales,Angiosperms,5,4,2,4,0.41,0.41,0.44,0.42
Lithraea,Anacardiaceae,Sapindales,Angiosperms,11,8,3,10,0.7,0.71,0.66,0.66
Dahlstedtia,Fabaceae,Fabales,Angiosperms,14,9,7,11,0.64,0.64,0.63,0.61
Muellera,Fabaceae,Fabales,Angiosperms,13,9,4,11,0.68,0.69,0.66,0.66
Malouetia,Apocynaceae,Gentianales,Angiosperms,17,8,6,8,0.49,0.49,0.51,0.48
Meliosma,Sabiaceae,Proteales,Angiosperms,77,25,16,35,0.51,0.52,0.49,0.49
Micrandra,Euphorbiaceae,Malpighiales,Angiosperms,15,4,3,10,0.61,0.61,0.57,0.62
Microlobius,Fabaceae,Fabales,Angiosperms,1,1,1,1,0.62,0.63,0.6,0.59
Myrceugenia,Myrtaceae,Myrtales,Angiosperms,83,7,2,8,0.58,0.58,0.57,0.54
Oreopanax,Araliaceae,Apiales,Angiosperms,13,7,5,7,0.53,0.53,0.52,0.54
Parkinsonia,Fabaceae,Fabales,Angiosperms,18,11,8,13,0.6,0.6,0.58,0.58
Physocalymma,Lythraceae,Myrtales,Angiosperms,1,1,1,1,0.65,0.65,0.61,0.7
Pityrocarpa,Fabaceae,Fabales,Angiosperms,79,5,2,5,0.73,0.73,0.69,0.71
Piptocarpha,Asteraceae,Asterales,Angiosperms,19,11,5,15,0.5,0.48,0.51,0.47
Poraqueiba,Metteniusaceae,Metteniusales,Angiosperms,13,6,4,7,0.67,0.67,0.63,0.71
Porcelia,Annonaceae,Magnoliales,Angiosperms,3,3,3,3,0.51,0.52,0.5,0.47
Priogymnanthus,Oleaceae,Lamiales,Angiosperms,1,1,1,1,0.69,0.69,0.65,0.72
Ramisia,Nyctaginaceae,Caryophyllales,Angiosperms,1,1,1,1,0.5,0.5,0.51,0.51
Schinus,Anacardiaceae,Sapindales,Angiosperms,28,13,11,18,0.65,0.64,0.64,0.61
Schistostemon,Humiriaceae,Malpighiales,Angiosperms,2,2,2,2,0.77,0.77,0.7,0.81
Sebastiania,Euphorbiaceae,Malpighiales,Angiosperms,15,11,6,13,0.59,0.59,0.57,0.59
Savia,Phyllanthaceae,Malpighiales,Angiosperms,1,1,1,1,0.69,0.69,0.64,0.75
Stifftia,Asteraceae,Asterales,Angiosperms,2,2,1,2,0.52,0.52,0.52,0.5
Pleroma,Melastomataceae,Myrtales,Angiosperms,8,5,2,5,0.51,0.51,0.51,0.51
Ambroma,Malvaceae,Malvales,Angiosperms,1,1,1,1,0.44,0.44,0.46,0.36
Abuta,Menispermaceae,Ranunculales,Angiosperms,21,3,7,8,0.55,0.55,0.54,0.54
Mariosousa,Fabaceae,Fabales,Angiosperms,1,1,1,1,0.65,0.66,0.62,0.63
Parasenegalia,Fabaceae,Fabales,Angiosperms,7,3,3,4,0.83,0.83,0.73,0.92
Prosopis,Fabaceae,Fabales,Angiosperms,10,7,7,9,0.65,0.65,0.61,0.67
Acalypha,Euphorbiaceae,Malpighiales,Angiosperms,23,7,7,8,0.54,0.54,0.53,0.53
Acer,Sapindaceae,Sapindales,Angiosperms,1015,46,22,122,0.55,0.55,0.53,0.5
Achatocarpus,Achatocarpaceae,Caryophyllales,Angiosperms,5,4,2,4,0.69,0.69,0.64,0.71
Iochroma,Solanaceae,Solanales,Angiosperms,3,1,2,2,0.55,0.55,0.54,0.55
Acridocarpus,Malpighiaceae,Malpighiales,Angiosperms,5,1,2,2,0.64,0.64,0.61,0.68
Acrocarpus,Fabaceae,Fabales,Angiosperms,5,4,3,4,0.56,0.56,0.55,0.48
Actinodaphne,Lauraceae,Laurales,Angiosperms,17,9,6,9,0.52,0.52,0.52,0.51
Adansonia,Malvaceae,Malvales,Angiosperms,9,2,3,4,0.27,0.25,0.35,0.25
Adenanthera,Fabaceae,Fabales,Angiosperms,24,10,11,16,0.71,0.71,0.65,0.63
Adenium,Apocynaceae,Gentianales,Angiosperms,1,1,1,1,0.35,0.35,0.4,0.17
Adenocarpus,Fabaceae,Fabales,Angiosperms,1,1,1,1,0.63,0.63,0.6,0.57
Adenopodia,Fabaceae,Fabales,Angiosperms,3,2,2,2,0.59,0.59,0.58,0.52
Adenostoma,Rosaceae,Rosales,Angiosperms,12,8,2,9,0.71,0.74,0.68,0.73
Adinandra,Pentaphylacaceae,Ericales,Angiosperms,35,8,4,8,0.55,0.55,0.55,0.53
Aegle,Rutaceae,Sapindales,Angiosperms,10,8,4,10,0.7,0.7,0.65,0.74
Aeglopsis,Rutaceae,Sapindales,Angiosperms,1,1,1,1,0.71,0.71,0.66,0.75
Aeschynomene,Fabaceae,Fabales,Angiosperms,4,1,2,2,0.34,0.34,0.4,0.07
Aesculus,Sapindaceae,Sapindales,Angiosperms,25,14,10,18,0.46,0.46,0.48,0.42
Aextoxicon,Aextoxicaceae,Berberidopsidales,Angiosperms,3,2,2,2,0.53,0.53,0.53,0.51
Afraegle,Rutaceae,Sapindales,Angiosperms,2,2,2,2,0.65,0.66,0.62,0.64
Afrocanthium,Rubiaceae,Gentianales,Angiosperms,2,2,2,2,0.66,0.66,0.62,0.7
Afrolicania,Chrysobalanaceae,Malpighiales,Angiosperms,1,1,1,1,0.8,0.81,0.73,0.87
Afrostyrax,Huaceae,Oxalidales,Angiosperms,12,2,4,4,0.71,0.71,0.66,0.71
Aglaia,Meliaceae,Sapindales,Angiosperms,103,19,13,27,0.68,0.69,0.64,0.65
Alantsilodendron,Fabaceae,Fabales,Angiosperms,1,1,1,1,0.73,0.74,0.67,0.83
Pseudosamanea,Fabaceae,Fabales,Angiosperms,10,4,5,6,0.61,0.61,0.59,0.55
Alchorneopsis,Euphorbiaceae,Malpighiales,Angiosperms,19,8,7,11,0.44,0.44,0.46,0.41
Alibertia,Rubiaceae,Gentianales,Angiosperms,20,8,5,8,0.68,0.68,0.63,0.72
Allantospermum,Irvingiaceae,Malpighiales,Angiosperms,4,1,2,2,0.77,0.78,0.71,0.77
Allexis,Violaceae,Malpighiales,Angiosperms,1,1,1,1,0.58,0.58,0.56,0.58
Allospondias,Anacardiaceae,Sapindales,Angiosperms,3,1,1,1,0.48,0.48,0.5,0.39
Alluaudiopsis,Didiereaceae,Caryophyllales,Angiosperms,1,1,1,1,0.49,0.49,0.5,0.51
Alniphyllum,Styracaceae,Ericales,Angiosperms,5,2,1,2,0.43,0.43,0.45,0.37
Alnus,Betulaceae,Fagales,Angiosperms,567,40,23,129,0.47,0.47,0.47,0.4
Alphonsea,Annonaceae,Magnoliales,Angiosperms,6,5,3,5,0.67,0.67,0.61,0.68
Alseodaphnopsis,Lauraceae,Laurales,Angiosperms,6,5,2,5,0.57,0.57,0.55,0.58
Liquidambar,Altingiaceae,Saxifragales,Angiosperms,1579,18,10,68,0.6,0.6,0.57,0.48
Altingia,unknown_4,"","",1,1,1,1,0.61,0.61,0.58,0.6
Alvaradoa,Picramniaceae,Picramniales,Angiosperms,4,4,3,4,0.59,0.59,0.57,0.56
Alyxia,Apocynaceae,Gentianales,Angiosperms,12,3,3,3,0.68,0.68,0.62,0.68
Amblygonocarpus,Fabaceae,Fabales,Angiosperms,6,4,4,4,0.76,0.76,0.69,0.84
Amborella,Amborellaceae,Amborellales,Angiosperms,2,2,1,2,0.48,0.48,0.49,0.49
Amelanchier,Rosaceae,Rosales,Angiosperms,7,5,3,5,0.71,0.71,0.65,0.68
Amentotaxus,Taxaceae,Cupressales,Gymnosperms,5,2,1,2,0.6,0.61,0.58,0.63
Amesiodendron,Sapindaceae,Sapindales,Angiosperms,4,3,1,3,0.76,0.77,0.69,0.82
Amphitecna,Bignoniaceae,Lamiales,Angiosperms,4,4,3,4,0.51,0.51,0.52,0.5
Amyris,Rutaceae,Sapindales,Angiosperms,7,6,6,6,0.8,0.8,0.72,0.88
Anacolosa,Olacaceae,Santalales,Angiosperms,9,3,2,3,0.67,0.67,0.62,0.67
Androstachys,Picrodendraceae,Malpighiales,Angiosperms,125,4,3,7,0.75,0.74,0.68,0.8
Androya,Scrophulariaceae,Lamiales,Angiosperms,1,1,1,1,0.61,0.61,0.59,0.63
Angylocalyx,Fabaceae,Fabales,Angiosperms,19,3,4,5,0.67,0.68,0.65,0.63
Aningeria,Sapotaceae,Ericales,Angiosperms,1,1,1,1,0.54,0.54,0.53,0.36
Anisophyllea,Anisophylleaceae,Cucurbitales,Angiosperms,31,11,9,16,0.71,0.71,0.65,0.7
Anneslea,Pentaphylacaceae,Ericales,Angiosperms,5,4,4,4,0.63,0.63,0.6,0.64
Anodopetalum,Cunoniaceae,Oxalidales,Angiosperms,3,3,1,3,0.6,0.61,0.58,0.62
Anomospermum,Menispermaceae,Ranunculales,Angiosperms,7,3,4,5,0.45,0.45,0.48,0.43
Anomostachys,Euphorbiaceae,Malpighiales,Angiosperms,2,2,1,2,0.54,0.54,0.53,0.56
Anthodiscus,Caryocaraceae,Malpighiales,Angiosperms,10,5,4,7,0.65,0.64,0.61,0.62
Englerodendron,Fabaceae,Fabales,Angiosperms,2,1,1,1,0.67,0.67,0.63,0.66
Antirhea,Rubiaceae,Gentianales,Angiosperms,8,4,3,5,0.6,0.6,0.58,0.62
Aphanamixis,Meliaceae,Sapindales,Angiosperms,20,11,8,13,0.57,0.58,0.56,0.56
Aphloia,Aphloiaceae,Crossosomatales,Angiosperms,36,8,5,10,0.57,0.58,0.57,0.59
Apoplanesia,Fabaceae,Fabales,Angiosperms,5,4,2,4,0.74,0.74,0.66,0.79
Aporosa,Phyllanthaceae,Malpighiales,Angiosperms,54,13,7,15,0.63,0.63,0.6,0.64
Aporrhiza,Sapindaceae,Sapindales,Angiosperms,1,1,1,1,0.67,0.67,0.63,0.64
Aquilaria,Thymelaeaceae,Malvales,Angiosperms,15,4,7,8,0.38,0.38,0.43,0.35
Aralia,Araliaceae,Apiales,Angiosperms,22,11,7,13,0.41,0.42,0.45,0.39
Arboa,Passifloraceae,Malpighiales,Angiosperms,1,1,1,1,0.58,0.58,0.56,0.61
Arbutus,Ericaceae,Ericales,Angiosperms,22,14,6,17,0.62,0.62,0.58,0.6
Arctostaphylos,Ericaceae,Ericales,Angiosperms,12,6,3,9,0.63,0.63,0.62,0.62
Ardisia,Primulaceae,Ericales,Angiosperms,75,23,15,26,0.59,0.59,0.59,0.6
Argania,Sapotaceae,Ericales,Angiosperms,1,1,1,1,0.74,0.74,0.67,0.82
Aristogeitonia,Picrodendraceae,Malpighiales,Angiosperms,2,1,1,1,0.86,0.86,0.76,0.92
Artabotrys,Annonaceae,Magnoliales,Angiosperms,19,4,8,8,0.49,0.49,0.5,0.46
Ascarina,Chloranthaceae,Chloranthales,Angiosperms,3,2,3,3,0.42,0.42,0.45,0.41
Asimina,Annonaceae,Magnoliales,Angiosperms,2,2,1,2,0.45,0.45,0.47,0.34
Aspidostemon,Lauraceae,Laurales,Angiosperms,17,1,1,1,0.62,0.62,0.59,0.62
Astrocassine,unknown_5,"","",1,1,1,1,0.61,0.61,0.59,0.65
Atemnosiphon,Thymelaeaceae,Malvales,Angiosperms,1,1,1,1,0.51,0.51,0.51,0.54
Atherosperma,Atherospermataceae,Laurales,Angiosperms,15,6,2,6,0.53,0.53,0.53,0.51
Aubregrinia,Sapotaceae,Ericales,Angiosperms,3,1,1,1,0.54,0.54,0.54,0.41
Aubrevillea,Fabaceae,Fabales,Angiosperms,12,3,9,10,0.62,0.62,0.6,0.59
Augouardia,Fabaceae,Fabales,Angiosperms,2,1,1,1,0.75,0.75,0.68,0.81
Aulacocalyx,Rubiaceae,Gentianales,Angiosperms,12,2,3,3,0.63,0.63,0.6,0.6
Austrobuxus,Picrodendraceae,Malpighiales,Angiosperms,3,2,1,2,0.72,0.73,0.67,0.76
Austrocedrus,Cupressaceae,Cupressales,Gymnosperms,5,4,3,5,0.44,0.44,0.48,0.44
Averrhoa,Oxalidaceae,Oxalidales,Angiosperms,10,6,6,7,0.53,0.53,0.53,0.52
Azadirachta,Meliaceae,Sapindales,Angiosperms,16,9,8,13,0.6,0.6,0.58,0.64
Azima,Salvadoraceae,Brassicales,Angiosperms,2,1,1,1,0.56,0.57,0.55,0.57
Baccaurea,Phyllanthaceae,Malpighiales,Angiosperms,27,9,4,11,0.63,0.63,0.6,0.59
Badula,Primulaceae,Ericales,Angiosperms,2,2,1,2,0.57,0.57,0.56,0.54
Bafodeya,Chrysobalanaceae,Malpighiales,Angiosperms,2,1,1,1,0.72,0.72,0.67,0.68
Baikiaea,Fabaceae,Fabales,Angiosperms,66,9,11,16,0.7,0.7,0.65,0.81
Balakata,Euphorbiaceae,Malpighiales,Angiosperms,10,7,7,9,0.41,0.41,0.44,0.35
Balanites,Zygophyllaceae,Zygophyllales,Angiosperms,28,8,14,21,0.68,0.69,0.65,0.66
Balthasaria,Theaceae,Ericales,Angiosperms,3,2,3,3,0.57,0.58,0.56,0.55
Baphia,Fabaceae,Fabales,Angiosperms,74,7,14,17,0.75,0.75,0.68,0.78
Barteria,Passifloraceae,Malpighiales,Angiosperms,17,2,7,9,0.59,0.59,0.57,0.56
Batesia,Fabaceae,Fabales,Angiosperms,4,2,2,3,0.57,0.57,0.56,0.52
Bathiorhamnus,Rhamnaceae,Rosales,Angiosperms,13,2,1,2,0.7,0.7,0.65,0.69
Baudouinia,Fabaceae,Fabales,Angiosperms,3,1,1,1,0.84,0.85,0.75,0.94
Piliostigma,Fabaceae,Fabales,Angiosperms,22,5,11,15,0.61,0.61,0.59,0.6
Phanera,Fabaceae,Fabales,Angiosperms,32,3,2,3,0.56,0.57,0.56,0.42
Bedfordia,Asteraceae,Asterales,Angiosperms,13,4,1,4,0.61,0.6,0.58,0.57
Beguea,Sapindaceae,Sapindales,Angiosperms,3,2,1,2,0.71,0.71,0.66,0.74
Bembicia,Salicaceae,Malpighiales,Angiosperms,1,1,1,1,0.59,0.59,0.58,0.58
Bembiciopsis,Salicaceae,Malpighiales,Angiosperms,2,1,1,1,0.65,0.65,0.62,0.7
Benoistia,Euphorbiaceae,Malpighiales,Angiosperms,2,2,1,2,0.57,0.57,0.55,0.62
Berchemiella,Rhamnaceae,Rosales,Angiosperms,6,2,2,2,0.67,0.67,0.63,0.63
Berchemia,Rhamnaceae,Rosales,Angiosperms,24,7,8,9,0.69,0.69,0.64,0.71
Berrya,Malvaceae,Malvales,Angiosperms,3,3,3,3,0.67,0.67,0.62,0.81
Bersama,Francoaceae,Geraniales,Angiosperms,18,5,10,11,0.62,0.62,0.59,0.63
Bertiera,Rubiaceae,Gentianales,Angiosperms,9,3,5,5,0.57,0.57,0.56,0.51
Betula,Betulaceae,Fagales,Angiosperms,1344,60,26,197,0.57,0.57,0.53,0.53
Bivinia,Salicaceae,Malpighiales,Angiosperms,1,1,1,1,0.59,0.59,0.58,0.58
Blakea,Melastomataceae,Myrtales,Angiosperms,4,2,2,3,0.59,0.59,0.57,0.6
Blastemanthus,Ochnaceae,Malpighiales,Angiosperms,1,1,1,1,0.8,0.81,0.72,0.89
Blepharidium,Rubiaceae,Gentianales,Angiosperms,6,6,1,6,0.57,0.57,0.56,0.55
Boscia,Capparaceae,Brassicales,Angiosperms,11,5,8,9,0.65,0.65,0.61,0.67
Maerua,Capparaceae,Brassicales,Angiosperms,10,4,6,6,0.62,0.62,0.59,0.65
Bosqueiopsis,Moraceae,Rosales,Angiosperms,2,1,1,1,0.59,0.59,0.57,0.6
Boswellia,Burseraceae,Sapindales,Angiosperms,13,7,5,11,0.51,0.51,0.51,0.48
Bothriospora,Rubiaceae,Gentianales,Angiosperms,2,2,1,2,0.63,0.63,0.6,0.66
Bouea,Anacardiaceae,Sapindales,Angiosperms,6,5,2,5,0.67,0.67,0.62,0.7
Bourreria,Boraginaceae,Boraginales,Angiosperms,8,5,5,8,0.65,0.66,0.61,0.69
Heliotropium,Boraginaceae,Boraginales,Angiosperms,21,5,7,7,0.45,0.45,0.48,0.39
Brandzeia,Fabaceae,Fabales,Angiosperms,2,1,1,1,0.52,0.52,0.53,0.4
Brassaiopsis,Araliaceae,Apiales,Angiosperms,2,2,2,2,0.37,0.38,0.42,0.31
Bravaisia,Acanthaceae,Lamiales,Angiosperms,4,4,3,4,0.5,0.5,0.5,0.48
Brazzeia,Lecythidaceae,Ericales,Angiosperms,2,1,2,2,0.59,0.6,0.57,0.58
Brenania,Rubiaceae,Gentianales,Angiosperms,10,2,5,5,0.67,0.67,0.63,0.7
Brenierea,Fabaceae,Fabales,Angiosperms,2,1,1,1,0.85,0.85,0.75,1.02
Breonadia,Rubiaceae,Gentianales,Angiosperms,13,4,4,6,0.68,0.68,0.64,0.73
Brexia,Celastraceae,Celastrales,Angiosperms,4,1,2,2,0.58,0.58,0.57,0.54
Brexiella,Celastraceae,Celastrales,Angiosperms,1,1,1,1,0.73,0.73,0.67,0.86
Neobrochoneura,Myristicaceae,Magnoliales,Angiosperms,38,2,1,2,0.57,0.57,0.53,0.51
Broussonetia,Moraceae,Rosales,Angiosperms,19,5,6,8,0.46,0.46,0.48,0.38
Browneopsis,Fabaceae,Fabales,Angiosperms,3,2,1,2,0.68,0.68,0.64,0.66
Brucea,Simaroubaceae,Sapindales,Angiosperms,2,2,2,2,0.42,0.42,0.45,0.38
Brunellia,Brunelliaceae,Oxalidales,Angiosperms,7,6,5,6,0.34,0.34,0.39,0.32
Brya,Fabaceae,Fabales,Angiosperms,2,1,2,2,0.85,0.85,0.75,1
Buchholzia,Capparaceae,Brassicales,Angiosperms,13,2,5,6,0.51,0.51,0.52,0.47
Bulnesia,Zygophyllaceae,Zygophyllales,Angiosperms,4,3,1,3,0.78,0.78,0.71,0.78
Burasaia,Menispermaceae,Ranunculales,Angiosperms,4,2,1,2,0.55,0.55,0.54,0.6
Burckella,Sapotaceae,Ericales,Angiosperms,6,4,4,4,0.59,0.59,0.57,0.54
Burkea,Fabaceae,Fabales,Angiosperms,13,8,6,11,0.71,0.71,0.65,0.72
Burretiodendron,Malvaceae,Malvales,Angiosperms,9,3,2,4,0.8,0.8,0.7,0.91
Bussea,Fabaceae,Fabales,Angiosperms,11,4,6,6,0.79,0.79,0.71,0.8
Butea,Fabaceae,Fabales,Angiosperms,6,6,3,6,0.55,0.55,0.55,0.48
Buxus,Buxaceae,Buxales,Angiosperms,19,8,12,14,0.75,0.75,0.68,0.75
Cadaba,Capparaceae,Brassicales,Angiosperms,3,2,2,2,0.57,0.57,0.56,0.57
Cadia,Fabaceae,Fabales,Angiosperms,3,2,2,2,0.77,0.77,0.69,0.84
Biancaea,Fabaceae,Fabales,Angiosperms,8,4,4,4,0.67,0.68,0.63,0.62
Tara,Fabaceae,Fabales,Angiosperms,4,3,3,3,0.65,0.66,0.62,0.66
Caesalpinia,Fabaceae,Fabales,Angiosperms,3,3,2,3,0.68,0.69,0.64,0.7
Calantica,Salicaceae,Malpighiales,Angiosperms,1,1,1,1,0.7,0.7,0.65,0.82
Adinobotrys,Fabaceae,Fabales,Angiosperms,4,4,2,4,0.68,0.68,0.63,0.65
Callicarpa,Lamiaceae,Lamiales,Angiosperms,29,10,4,11,0.5,0.5,0.53,0.47
Calocedrus,Cupressaceae,Cupressales,Gymnosperms,8,5,3,6,0.41,0.42,0.45,0.41
Calodendrum,Rutaceae,Sapindales,Angiosperms,4,3,2,3,0.61,0.61,0.59,0.58
Caloncoba,Achariaceae,Malpighiales,Angiosperms,34,4,9,10,0.62,0.62,0.59,0.61
Calotropis,Apocynaceae,Gentianales,Angiosperms,4,2,3,4,0.4,0.4,0.43,0.31
Calpurnia,Fabaceae,Fabales,Angiosperms,4,4,2,4,0.68,0.68,0.64,0.71
Calycanthus,Calycanthaceae,Laurales,Angiosperms,2,2,2,2,0.53,0.53,0.53,0.51
Calyptranthes,Myrtaceae,Myrtales,Angiosperms,2,2,2,2,0.75,0.75,0.68,0.81
Camellia,Theaceae,Ericales,Angiosperms,49,10,7,12,0.61,0.61,0.61,0.51
Campnosperma,Anacardiaceae,Sapindales,Angiosperms,34,12,11,19,0.41,0.41,0.45,0.37
Campsis,Bignoniaceae,Lamiales,Angiosperms,1,1,1,1,0.5,0.5,0.51,0.44
Camptolepis,Sapindaceae,Sapindales,Angiosperms,6,1,2,2,0.76,0.76,0.69,0.8
Camptostemon,Malvaceae,Malvales,Angiosperms,2,2,2,2,0.5,0.5,0.51,0.49
Camptostylus,Achariaceae,Malpighiales,Angiosperms,5,1,3,3,0.62,0.62,0.59,0.62
Camptotheca,Nyssaceae,Cornales,Angiosperms,3,2,1,2,0.47,0.48,0.49,0.44
Campylospermum,Ochnaceae,Malpighiales,Angiosperms,25,4,5,8,0.77,0.77,0.7,0.76
Canella,Canellaceae,Canellales,Angiosperms,6,3,3,4,0.8,0.8,0.72,0.89
Canthiumera,Rubiaceae,Gentianales,Angiosperms,2,2,2,2,0.54,0.54,0.54,0.45
Canthium,Rubiaceae,Gentianales,Angiosperms,11,4,4,4,0.57,0.57,0.57,0.54
Kanapia,Rubiaceae,Gentianales,Angiosperms,2,2,2,2,0.53,0.54,0.54,0.46
Cantleya,Stemonuraceae,Aquifoliales,Angiosperms,6,5,3,5,0.76,0.76,0.68,0.87
Neocalyptrocalyx,Capparaceae,Brassicales,Angiosperms,6,2,1,2,0.6,0.59,0.56,0.61
Capurodendron,Sapotaceae,Ericales,Angiosperms,32,1,1,1,0.85,0.85,0.74,0.87
Capuronia,Lythraceae,Myrtales,Angiosperms,1,1,1,1,0.64,0.64,0.61,0.68
Capuronianthus,Meliaceae,Sapindales,Angiosperms,2,1,1,1,0.74,0.74,0.67,0.89
Careya,Lecythidaceae,Ericales,Angiosperms,11,6,6,8,0.66,0.66,0.62,0.68
Carica,Caricaceae,Brassicales,Angiosperms,3,3,3,3,0.24,0.24,0.32,0.15
Carissa,Apocynaceae,Gentianales,Angiosperms,22,8,6,10,0.7,0.7,0.65,0.7
Paracarphalea,Rubiaceae,Gentianales,Angiosperms,1,1,1,1,0.59,0.6,0.58,0.58
Carpodiptera,Malvaceae,Malvales,Angiosperms,1,1,1,1,0.61,0.61,0.58,0.73
Carpolobia,Polygalaceae,Fabales,Angiosperms,6,2,2,2,0.73,0.74,0.67,0.72
Carya,Juglandaceae,Fagales,Angiosperms,34,8,7,11,0.64,0.64,0.6,0.64
Caryodaphnopsis,Lauraceae,Laurales,Angiosperms,7,4,4,4,0.61,0.61,0.58,0.64
Cascabela,Apocynaceae,Gentianales,Angiosperms,6,5,3,6,0.56,0.56,0.55,0.6
Casimiroa,Rutaceae,Sapindales,Angiosperms,3,3,1,3,0.68,0.69,0.64,0.7
Cassine,Celastraceae,Celastrales,Angiosperms,4,2,2,3,0.66,0.66,0.62,0.68
Castanea,Fagaceae,Fagales,Angiosperms,77,15,11,36,0.52,0.52,0.53,0.47
Castilla,Moraceae,Rosales,Angiosperms,23,9,7,13,0.43,0.42,0.44,0.38
Catalpa,Bignoniaceae,Lamiales,Angiosperms,19,10,8,13,0.47,0.47,0.49,0.45
Cavacoa,Euphorbiaceae,Malpighiales,Angiosperms,8,2,2,3,0.59,0.59,0.57,0.6
Ceanothus,Rhamnaceae,Rosales,Angiosperms,28,9,2,16,0.64,0.65,0.62,0.64
Cedrelopsis,Rutaceae,Sapindales,Angiosperms,50,3,2,3,0.75,0.76,0.68,0.76
Celastrus,Celastraceae,Celastrales,Angiosperms,7,5,3,5,0.53,0.53,0.54,0.46
Centroplacus,Centroplacaceae,Malpighiales,Angiosperms,13,2,3,4,0.71,0.71,0.65,0.75
Brochoneura,Myristicaceae,Magnoliales,Angiosperms,6,3,2,3,0.49,0.49,0.49,0.47
Cephalotaxus,Cephalotaxaceae,Cupressales,Gymnosperms,5,4,2,4,0.55,0.55,0.54,0.52
Ceratonia,Fabaceae,Fabales,Angiosperms,4,3,4,4,0.61,0.61,0.58,0.54
Cercidiphyllum,Cercidiphyllaceae,Saxifragales,Angiosperms,7,4,3,5,0.5,0.5,0.51,0.45
Cercis,Fabaceae,Fabales,Angiosperms,50,8,5,9,0.57,0.57,0.53,0.52
Ceriscoides,Rubiaceae,Gentianales,Angiosperms,5,5,3,5,0.64,0.64,0.61,0.66
Chadsia,Fabaceae,Fabales,Angiosperms,3,1,1,1,0.68,0.68,0.63,0.7
Chamaecyparis,Cupressaceae,Cupressales,Gymnosperms,19,9,4,10,0.39,0.39,0.44,0.4
Chengiopanax,Araliaceae,Apiales,Angiosperms,4,4,1,4,0.43,0.43,0.45,0.37
Chidlowia,Fabaceae,Fabales,Angiosperms,7,2,2,3,0.77,0.77,0.7,0.83
Chilopsis,Bignoniaceae,Lamiales,Angiosperms,4,4,2,4,0.51,0.51,0.51,0.48
Noronhia,Oleaceae,Lamiales,Angiosperms,39,6,6,9,0.66,0.67,0.65,0.73
Chione,Rubiaceae,Gentianales,Angiosperms,3,3,3,3,0.63,0.63,0.6,0.62
Chiranthodendron,Malvaceae,Malvales,Angiosperms,2,2,1,2,0.45,0.45,0.47,0.4
Choerospondias,Anacardiaceae,Sapindales,Angiosperms,18,4,4,6,0.55,0.55,0.54,0.51
Christiana,Malvaceae,Malvales,Angiosperms,9,2,3,4,0.7,0.7,0.63,0.82
Chromolucuma,Sapotaceae,Ericales,Angiosperms,2,2,2,2,0.68,0.69,0.63,0.67
Chrysochlamys,Clusiaceae,Malpighiales,Angiosperms,12,5,4,8,0.5,0.5,0.5,0.47
Chrysolepis,Fagaceae,Fagales,Angiosperms,3,3,1,3,0.52,0.52,0.53,0.44
Chukrasia,Meliaceae,Sapindales,Angiosperms,24,9,6,12,0.59,0.59,0.57,0.59
Chytranthus,Sapindaceae,Sapindales,Angiosperms,20,2,5,6,0.66,0.66,0.62,0.62
Cinchona,Rubiaceae,Gentianales,Angiosperms,9,2,3,4,0.58,0.58,0.57,0.55
Cinnadenia,Lauraceae,Laurales,Angiosperms,1,1,1,1,0.56,0.56,0.55,0.56
Cinnamosma,Canellaceae,Canellales,Angiosperms,8,2,1,2,0.76,0.76,0.69,0.83
Citrus,Rutaceae,Sapindales,Angiosperms,34,9,13,14,0.67,0.67,0.63,0.65
Cladrastis,Fabaceae,Fabales,Angiosperms,5,2,2,3,0.63,0.63,0.6,0.59
Platyosprion,Fabaceae,Fabales,Angiosperms,2,1,1,1,0.66,0.66,0.62,0.62
Claoxylon,Euphorbiaceae,Malpighiales,Angiosperms,5,3,3,3,0.42,0.42,0.45,0.35
Cleidiocarpon,Euphorbiaceae,Malpighiales,Angiosperms,1,1,1,1,0.55,0.55,0.54,0.55
Cleistanthus,Phyllanthaceae,Malpighiales,Angiosperms,60,16,14,23,0.71,0.72,0.65,0.72
Clerodendrum,Lamiaceae,Lamiales,Angiosperms,32,12,7,13,0.47,0.48,0.46,0.49
Cleyera,Pentaphylacaceae,Ericales,Angiosperms,14,6,4,7,0.6,0.6,0.58,0.59
Clibadium,Asteraceae,Asterales,Angiosperms,7,3,3,3,0.4,0.4,0.44,0.29
Cloiselia,Asteraceae,Asterales,Angiosperms,1,1,1,1,0.54,0.55,0.54,0.55
Cocconerion,Euphorbiaceae,Malpighiales,Angiosperms,2,1,1,1,0.74,0.74,0.66,0.88
Codia,Cunoniaceae,Oxalidales,Angiosperms,7,4,1,4,0.71,0.71,0.65,0.76
Coffea,Rubiaceae,Gentianales,Angiosperms,25,6,10,14,0.64,0.64,0.61,0.63
Cola,Malvaceae,Malvales,Angiosperms,160,9,20,31,0.61,0.61,0.58,0.6
Colletoecema,Rubiaceae,Gentianales,Angiosperms,6,2,3,4,0.66,0.66,0.62,0.68
Colona,Malvaceae,Malvales,Angiosperms,7,5,4,5,0.4,0.4,0.44,0.36
Colophospermum,Fabaceae,Fabales,Angiosperms,26,7,5,9,0.79,0.79,0.7,0.95
Colvillea,Fabaceae,Fabales,Angiosperms,2,1,1,1,0.49,0.49,0.51,0.35
Comarostaphylis,Ericaceae,Ericales,Angiosperms,4,4,2,4,0.66,0.67,0.63,0.67
Combretocarpus,Anisophylleaceae,Cucurbitales,Angiosperms,6,5,3,5,0.62,0.63,0.59,0.63
Comocladia,Anacardiaceae,Sapindales,Angiosperms,4,4,3,4,0.76,0.77,0.69,0.84
Comoranthus,Oleaceae,Lamiales,Angiosperms,3,1,1,1,0.77,0.77,0.7,0.8
Conchopetalum,Sapindaceae,Sapindales,Angiosperms,1,1,1,1,0.68,0.68,0.64,0.69
Condalia,Rhamnaceae,Rosales,Angiosperms,8,7,4,7,0.84,0.84,0.74,0.89
Conocarpus,Combretaceae,Myrtales,Angiosperms,10,6,6,9,0.73,0.73,0.67,0.77
Coprosma,Rubiaceae,Gentianales,Angiosperms,86,12,5,12,0.59,0.59,0.58,0.54
Coptosperma,Rubiaceae,Gentianales,Angiosperms,4,2,2,2,0.72,0.73,0.66,0.77
Coriaria,Coriariaceae,Cucurbitales,Angiosperms,11,3,3,3,0.52,0.52,0.52,0.45
Cornus,Cornaceae,Cornales,Angiosperms,167,26,14,45,0.62,0.62,0.59,0.61
Cornutia,Lamiaceae,Lamiales,Angiosperms,3,2,3,3,0.6,0.6,0.58,0.65
Corylus,Betulaceae,Fagales,Angiosperms,18,10,10,13,0.53,0.53,0.51,0.49
Cossinia,Sapindaceae,Sapindales,Angiosperms,3,2,1,2,0.7,0.7,0.65,0.7
Cotinus,Anacardiaceae,Sapindales,Angiosperms,4,3,3,3,0.58,0.58,0.56,0.58
Cotoneaster,Rosaceae,Rosales,Angiosperms,3,3,2,3,0.65,0.65,0.62,0.66
Cotylelobium,Dipterocarpaceae,Malvales,Angiosperms,12,5,3,6,0.83,0.83,0.74,0.86
Gaulettia,Chrysobalanaceae,Malpighiales,Angiosperms,8,4,4,6,0.76,0.77,0.71,0.8
Craibia,Fabaceae,Fabales,Angiosperms,8,4,3,4,0.76,0.76,0.69,0.76
Crataegus,Rosaceae,Rosales,Angiosperms,46,14,11,17,0.63,0.63,0.62,0.59
Crateranthus,Lecythidaceae,Ericales,Angiosperms,5,1,2,2,0.59,0.59,0.57,0.57
Craterispermum,Rubiaceae,Gentianales,Angiosperms,4,3,3,4,0.6,0.6,0.58,0.59
Cratoxylum,Hypericaceae,Malpighiales,Angiosperms,34,9,7,13,0.6,0.61,0.58,0.6
Crinodendron,Elaeocarpaceae,Oxalidales,Angiosperms,2,2,2,2,0.52,0.52,0.53,0.48
Crossopetalum,Celastraceae,Celastrales,Angiosperms,3,3,3,3,0.71,0.71,0.66,0.77
Crossopteryx,Rubiaceae,Gentianales,Angiosperms,9,4,5,8,0.61,0.61,0.59,0.6
Crotalaria,Fabaceae,Fabales,Angiosperms,2,2,2,2,0.62,0.62,0.59,0.58
Crotonogyne,Euphorbiaceae,Malpighiales,Angiosperms,6,2,2,2,0.61,0.61,0.58,0.63
Crypteronia,Crypteroniaceae,Myrtales,Angiosperms,10,5,4,5,0.57,0.58,0.56,0.6
Cubilia,Sapindaceae,Sapindales,Angiosperms,2,2,2,2,0.58,0.58,0.57,0.49
Cunninghamia,Cupressaceae,Cupressales,Gymnosperms,19,5,5,7,0.36,0.36,0.41,0.32
Curarea,Menispermaceae,Ranunculales,Angiosperms,1,1,1,1,0.52,0.52,0.52,0.51
Curtisia,Curtisiaceae,Cornales,Angiosperms,5,4,3,4,0.72,0.73,0.66,0.78
Cussonia,Araliaceae,Apiales,Angiosperms,22,6,12,15,0.37,0.37,0.41,0.35
Cuviera,Rubiaceae,Gentianales,Angiosperms,5,2,3,4,0.66,0.66,0.62,0.67
Cyathocalyx,Annonaceae,Magnoliales,Angiosperms,4,3,3,4,0.69,0.69,0.63,0.72
Drepananthus,Annonaceae,Magnoliales,Angiosperms,7,4,2,4,0.46,0.47,0.48,0.43
Cybianthus,Primulaceae,Ericales,Angiosperms,5,3,3,3,0.63,0.63,0.6,0.61
Cyclocarya,Juglandaceae,Fagales,Angiosperms,1,1,1,1,0.59,0.59,0.57,0.61
Cyclophyllum,Rubiaceae,Gentianales,Angiosperms,3,1,1,1,0.62,0.62,0.59,0.59
Cydonia,Rosaceae,Rosales,Angiosperms,3,3,3,3,0.62,0.62,0.6,0.55
Cymbopetalum,Annonaceae,Magnoliales,Angiosperms,8,7,2,7,0.48,0.48,0.49,0.46
Cyrilla,Cyrillaceae,Ericales,Angiosperms,6,3,4,4,0.6,0.6,0.57,0.61
Cyrtandra,Gesneriaceae,Lamiales,Angiosperms,1,1,1,1,0.44,0.44,0.46,0.36
Cyrtogonone,Euphorbiaceae,Malpighiales,Angiosperms,7,1,2,2,0.49,0.49,0.49,0.44
Dactyladenia,Chrysobalanaceae,Malpighiales,Angiosperms,12,2,5,5,0.81,0.81,0.73,0.81
Dactylocladus,Crypteroniaceae,Myrtales,Angiosperms,6,4,3,5,0.49,0.49,0.5,0.42
Danais,Rubiaceae,Gentianales,Angiosperms,1,1,1,1,0.69,0.7,0.65,0.8
Daphniphyllum,Daphniphyllaceae,Saxifragales,Angiosperms,23,10,5,11,0.52,0.52,0.51,0.5
Uvaria,Annonaceae,Magnoliales,Angiosperms,20,7,7,9,0.57,0.57,0.56,0.54
Dasylepis,Achariaceae,Malpighiales,Angiosperms,4,3,4,4,0.64,0.64,0.61,0.65
Dasyphyllum,Asteraceae,Asterales,Angiosperms,6,5,3,5,0.62,0.63,0.6,0.62
Decarya,Didiereaceae,Caryophyllales,Angiosperms,1,1,1,1,0.51,0.51,0.51,0.55
Decorsella,Violaceae,Malpighiales,Angiosperms,1,1,1,1,0.55,0.55,0.54,0.49
Dehaasia,Lauraceae,Laurales,Angiosperms,18,8,5,9,0.6,0.61,0.58,0.59
Deinbollia,Sapindaceae,Sapindales,Angiosperms,9,3,3,4,0.61,0.61,0.59,0.58
Delonix,Fabaceae,Fabales,Angiosperms,16,5,8,8,0.42,0.42,0.46,0.4
Brachypterum,Fabaceae,Fabales,Angiosperms,4,4,4,4,0.67,0.67,0.63,0.66
Ougeinia,Fabaceae,Fabales,Angiosperms,8,5,2,5,0.66,0.66,0.62,0.67
Desplatsia,Malvaceae,Malvales,Angiosperms,21,2,5,6,0.48,0.48,0.49,0.44
Dialyceras,Sphaerosepalaceae,Malvales,Angiosperms,2,1,1,1,0.64,0.64,0.61,0.66
Dichaetanthera,Melastomataceae,Myrtales,Angiosperms,24,5,7,9,0.42,0.42,0.46,0.37
Dichapetalum,Dichapetalaceae,Malpighiales,Angiosperms,97,4,7,7,0.61,0.61,0.58,0.58
Dichostemma,Euphorbiaceae,Malpighiales,Angiosperms,19,2,5,5,0.54,0.54,0.53,0.53
Dichrostachys,Fabaceae,Fabales,Angiosperms,56,7,13,19,0.76,0.77,0.72,0.8
Dicoma,Asteraceae,Asterales,Angiosperms,1,1,1,1,0.62,0.62,0.59,0.72
Dicoryphe,Hamamelidaceae,Saxifragales,Angiosperms,5,1,1,1,0.65,0.65,0.61,0.67
Dicraeopetalum,Fabaceae,Fabales,Angiosperms,5,1,1,1,0.79,0.79,0.71,0.9
Dicranostyles,Convolvulaceae,Solanales,Angiosperms,3,1,2,2,0.47,0.47,0.49,0.45
Leptactina,Rubiaceae,Gentianales,Angiosperms,18,2,5,6,0.58,0.58,0.57,0.55
Dicypellium,Lauraceae,Laurales,Angiosperms,2,1,1,1,0.55,0.55,0.54,0.54
Didierea,Didiereaceae,Caryophyllales,Angiosperms,3,1,1,1,0.46,0.47,0.48,0.47
Didymeles,Buxaceae,Buxales,Angiosperms,2,1,1,1,0.56,0.56,0.55,0.52
Diegodendron,Bixaceae,Malvales,Angiosperms,1,1,1,1,0.65,0.64,0.6,0.87
Dimocarpus,Sapindaceae,Sapindales,Angiosperms,8,5,4,6,0.69,0.69,0.64,0.78
Diphysa,Fabaceae,Fabales,Angiosperms,9,4,3,4,0.79,0.79,0.7,0.75
Diplodiscus,Malvaceae,Malvales,Angiosperms,2,2,2,2,0.56,0.56,0.54,0.62
Diploknema,Sapotaceae,Ericales,Angiosperms,5,3,4,4,0.65,0.65,0.61,0.6
Diplorhynchus,Apocynaceae,Gentianales,Angiosperms,25,7,6,8,0.55,0.56,0.55,0.65
Discoclaoxylon,Euphorbiaceae,Malpighiales,Angiosperms,1,1,1,1,0.49,0.49,0.5,0.42
Discophora,Stemonuraceae,Aquifoliales,Angiosperms,4,3,3,3,0.52,0.51,0.51,0.47
Dissotis,Melastomataceae,Myrtales,Angiosperms,1,1,1,1,0.45,0.45,0.47,0.28
Distephanus,Asteraceae,Asterales,Angiosperms,3,3,1,3,0.59,0.59,0.57,0.59
Distylium,Hamamelidaceae,Saxifragales,Angiosperms,12,6,3,7,0.7,0.7,0.64,0.72
Dobera,Salvadoraceae,Brassicales,Angiosperms,1,1,1,1,0.61,0.62,0.59,0.65
Dodonaea,Sapindaceae,Sapindales,Angiosperms,48,16,12,20,0.78,0.77,0.75,0.78
Dolichandrone,Bignoniaceae,Lamiales,Angiosperms,5,5,5,5,0.43,0.44,0.47,0.38
Doliocarpus,Dilleniaceae,Dilleniales,Angiosperms,35,4,5,6,0.56,0.56,0.54,0.51
Pterospermum,Malvaceae,Malvales,Angiosperms,45,17,10,21,0.47,0.47,0.47,0.46
Dombeya,Malvaceae,Malvales,Angiosperms,26,10,6,12,0.48,0.48,0.49,0.5
Donella,Sapotaceae,Ericales,Angiosperms,31,3,12,12,0.54,0.54,0.54,0.55
Doratoxylon,Sapindaceae,Sapindales,Angiosperms,9,3,2,4,0.78,0.78,0.7,0.83
Dovyalis,Salicaceae,Malpighiales,Angiosperms,6,3,4,4,0.55,0.56,0.55,0.54
Dracaena,Asparagaceae,Asparagales,Angiosperms,28,8,8,11,0.44,0.44,0.46,0.41
Dracontomelon,Anacardiaceae,Sapindales,Angiosperms,20,9,8,13,0.54,0.54,0.54,0.52
Drimys,Winteraceae,Canellales,Angiosperms,51,13,6,16,0.47,0.46,0.48,0.44
Duboscia,Malvaceae,Malvales,Angiosperms,20,2,6,6,0.52,0.52,0.52,0.51
Duckesia,Humiriaceae,Malpighiales,Angiosperms,2,2,2,2,0.76,0.76,0.69,0.8
Durio,Malvaceae,Malvales,Angiosperms,31,12,4,12,0.55,0.55,0.54,0.53
Dyera,Apocynaceae,Gentianales,Angiosperms,14,6,3,7,0.4,0.4,0.44,0.35
Leucostele,Cactaceae,Caryophyllales,Angiosperms,1,1,1,1,0.37,0.37,0.42,0.25
Ekebergia,Meliaceae,Sapindales,Angiosperms,15,7,9,13,0.53,0.53,0.54,0.51
Elaeagnus,Elaeagnaceae,Rosales,Angiosperms,33,7,9,9,0.62,0.62,0.6,0.57
Hippophae,Elaeagnaceae,Rosales,Angiosperms,1,1,1,1,0.55,0.55,0.54,0.49
Elateriospermum,Euphorbiaceae,Malpighiales,Angiosperms,6,5,3,5,0.67,0.67,0.62,0.74
Eliea,Hypericaceae,Malpighiales,Angiosperms,1,1,1,1,0.77,0.78,0.7,0.99
Paloue,Fabaceae,Fabales,Angiosperms,3,3,2,3,0.72,0.72,0.66,0.76
Ellipanthus,Connaraceae,Oxalidales,Angiosperms,1,1,1,1,0.55,0.55,0.55,0.53
Elvasia,Ochnaceae,Malpighiales,Angiosperms,4,3,2,3,0.73,0.73,0.68,0.73
Empogona,Rubiaceae,Gentianales,Angiosperms,11,3,5,5,0.63,0.63,0.6,0.59
Englerophytum,Sapotaceae,Ericales,Angiosperms,11,2,6,6,0.63,0.63,0.6,0.62
Entada,Fabaceae,Fabales,Angiosperms,40,10,14,19,0.49,0.49,0.49,0.48
Ephippiandra,Monimiaceae,Laurales,Angiosperms,6,2,1,2,0.46,0.46,0.48,0.43
Eremolaena,Sarcolaenaceae,Malvales,Angiosperms,2,1,1,1,0.85,0.86,0.76,0.92
Erica,Ericaceae,Ericales,Angiosperms,15,10,8,11,0.67,0.67,0.63,0.64
Eriobotrya,Rosaceae,Rosales,Angiosperms,14,6,5,7,0.73,0.73,0.68,0.72
Eriocoelum,Sapindaceae,Sapindales,Angiosperms,23,3,7,8,0.62,0.62,0.6,0.59
Eriolaena,Malvaceae,Malvales,Angiosperms,4,4,2,4,0.63,0.63,0.59,0.69
Erithalis,Rubiaceae,Gentianales,Angiosperms,1,1,1,1,0.76,0.76,0.69,0.92
Erythrophysa,Sapindaceae,Sapindales,Angiosperms,3,1,1,1,0.47,0.47,0.49,0.4
Erythrospermum,Achariaceae,Malpighiales,Angiosperms,2,2,2,2,0.54,0.55,0.54,0.49
Erythrostelechia,unknown_6,"","",1,1,1,1,0.78,0.78,0.7,0.91
Euclea,Ebenaceae,Ericales,Angiosperms,10,5,5,7,0.68,0.68,0.64,0.7
Eucommia,Eucommiaceae,Garryales,Angiosperms,2,1,2,2,0.63,0.63,0.6,0.62
Eucryphia,Cunoniaceae,Oxalidales,Angiosperms,8,5,3,6,0.58,0.58,0.56,0.56
Euonymus,Celastraceae,Celastrales,Angiosperms,51,11,8,13,0.59,0.59,0.57,0.58
Euphorbia,Euphorbiaceae,Malpighiales,Angiosperms,59,11,14,18,0.39,0.38,0.44,0.4
Euphronia,Euphroniaceae,Malpighiales,Angiosperms,1,1,1,1,0.59,0.59,0.57,0.6
Euptelea,Eupteleaceae,Ranunculales,Angiosperms,4,3,2,3,0.55,0.55,0.54,0.53
Eurya,Pentaphylacaceae,Ericales,Angiosperms,44,11,6,12,0.59,0.59,0.58,0.57
Eurypetalum,Fabaceae,Fabales,Angiosperms,5,1,1,1,0.86,0.86,0.76,1
Eusideroxylon,Lauraceae,Laurales,Angiosperms,7,4,3,5,0.7,0.71,0.65,0.79
Evonymopsis,Celastraceae,Celastrales,Angiosperms,1,1,1,1,0.66,0.67,0.63,0.72
Exbucklandia,Hamamelidaceae,Saxifragales,Angiosperms,12,6,4,6,0.6,0.6,0.58,0.58
Exostema,Rubiaceae,Gentianales,Angiosperms,6,5,4,5,0.76,0.76,0.69,0.88
Solenandra,Rubiaceae,Gentianales,Angiosperms,10,3,4,4,0.64,0.64,0.61,0.67
Exothea,Sapindaceae,Sapindales,Angiosperms,4,3,2,3,0.7,0.71,0.65,0.71
Fagaropsis,Rutaceae,Sapindales,Angiosperms,3,2,3,3,0.57,0.57,0.56,0.52
Picrophloeus,Gentianaceae,Gentianales,Angiosperms,3,3,2,3,0.75,0.76,0.69,0.82
Cyrtophyllum,Gentianaceae,Gentianales,Angiosperms,13,7,5,9,0.67,0.67,0.63,0.68
Faguetia,Anacardiaceae,Sapindales,Angiosperms,3,1,1,1,0.71,0.71,0.65,0.83
Faurea,Proteaceae,Proteales,Angiosperms,16,5,7,10,0.64,0.64,0.61,0.66
Fegimanra,Anacardiaceae,Sapindales,Angiosperms,3,2,1,2,0.53,0.53,0.53,0.51
Fenerivia,Annonaceae,Magnoliales,Angiosperms,9,2,1,2,0.49,0.49,0.5,0.48
Fernandoa,Bignoniaceae,Lamiales,Angiosperms,20,8,11,13,0.61,0.61,0.57,0.58
Feronia,Rutaceae,Sapindales,Angiosperms,1,1,1,1,0.64,0.64,0.61,0.63
Ficalhoa,Sladeniaceae,Ericales,Angiosperms,4,3,3,4,0.55,0.55,0.54,0.54
Filicium,Sapindaceae,Sapindales,Angiosperms,6,2,3,3,0.7,0.7,0.65,0.7
Firmiana,Malvaceae,Malvales,Angiosperms,11,6,7,7,0.4,0.4,0.44,0.35
Fissistigma,Annonaceae,Magnoliales,Angiosperms,1,1,1,1,0.44,0.44,0.46,0.27
Fitchia,Asteraceae,Asterales,Angiosperms,1,1,1,1,0.58,0.58,0.56,0.58
Flacourtia,Salicaceae,Malpighiales,Angiosperms,18,12,9,16,0.71,0.71,0.66,0.68
Fleurydora,Ochnaceae,Malpighiales,Angiosperms,1,1,1,1,0.81,0.81,0.73,0.89
Fokienia,Cupressaceae,Cupressales,Gymnosperms,5,2,2,3,0.44,0.44,0.47,0.42
Forestiera,Oleaceae,Lamiales,Angiosperms,4,3,3,4,0.64,0.64,0.61,0.62
Forsteronia,Apocynaceae,Gentianales,Angiosperms,12,3,4,4,0.41,0.41,0.44,0.39
Fouquieria,Fouquieriaceae,Ericales,Angiosperms,3,3,2,3,0.44,0.44,0.46,0.41
Frangula,Rhamnaceae,Rosales,Angiosperms,20,11,6,13,0.54,0.54,0.52,0.5
Freziera,Pentaphylacaceae,Ericales,Angiosperms,6,2,5,5,0.58,0.58,0.57,0.57
Funtumia,Apocynaceae,Gentianales,Angiosperms,42,6,9,12,0.43,0.43,0.45,0.4
Gaertnera,Rubiaceae,Gentianales,Angiosperms,20,9,5,11,0.53,0.53,0.55,0.53
Gamblea,Araliaceae,Apiales,Angiosperms,2,2,2,2,0.45,0.45,0.47,0.42
Garnieria,Proteaceae,Proteales,Angiosperms,1,1,1,1,0.71,0.71,0.66,0.87
Garrya,Garryaceae,Garryales,Angiosperms,10,6,2,9,0.71,0.72,0.66,0.71
Geniostoma,Loganiaceae,Gentianales,Angiosperms,6,3,2,3,0.47,0.47,0.49,0.44
Gereaua,Sapindaceae,Sapindales,Angiosperms,2,1,1,1,0.75,0.75,0.69,0.83
Gigasiphon,Fabaceae,Fabales,Angiosperms,1,1,1,1,0.65,0.65,0.61,0.64
Gilletiodendron,Fabaceae,Fabales,Angiosperms,25,4,7,8,0.75,0.75,0.68,0.76
Ginkgo,Ginkgoaceae,Ginkgoales,Gymnosperms,6,3,3,5,0.49,0.49,0.5,0.45
Gironniera,Cannabaceae,Rosales,Angiosperms,25,11,4,13,0.5,0.49,0.52,0.48
Givotia,Euphorbiaceae,Malpighiales,Angiosperms,3,1,1,1,0.31,0.31,0.38,0.14
Glenniea,Sapindaceae,Sapindales,Angiosperms,6,2,4,4,0.64,0.64,0.61,0.63
Gliricidia,Fabaceae,Fabales,Angiosperms,13,10,7,12,0.69,0.69,0.61,0.73
Phyllanthus,Phyllanthaceae,Malpighiales,Angiosperms,75,24,20,38,0.57,0.57,0.56,0.58
Gluema,Sapotaceae,Ericales,Angiosperms,9,3,6,6,0.75,0.75,0.68,0.79
Glyphaea,Malvaceae,Malvales,Angiosperms,6,3,4,4,0.57,0.57,0.55,0.6
Glyptostrobus,Cupressaceae,Cupressales,Gymnosperms,4,3,2,3,0.43,0.43,0.45,0.44
Lasiosiphon,Thymelaeaceae,Malvales,Angiosperms,2,2,1,2,0.44,0.44,0.46,0.38
Godmania,Bignoniaceae,Lamiales,Angiosperms,3,3,2,3,0.51,0.51,0.51,0.48
Goethalsia,Malvaceae,Malvales,Angiosperms,42,8,3,9,0.43,0.43,0.46,0.35
Gonioma,Apocynaceae,Gentianales,Angiosperms,6,4,3,5,0.66,0.67,0.61,0.74
Gonocaryum,Cardiopteridaceae,Aquifoliales,Angiosperms,10,5,4,5,0.62,0.61,0.59,0.64
Gonystylus,Thymelaeaceae,Malvales,Angiosperms,32,10,5,12,0.56,0.56,0.55,0.54
Gordonia,Theaceae,Ericales,Angiosperms,20,9,9,13,0.52,0.52,0.53,0.48
Graffenrieda,Melastomataceae,Myrtales,Angiosperms,4,3,3,3,0.52,0.52,0.52,0.5
Grangeria,Chrysobalanaceae,Malpighiales,Angiosperms,2,1,2,2,0.76,0.77,0.7,0.78
Grewia,Malvaceae,Malvales,Angiosperms,106,22,18,36,0.57,0.57,0.52,0.55
Grisollea,Stemonuraceae,Aquifoliales,Angiosperms,5,1,2,2,0.58,0.58,0.57,0.59
Grossera,Euphorbiaceae,Malpighiales,Angiosperms,4,2,3,4,0.65,0.65,0.61,0.68
Guaiacum,Zygophyllaceae,Zygophyllales,Angiosperms,13,7,7,10,0.97,0.97,0.84,1.04
Tournefortiopsis,Rubiaceae,Gentianales,Angiosperms,7,3,3,3,0.53,0.53,0.53,0.45
Gevuina,Proteaceae,Proteales,Angiosperms,2,1,1,1,0.58,0.57,0.56,0.52
Guiera,Combretaceae,Myrtales,Angiosperms,8,2,3,7,0.66,0.66,0.62,0.67
Gyminda,Celastraceae,Celastrales,Angiosperms,1,1,1,1,0.73,0.73,0.67,0.84
Gymnocladus,Fabaceae,Fabales,Angiosperms,8,4,3,6,0.59,0.6,0.58,0.56
Gymnopodium,Polygonaceae,Caryophyllales,Angiosperms,2,2,1,2,0.62,0.63,0.6,0.7
Gymnosporia,Celastraceae,Celastrales,Angiosperms,18,7,9,10,0.58,0.58,0.57,0.57
Gynocardia,Achariaceae,Malpighiales,Angiosperms,2,2,1,2,0.56,0.56,0.55,0.5
Gyranthera,Malvaceae,Malvales,Angiosperms,1,1,1,1,0.44,0.44,0.46,0.36
Haematodendron,Myristicaceae,Magnoliales,Angiosperms,2,1,1,1,0.42,0.42,0.45,0.36
Haematostaphis,Anacardiaceae,Sapindales,Angiosperms,1,1,1,1,0.59,0.59,0.57,0.6
Haematoxylum,Fabaceae,Fabales,Angiosperms,13,9,8,10,0.77,0.77,0.69,0.84
Haenianthus,Oleaceae,Lamiales,Angiosperms,1,1,1,1,0.74,0.75,0.68,0.84
Hagenia,Rosaceae,Rosales,Angiosperms,4,2,2,2,0.59,0.6,0.58,0.53
Adina,Rubiaceae,Gentianales,Angiosperms,44,19,10,24,0.66,0.66,0.61,0.62
Halesia,Styracaceae,Ericales,Angiosperms,4,3,1,3,0.48,0.48,0.49,0.46
Perkinsiodendron,Styracaceae,Ericales,Angiosperms,1,1,1,1,0.49,0.49,0.49,0.46
Hancea,Euphorbiaceae,Malpighiales,Angiosperms,13,7,5,9,0.61,0.61,0.58,0.62
Hardwickia,Fabaceae,Fabales,Angiosperms,13,5,3,9,0.72,0.72,0.66,0.76
Harrisonia,Rutaceae,Sapindales,Angiosperms,3,3,2,3,0.73,0.73,0.67,0.76
Harungana,Hypericaceae,Malpighiales,Angiosperms,77,9,10,14,0.48,0.48,0.49,0.43
Hebepetalum,Linaceae,Malpighiales,Angiosperms,14,4,4,5,0.74,0.75,0.68,0.79
Hedera,Araliaceae,Apiales,Angiosperms,4,3,3,3,0.47,0.46,0.48,0.42
Hedyosmum,Chloranthaceae,Chloranthales,Angiosperms,17,8,8,11,0.42,0.42,0.45,0.39
Heinsia,Rubiaceae,Gentianales,Angiosperms,7,2,4,4,0.55,0.55,0.55,0.48
Heliciopsis,Proteaceae,Proteales,Angiosperms,5,5,3,5,0.53,0.53,0.53,0.46
Tournefortia,Boraginaceae,Boraginales,Angiosperms,10,3,5,5,0.49,0.5,0.5,0.43
Euploca,Boraginaceae,Boraginales,Angiosperms,1,1,1,1,0.4,0.4,0.44,0.23
Helmiopsiella,Malvaceae,Malvales,Angiosperms,2,1,1,1,0.61,0.61,0.58,0.72
Helmiopsis,Malvaceae,Malvales,Angiosperms,3,1,1,1,0.69,0.69,0.63,0.79
Hemandradenia,Connaraceae,Oxalidales,Angiosperms,2,1,2,2,0.53,0.53,0.53,0.48
Hemiptelea,Ulmaceae,Rosales,Angiosperms,1,1,1,1,0.61,0.61,0.58,0.56
Hennecartia,Monimiaceae,Laurales,Angiosperms,2,2,2,2,0.55,0.55,0.54,0.58
Henonia,Amaranthaceae,Caryophyllales,Angiosperms,1,1,1,1,0.53,0.53,0.54,0.41
Heteromeles,Rosaceae,Rosales,Angiosperms,6,6,1,6,0.66,0.67,0.62,0.66
Heterophragma,Bignoniaceae,Lamiales,Angiosperms,5,4,4,4,0.52,0.52,0.52,0.51
Heywoodia,Phyllanthaceae,Malpighiales,Angiosperms,3,3,2,3,0.69,0.69,0.64,0.75
Hibbertia,Dilleniaceae,Dilleniales,Angiosperms,28,6,2,9,0.6,0.59,0.57,0.57
Bombycidendron,Malvaceae,Malvales,Angiosperms,3,3,3,3,0.5,0.51,0.51,0.51
Hildegardia,Malvaceae,Malvales,Angiosperms,8,1,1,1,0.31,0.31,0.37,0.26
Hippomane,Euphorbiaceae,Malpighiales,Angiosperms,4,3,3,4,0.51,0.52,0.51,0.52
Hodgkinsonia,unknown_7,"","",1,1,1,1,0.66,0.66,0.62,0.71
Holarrhena,Apocynaceae,Gentianales,Angiosperms,23,12,12,18,0.51,0.51,0.51,0.53
Hoplestigma,Boraginaceae,Boraginales,Angiosperms,7,1,3,3,0.5,0.5,0.51,0.47
Horsfieldia,Myristicaceae,Magnoliales,Angiosperms,21,9,7,10,0.47,0.47,0.48,0.45
Hovenia,Rhamnaceae,Rosales,Angiosperms,19,6,5,8,0.55,0.56,0.56,0.49
Hua,Huaceae,Oxalidales,Angiosperms,7,2,4,4,0.69,0.69,0.64,0.69
Hubertia,Asteraceae,Asterales,Angiosperms,2,1,1,1,0.6,0.61,0.58,0.66
Huertea,Tapisciaceae,Huerteales,Angiosperms,5,4,3,5,0.47,0.46,0.5,0.46
Humbertiodendron,Trigoniaceae,Malpighiales,Angiosperms,1,1,1,1,0.81,0.81,0.72,0.98
Hunga,Chrysobalanaceae,Malpighiales,Angiosperms,1,1,1,1,0.75,0.75,0.69,0.77
Hunteria,Apocynaceae,Gentianales,Angiosperms,19,3,8,8,0.67,0.67,0.62,0.69
Huodendron,Styracaceae,Ericales,Angiosperms,5,4,1,4,0.55,0.56,0.54,0.57
Pombalia,Violaceae,Malpighiales,Angiosperms,8,2,2,2,0.6,0.6,0.57,0.6
Hymenocardia,Phyllanthaceae,Malpighiales,Angiosperms,16,3,6,7,0.67,0.67,0.62,0.67
Hymenodictyon,Rubiaceae,Gentianales,Angiosperms,13,6,6,10,0.45,0.45,0.48,0.42
Annea,Fabaceae,Fabales,Angiosperms,19,3,6,6,0.74,0.74,0.68,0.75
Talbotiella,Fabaceae,Fabales,Angiosperms,1,1,1,1,0.74,0.74,0.67,0.81
Gabonius,Fabaceae,Fabales,Angiosperms,1,1,1,1,0.67,0.67,0.63,0.67
Hypelate,Sapindaceae,Sapindales,Angiosperms,2,2,1,2,0.76,0.76,0.69,0.82
Hypericum,Hypericaceae,Malpighiales,Angiosperms,9,5,7,8,0.59,0.6,0.57,0.59
Hypodaphnis,Lauraceae,Laurales,Angiosperms,8,2,2,3,0.53,0.53,0.53,0.5
Idesia,Salicaceae,Malpighiales,Angiosperms,10,4,2,4,0.49,0.5,0.51,0.4
Illicium,Schisandraceae,Austrobaileyales,Angiosperms,14,4,2,5,0.6,0.6,0.58,0.59
Inhambanella,Sapotaceae,Ericales,Angiosperms,12,3,5,6,0.73,0.73,0.66,0.75
Inocarpus,Fabaceae,Fabales,Angiosperms,5,3,3,3,0.56,0.56,0.55,0.45
Ipomoea,Convolvulaceae,Solanales,Angiosperms,6,5,2,5,0.42,0.42,0.46,0.41
Isolona,Annonaceae,Magnoliales,Angiosperms,27,2,6,7,0.57,0.57,0.55,0.54
Ixonanthes,Ixonanthaceae,Malpighiales,Angiosperms,18,8,5,9,0.63,0.63,0.59,0.6
Jacquinia,Primulaceae,Ericales,Angiosperms,5,2,2,3,0.64,0.65,0.61,0.65
Bonellia,Primulaceae,Ericales,Angiosperms,6,5,2,5,0.63,0.63,0.6,0.66
Jatropha,Euphorbiaceae,Malpighiales,Angiosperms,150,9,5,13,0.29,0.29,0.35,0.32
Jodina,Santalaceae,Santalales,Angiosperms,3,3,2,3,0.68,0.68,0.64,0.69
Kalmia,Ericaceae,Ericales,Angiosperms,5,5,1,5,0.62,0.62,0.59,0.61
Kalopanax,Araliaceae,Apiales,Angiosperms,7,3,3,4,0.46,0.46,0.48,0.43
Keayodendron,Phyllanthaceae,Malpighiales,Angiosperms,21,3,7,9,0.63,0.63,0.6,0.62
Keetia,Rubiaceae,Gentianales,Angiosperms,1,1,1,1,0.62,0.62,0.59,0.6
Kigelia,Bignoniaceae,Lamiales,Angiosperms,10,4,6,7,0.55,0.55,0.54,0.54
Kiggelaria,Achariaceae,Malpighiales,Angiosperms,4,3,2,3,0.58,0.58,0.56,0.57
Kirkia,Kirkiaceae,Sapindales,Angiosperms,11,2,6,6,0.51,0.51,0.51,0.49
Klaineanthus,Euphorbiaceae,Malpighiales,Angiosperms,11,2,4,4,0.55,0.56,0.54,0.56
Kleinhovia,Malvaceae,Malvales,Angiosperms,5,5,5,5,0.45,0.45,0.47,0.4
Knema,Myristicaceae,Magnoliales,Angiosperms,44,12,8,13,0.53,0.53,0.53,0.53
Koelreuteria,Sapindaceae,Sapindales,Angiosperms,12,3,4,4,0.66,0.66,0.62,0.63
Koilodepas,Euphorbiaceae,Malpighiales,Angiosperms,2,2,2,2,0.69,0.69,0.63,0.8
Kokoona,Celastraceae,Celastrales,Angiosperms,8,4,3,5,0.76,0.76,0.69,0.79
Koompassia,Fabaceae,Fabales,Angiosperms,25,8,3,9,0.71,0.71,0.66,0.72
Koordersiodendron,Anacardiaceae,Sapindales,Angiosperms,10,5,5,6,0.66,0.66,0.62,0.71
Kotschya,Fabaceae,Fabales,Angiosperms,1,1,1,1,0.53,0.54,0.54,0.37
Krugiodendron,Rhamnaceae,Rosales,Angiosperms,6,4,4,5,0.86,0.86,0.75,1
Labramia,Sapotaceae,Ericales,Angiosperms,14,2,1,2,0.65,0.65,0.61,0.66
Laburnum,Fabaceae,Fabales,Angiosperms,4,3,2,3,0.62,0.62,0.6,0.62
Laccodiscus,Sapindaceae,Sapindales,Angiosperms,5,2,2,3,0.59,0.59,0.58,0.51
Laguncularia,Combretaceae,Myrtales,Angiosperms,8,5,6,8,0.61,0.61,0.59,0.58
Larix,Pinaceae,Pinales,Gymnosperms,300,28,12,36,0.48,0.48,0.5,0.48
Larrea,Zygophyllaceae,Zygophyllales,Angiosperms,6,4,2,5,0.83,0.84,0.76,0.89
Lasianthera,Stemonuraceae,Aquifoliales,Angiosperms,1,1,1,1,0.66,0.66,0.62,0.76
Lasiococca,Euphorbiaceae,Malpighiales,Angiosperms,2,2,2,2,0.62,0.62,0.59,0.65
Lasiodiscus,Rhamnaceae,Rosales,Angiosperms,14,4,6,7,0.68,0.68,0.63,0.65
Laurelia,Atherospermataceae,Laurales,Angiosperms,6,4,3,4,0.45,0.45,0.47,0.42
Laurus,Lauraceae,Laurales,Angiosperms,12,7,4,7,0.54,0.55,0.54,0.55
Lebruniodendron,Fabaceae,Fabales,Angiosperms,9,2,4,6,0.72,0.72,0.66,0.74
Lecaniodiscus,Sapindaceae,Sapindales,Angiosperms,12,4,6,6,0.68,0.68,0.61,0.67
Leea,Vitaceae,Vitales,Angiosperms,10,9,6,9,0.47,0.47,0.45,0.44
Leeuwenbergia,Euphorbiaceae,Malpighiales,Angiosperms,3,1,2,2,0.55,0.55,0.54,0.54
Lepidobotrys,Lepidobotryaceae,Celastrales,Angiosperms,11,2,3,3,0.55,0.55,0.54,0.52
Lepidotrichilia,Meliaceae,Sapindales,Angiosperms,3,2,2,2,0.53,0.53,0.53,0.52
Lepisanthes,Sapindaceae,Sapindales,Angiosperms,10,6,5,7,0.69,0.69,0.64,0.7
Leptadenia,Apocynaceae,Gentianales,Angiosperms,1,1,1,1,0.46,0.46,0.48,0.41
Leptaulus,Cardiopteridaceae,Aquifoliales,Angiosperms,7,2,3,3,0.62,0.62,0.59,0.6
Leucaena,Fabaceae,Fabales,Angiosperms,21,15,11,17,0.62,0.62,0.56,0.63
Ligustrum,Oleaceae,Lamiales,Angiosperms,35,12,6,12,0.7,0.7,0.66,0.67
Lijndenia,Melastomataceae,Myrtales,Angiosperms,3,2,2,2,0.71,0.71,0.65,0.78
Lindera,Lauraceae,Laurales,Angiosperms,60,13,8,15,0.54,0.54,0.52,0.52
Lippia,Verbenaceae,Lamiales,Angiosperms,37,8,4,9,0.61,0.62,0.56,0.72
Liriodendron,Magnoliaceae,Magnoliales,Angiosperms,495,10,4,25,0.46,0.46,0.47,0.42
Litchi,Sapindaceae,Sapindales,Angiosperms,18,6,7,9,0.82,0.82,0.73,0.84
Notholithocarpus,Fagaceae,Fagales,Angiosperms,4,3,1,3,0.62,0.62,0.59,0.61
Loesenera,Fabaceae,Fabales,Angiosperms,6,3,4,5,0.6,0.6,0.58,0.57
Loeseneriella,Celastraceae,Celastrales,Angiosperms,12,3,4,5,0.54,0.54,0.54,0.49
Philenoptera,Fabaceae,Fabales,Angiosperms,14,7,9,9,0.69,0.7,0.64,0.73
Loropetalum,Hamamelidaceae,Saxifragales,Angiosperms,7,3,2,3,0.69,0.69,0.64,0.69
Ludia,Salicaceae,Malpighiales,Angiosperms,3,1,1,1,0.71,0.72,0.66,0.77
Lumnitzera,Combretaceae,Myrtales,Angiosperms,13,8,9,10,0.68,0.69,0.64,0.68
Lychnodiscus,Sapindaceae,Sapindales,Angiosperms,3,1,3,3,0.67,0.68,0.63,0.65
Lysidice,Fabaceae,Fabales,Angiosperms,3,2,2,2,0.59,0.59,0.57,0.51
Lysiloma,Fabaceae,Fabales,Angiosperms,21,13,4,15,0.67,0.68,0.63,0.67
Maackia,Fabaceae,Fabales,Angiosperms,24,5,4,6,0.63,0.63,0.6,0.55
Macbrideina,Rubiaceae,Gentianales,Angiosperms,1,1,1,1,0.59,0.59,0.58,0.52
Machilus,Lauraceae,Laurales,Angiosperms,69,23,9,30,0.52,0.52,0.52,0.51
Macphersonia,Sapindaceae,Sapindales,Angiosperms,11,3,2,4,0.76,0.76,0.69,0.75
Macrocnemum,Rubiaceae,Gentianales,Angiosperms,6,2,2,2,0.56,0.56,0.55,0.5
Macrohasseltia,Salicaceae,Malpighiales,Angiosperms,1,1,1,1,0.59,0.59,0.58,0.51
Madhuca,Sapotaceae,Ericales,Angiosperms,74,19,10,25,0.67,0.67,0.63,0.68
Maesa,Primulaceae,Ericales,Angiosperms,25,8,9,11,0.57,0.56,0.58,0.53
Maesobotrya,Phyllanthaceae,Malpighiales,Angiosperms,25,2,6,8,0.6,0.6,0.58,0.57
Magnistipula,Chrysobalanaceae,Malpighiales,Angiosperms,15,2,6,6,0.76,0.76,0.7,0.74
Majidea,Sapindaceae,Sapindales,Angiosperms,17,2,7,7,0.7,0.71,0.65,0.65
Malacothamnus,Malvaceae,Malvales,Angiosperms,3,3,1,3,0.54,0.55,0.53,0.57
Malagasia,Proteaceae,Proteales,Angiosperms,1,1,1,1,0.57,0.57,0.56,0.56
Malleastrum,Meliaceae,Sapindales,Angiosperms,15,1,1,1,0.58,0.58,0.57,0.6
Mosannona,Annonaceae,Magnoliales,Angiosperms,7,3,2,3,0.68,0.68,0.62,0.72
Malosma,Anacardiaceae,Sapindales,Angiosperms,7,6,1,7,0.52,0.51,0.5,0.49
Malpighia,Malpighiaceae,Malpighiales,Angiosperms,2,2,1,2,0.65,0.66,0.62,0.76
Malus,Rosaceae,Rosales,Angiosperms,34,12,8,16,0.65,0.65,0.63,0.63
Mareya,Euphorbiaceae,Malpighiales,Angiosperms,4,2,2,3,0.56,0.56,0.54,0.56
Marquesia,Dipterocarpaceae,Malvales,Angiosperms,5,2,3,3,0.77,0.77,0.7,0.82
Martretia,Phyllanthaceae,Malpighiales,Angiosperms,2,1,1,1,0.62,0.62,0.59,0.59
Mascagnia,Malpighiaceae,Malpighiales,Angiosperms,4,3,2,3,0.45,0.45,0.48,0.39
Mascarenhasia,Apocynaceae,Gentianales,Angiosperms,21,4,1,4,0.49,0.5,0.53,0.51
Massularia,Rubiaceae,Gentianales,Angiosperms,11,2,4,5,0.72,0.72,0.66,0.77
Mastixia,Nyssaceae,Cornales,Angiosperms,11,5,6,7,0.49,0.49,0.5,0.48
Matisia,Malvaceae,Malvales,Angiosperms,37,12,6,15,0.5,0.5,0.52,0.49
Mauloutchia,Myristicaceae,Magnoliales,Angiosperms,14,2,1,2,0.55,0.55,0.53,0.54
Maxwellia,Malvaceae,Malvales,Angiosperms,2,1,1,1,0.61,0.61,0.58,0.74
Mediusella,Sarcolaenaceae,Malvales,Angiosperms,1,1,1,1,0.74,0.74,0.68,0.72
Medusandra,Peridiscaceae,Saxifragales,Angiosperms,1,1,1,1,0.62,0.62,0.59,0.59
Meiocarpidium,Annonaceae,Magnoliales,Angiosperms,8,2,4,5,0.68,0.68,0.63,0.76
Melanochyla,Anacardiaceae,Sapindales,Angiosperms,14,4,2,4,0.58,0.59,0.56,0.59
Melanophylla,Torricelliaceae,Apiales,Angiosperms,3,2,1,2,0.46,0.46,0.48,0.43
Meriania,Melastomataceae,Myrtales,Angiosperms,7,3,4,4,0.49,0.49,0.51,0.48
Mesua,Calophyllaceae,Malpighiales,Angiosperms,23,10,8,12,0.69,0.69,0.64,0.75
Metasequoia,Cupressaceae,Cupressales,Gymnosperms,6,4,3,4,0.37,0.36,0.42,0.34
Metopium,Anacardiaceae,Sapindales,Angiosperms,8,4,2,5,0.58,0.58,0.56,0.57
Metteniusa,Metteniusaceae,Metteniusales,Angiosperms,3,3,3,3,0.55,0.56,0.54,0.54
Mezzettia,Annonaceae,Magnoliales,Angiosperms,11,6,2,6,0.63,0.63,0.59,0.58
Michelsonia,Fabaceae,Fabales,Angiosperms,2,2,2,2,0.7,0.7,0.65,0.72
Microdesmis,Pandaceae,Malpighiales,Angiosperms,38,7,7,10,0.64,0.64,0.61,0.63
Micronychia,Anacardiaceae,Sapindales,Angiosperms,5,3,1,3,0.51,0.51,0.52,0.5
Mildbraediodendron,Fabaceae,Fabales,Angiosperms,4,2,3,4,0.68,0.69,0.64,0.69
Miliusa,Annonaceae,Magnoliales,Angiosperms,15,8,4,9,0.64,0.64,0.6,0.64
Mitrephora,Annonaceae,Magnoliales,Angiosperms,5,4,3,4,0.69,0.7,0.64,0.71
Molinaea,Sapindaceae,Sapindales,Angiosperms,5,2,2,3,0.69,0.69,0.64,0.69
Monimia,Monimiaceae,Laurales,Angiosperms,2,2,1,2,0.49,0.49,0.5,0.46
Monocarpia,Annonaceae,Magnoliales,Angiosperms,11,5,2,5,0.49,0.49,0.5,0.46
Monodora,Annonaceae,Magnoliales,Angiosperms,30,3,9,10,0.51,0.51,0.51,0.47
Monoporus,Primulaceae,Ericales,Angiosperms,1,1,1,1,0.61,0.62,0.59,0.65
Monotes,Dipterocarpaceae,Malvales,Angiosperms,17,4,6,8,0.74,0.74,0.68,0.74
Montanoa,Asteraceae,Asterales,Angiosperms,4,3,3,3,0.58,0.58,0.57,0.57
Morella,Myricaceae,Fagales,Angiosperms,3,3,1,3,0.57,0.57,0.56,0.58
Morinda,Rubiaceae,Gentianales,Angiosperms,40,11,16,20,0.52,0.52,0.53,0.49
Mundulea,Fabaceae,Fabales,Angiosperms,3,2,2,2,0.69,0.69,0.64,0.72
Muntingia,Muntingiaceae,Malvales,Angiosperms,2,2,2,2,0.41,0.42,0.45,0.3
Murraya,Rutaceae,Sapindales,Angiosperms,22,9,9,11,0.71,0.71,0.66,0.76
Mussaendopsis,Rubiaceae,Gentianales,Angiosperms,4,4,3,4,0.72,0.72,0.66,0.79
Myoporum,Scrophulariaceae,Lamiales,Angiosperms,11,4,4,5,0.63,0.63,0.62,0.61
Myrcianthes,Myrtaceae,Myrtales,Angiosperms,21,11,8,13,0.77,0.78,0.7,0.75
Myrianthus,Urticaceae,Rosales,Angiosperms,33,4,8,11,0.48,0.48,0.48,0.47
Myrica,Myricaceae,Fagales,Angiosperms,31,17,10,19,0.58,0.58,0.57,0.58
Myrospermum,Fabaceae,Fabales,Angiosperms,6,4,4,4,0.77,0.77,0.7,0.84
Mystroxylon,Celastraceae,Celastrales,Angiosperms,2,2,2,2,0.7,0.7,0.65,0.78
Mytilaria,Hamamelidaceae,Saxifragales,Angiosperms,4,3,1,3,0.55,0.55,0.52,0.48
Nageia,Podocarpaceae,Cupressales,Gymnosperms,21,11,7,11,0.55,0.55,0.54,0.54
Napoleonaea,Lecythidaceae,Ericales,Angiosperms,13,2,5,6,0.65,0.65,0.61,0.62
Nealchornea,Euphorbiaceae,Malpighiales,Angiosperms,8,4,3,6,0.57,0.56,0.56,0.58
Necepsia,Euphorbiaceae,Malpighiales,Angiosperms,2,2,1,2,0.56,0.56,0.55,0.58
Neesia,Malvaceae,Malvales,Angiosperms,6,5,3,5,0.47,0.47,0.48,0.43
Leptocereus,Cactaceae,Caryophyllales,Angiosperms,1,1,1,1,0.48,0.48,0.49,0.5
Neobalanocarpus,Dipterocarpaceae,Malvales,Angiosperms,4,2,1,2,0.73,0.74,0.67,0.75
Neobeguea,Meliaceae,Sapindales,Angiosperms,7,1,1,1,0.69,0.69,0.64,0.78
Neoboutonia,Euphorbiaceae,Malpighiales,Angiosperms,5,2,5,5,0.38,0.38,0.42,0.31
Neocarya,Chrysobalanaceae,Malpighiales,Angiosperms,2,2,1,2,0.74,0.74,0.68,0.73
Neochevalierodendron,Fabaceae,Fabales,Angiosperms,5,1,1,1,0.66,0.66,0.62,0.65
Neolamarckia,Rubiaceae,Gentianales,Angiosperms,14,3,9,9,0.46,0.46,0.49,0.38
Neomillspaughia,Polygonaceae,Caryophyllales,Angiosperms,2,2,1,2,0.62,0.62,0.59,0.69
Neostenanthera,Annonaceae,Magnoliales,Angiosperms,5,2,2,3,0.49,0.49,0.5,0.44
Nephelium,Sapindaceae,Sapindales,Angiosperms,32,12,5,14,0.72,0.72,0.65,0.72
Nerium,Apocynaceae,Gentianales,Angiosperms,7,5,5,7,0.49,0.48,0.47,0.44
Newbouldia,Bignoniaceae,Lamiales,Angiosperms,6,2,3,5,0.56,0.56,0.55,0.57
Nicotiana,Solanaceae,Solanales,Angiosperms,2,2,2,2,0.46,0.46,0.48,0.38
Normandiodendron,Fabaceae,Fabales,Angiosperms,7,2,2,2,0.76,0.76,0.69,0.81
Leonardoxa,Fabaceae,Fabales,Angiosperms,2,2,1,2,0.64,0.64,0.61,0.6
Nothaphoebe,Lauraceae,Laurales,Angiosperms,8,5,5,7,0.52,0.52,0.52,0.49
Nothospondias,Simaroubaceae,Sapindales,Angiosperms,3,2,2,2,0.48,0.48,0.49,0.48
Nuxia,Stilbaceae,Lamiales,Angiosperms,26,8,11,16,0.65,0.65,0.61,0.64
Nyssa,Nyssaceae,Cornales,Angiosperms,654,11,6,32,0.5,0.5,0.5,0.45
Ochanostachys,Olacaceae,Santalales,Angiosperms,7,4,3,5,0.76,0.76,0.69,0.8
Phoebe,Lauraceae,Laurales,Angiosperms,32,12,8,17,0.51,0.51,0.51,0.51
Kuloa,Lauraceae,Laurales,Angiosperms,8,6,5,7,0.47,0.47,0.49,0.46
Octoknema,Olacaceae,Santalales,Angiosperms,8,3,4,5,0.61,0.61,0.59,0.58
Octolobus,Malvaceae,Malvales,Angiosperms,9,2,4,4,0.66,0.66,0.61,0.74
Octomeles,Tetramelaceae,Cucurbitales,Angiosperms,9,3,5,7,0.38,0.39,0.42,0.32
Okoubaka,Santalaceae,Santalales,Angiosperms,3,2,2,2,0.68,0.69,0.64,0.7
Olearia,Asteraceae,Asterales,Angiosperms,40,9,3,10,0.62,0.63,0.58,0.57
Olinia,Penaeaceae,Myrtales,Angiosperms,9,6,5,6,0.67,0.67,0.61,0.68
Olneya,Fabaceae,Fabales,Angiosperms,2,2,1,2,0.82,0.82,0.73,0.96
Omphalea,Euphorbiaceae,Malpighiales,Angiosperms,12,6,6,8,0.38,0.39,0.43,0.32
Omphalocarpum,Sapotaceae,Ericales,Angiosperms,27,3,9,10,0.57,0.57,0.56,0.55
Oncoba,Salicaceae,Malpighiales,Angiosperms,2,2,2,2,0.69,0.69,0.64,0.74
Oncostemum,Primulaceae,Ericales,Angiosperms,10,3,2,4,0.53,0.53,0.53,0.5
Oncotheca,Oncothecaceae,Icacinales,Angiosperms,3,2,1,2,0.72,0.72,0.66,0.81
Operculicarya,Anacardiaceae,Sapindales,Angiosperms,1,1,1,1,0.4,0.4,0.44,0.2
Poupartia,Anacardiaceae,Sapindales,Angiosperms,12,1,1,1,0.47,0.47,0.49,0.57
Ophiobotrys,Salicaceae,Malpighiales,Angiosperms,3,1,1,1,0.59,0.59,0.58,0.55
Colea,Bignoniaceae,Lamiales,Angiosperms,3,2,2,2,0.53,0.53,0.53,0.59
Orfilea,Euphorbiaceae,Malpighiales,Angiosperms,2,2,2,2,0.6,0.6,0.57,0.64
Oroxylum,Bignoniaceae,Lamiales,Angiosperms,6,5,5,6,0.44,0.45,0.47,0.38
Osmanthus,Oleaceae,Lamiales,Angiosperms,14,5,2,5,0.71,0.71,0.66,0.68
Chengiodendron,Oleaceae,Lamiales,Angiosperms,6,2,2,2,0.65,0.65,0.62,0.66
Ostrya,Betulaceae,Fagales,Angiosperms,62,12,11,30,0.64,0.64,0.58,0.58
Osyris,Santalaceae,Santalales,Angiosperms,6,5,4,5,0.67,0.69,0.63,0.7
Oubanguia,Lecythidaceae,Ericales,Angiosperms,8,2,3,3,0.68,0.68,0.63,0.68
Oxyanthus,Rubiaceae,Gentianales,Angiosperms,19,3,4,6,0.63,0.64,0.6,0.6
Oxyceros,Rubiaceae,Gentianales,Angiosperms,1,1,1,1,0.63,0.63,0.6,0.64
Oxydendrum,Ericaceae,Ericales,Angiosperms,52,6,1,8,0.55,0.56,0.54,0.5
Ozoroa,Anacardiaceae,Sapindales,Angiosperms,4,2,3,3,0.63,0.63,0.6,0.65
Pachycereus,Cactaceae,Caryophyllales,Angiosperms,3,3,2,3,0.35,0.35,0.4,0.31
Pachyelasma,Fabaceae,Fabales,Angiosperms,9,3,5,5,0.67,0.68,0.63,0.66
Pagamea,Rubiaceae,Gentianales,Angiosperms,13,4,4,6,0.6,0.6,0.58,0.6
Palicourea,Rubiaceae,Gentianales,Angiosperms,73,19,13,24,0.51,0.51,0.51,0.48
Pancovia,Sapindaceae,Sapindales,Angiosperms,30,2,7,8,0.74,0.74,0.67,0.7
Panda,Pandaceae,Malpighiales,Angiosperms,18,3,7,7,0.6,0.61,0.58,0.57
Paracorynanthe,Rubiaceae,Gentianales,Angiosperms,1,1,1,1,0.59,0.6,0.58,0.58
Paracryphia,Paracryphiaceae,Paracryphiales,Angiosperms,2,2,1,2,0.52,0.53,0.52,0.58
Paramachaerium,Fabaceae,Fabales,Angiosperms,9,1,2,2,0.65,0.65,0.62,0.66
Paramacrolobium,Fabaceae,Fabales,Angiosperms,7,2,3,3,0.68,0.68,0.64,0.67
Parartocarpus,Moraceae,Rosales,Angiosperms,10,7,4,8,0.46,0.46,0.48,0.41
Parishia,Anacardiaceae,Sapindales,Angiosperms,12,5,4,5,0.56,0.56,0.55,0.53
Parmentiera,Bignoniaceae,Lamiales,Angiosperms,5,2,2,2,0.65,0.65,0.61,0.69
Paropsia,Passifloraceae,Malpighiales,Angiosperms,14,5,8,9,0.66,0.66,0.62,0.68
Parrotia,Hamamelidaceae,Saxifragales,Angiosperms,1,1,1,1,0.68,0.68,0.63,0.72
Parthenocissus,Vitaceae,Vitales,Angiosperms,2,2,2,2,0.45,0.45,0.47,0.45
Paulownia,Paulowniaceae,Lamiales,Angiosperms,18,6,5,10,0.28,0.28,0.35,0.25
Pauridiantha,Rubiaceae,Gentianales,Angiosperms,14,3,5,6,0.54,0.54,0.54,0.5
Pavieasia,Sapindaceae,Sapindales,Angiosperms,1,1,1,1,0.7,0.7,0.65,0.7
Payena,Sapotaceae,Ericales,Angiosperms,22,7,3,7,0.68,0.68,0.63,0.67
Pemphis,Lythraceae,Myrtales,Angiosperms,11,4,6,6,0.81,0.81,0.72,0.92
Pentace,Malvaceae,Malvales,Angiosperms,20,7,4,9,0.59,0.59,0.56,0.58
Pentachlaena,Sarcolaenaceae,Malvales,Angiosperms,1,1,1,1,0.81,0.81,0.73,0.86
Pentaphylax,Pentaphylacaceae,Ericales,Angiosperms,7,5,3,5,0.57,0.57,0.55,0.54
Pentaspadon,Anacardiaceae,Sapindales,Angiosperms,6,5,3,5,0.56,0.57,0.55,0.56
Pentopetia,Apocynaceae,Gentianales,Angiosperms,1,1,1,1,0.53,0.53,0.52,0.56
Peridiscus,Peridiscaceae,Saxifragales,Angiosperms,1,1,1,1,0.66,0.66,0.62,0.69
Peronema,Lamiaceae,Lamiales,Angiosperms,4,4,3,4,0.55,0.55,0.54,0.55
Perriera,Simaroubaceae,Sapindales,Angiosperms,3,1,1,1,0.4,0.4,0.44,0.39
Perrierodendron,Sarcolaenaceae,Malvales,Angiosperms,1,1,1,1,0.75,0.76,0.69,0.75
Perrottetia,Dipentodontaceae,Huerteales,Angiosperms,9,7,5,7,0.45,0.45,0.46,0.39
Petchia,Apocynaceae,Gentianales,Angiosperms,5,2,2,3,0.5,0.5,0.5,0.5
Petitia,Lamiaceae,Lamiales,Angiosperms,2,2,2,2,0.6,0.6,0.57,0.66
Peumus,Monimiaceae,Laurales,Angiosperms,1,1,1,1,0.57,0.57,0.55,0.6
Phaleria,Thymelaeaceae,Malvales,Angiosperms,1,1,1,1,0.39,0.39,0.43,0.23
Phanerodiscus,Olacaceae,Santalales,Angiosperms,1,1,1,1,0.74,0.74,0.68,0.81
Phellodendron,Rutaceae,Sapindales,Angiosperms,14,5,4,6,0.52,0.52,0.53,0.37
Philadelphus,Hydrangeaceae,Cornales,Angiosperms,2,2,2,2,0.69,0.69,0.63,0.7
Phillyrea,Oleaceae,Lamiales,Angiosperms,12,5,4,11,0.69,0.69,0.65,0.63
Photinia,Rosaceae,Rosales,Angiosperms,16,5,4,6,0.75,0.75,0.68,0.74
Phylica,Rhamnaceae,Rosales,Angiosperms,1,1,1,1,0.6,0.61,0.58,0.52
Phyllocosmus,Ixonanthaceae,Malpighiales,Angiosperms,32,3,5,7,0.72,0.72,0.66,0.73
Phylloctenium,Bignoniaceae,Lamiales,Angiosperms,2,1,1,1,0.64,0.64,0.6,0.74
Phylloxylon,Fabaceae,Fabales,Angiosperms,2,1,1,1,0.84,0.84,0.74,1.01
Picconia,Oleaceae,Lamiales,Angiosperms,3,3,3,3,0.67,0.67,0.63,0.66
Picralima,Apocynaceae,Gentianales,Angiosperms,17,3,5,5,0.66,0.66,0.61,0.75
Picrasma,Simaroubaceae,Sapindales,Angiosperms,12,7,6,8,0.46,0.45,0.47,0.46
Pierreodendron,Simaroubaceae,Sapindales,Angiosperms,4,1,2,2,0.44,0.44,0.46,0.4
Pilocarpus,Rutaceae,Sapindales,Angiosperms,5,5,3,5,0.8,0.82,0.73,0.83
Pimelodendron,Euphorbiaceae,Malpighiales,Angiosperms,5,4,3,5,0.52,0.52,0.52,0.48
Pinacopodium,Erythroxylaceae,Malpighiales,Angiosperms,4,1,1,1,0.68,0.68,0.63,0.68
Pinzona,Dilleniaceae,Dilleniales,Angiosperms,3,2,3,3,0.5,0.5,0.51,0.48
Piptostigma,Annonaceae,Magnoliales,Angiosperms,6,2,2,3,0.6,0.6,0.57,0.6
Brieya,Annonaceae,Magnoliales,Angiosperms,6,2,3,3,0.51,0.51,0.51,0.44
Pipturus,Urticaceae,Rosales,Angiosperms,10,6,5,6,0.36,0.36,0.38,0.31
Piscidia,Fabaceae,Fabales,Angiosperms,18,8,7,12,0.66,0.66,0.62,0.68
Pistacia,Anacardiaceae,Sapindales,Angiosperms,26,11,9,18,0.7,0.71,0.65,0.67
Pitavia,Rutaceae,Sapindales,Angiosperms,1,1,1,1,0.63,0.63,0.6,0.56
Pithecellobium,Fabaceae,Fabales,Angiosperms,20,11,11,14,0.62,0.62,0.59,0.59
Placodiscus,Sapindaceae,Sapindales,Angiosperms,13,3,5,6,0.82,0.83,0.73,0.83
Plagioscyphus,Sapindaceae,Sapindales,Angiosperms,7,2,1,2,0.73,0.73,0.67,0.71
Plagiosiphon,Fabaceae,Fabales,Angiosperms,15,2,3,4,0.76,0.76,0.69,0.79
Planchonia,Lecythidaceae,Ericales,Angiosperms,16,9,4,12,0.65,0.65,0.59,0.62
Platanus,Platanaceae,Proteales,Angiosperms,106,14,12,29,0.52,0.52,0.51,0.47
Platycarya,Juglandaceae,Fagales,Angiosperms,12,5,2,6,0.6,0.6,0.58,0.61
Platycladus,Cupressaceae,Cupressales,Gymnosperms,6,3,3,3,0.49,0.5,0.51,0.53
Platylophus,Cunoniaceae,Oxalidales,Angiosperms,3,3,2,3,0.51,0.51,0.51,0.46
Pleradenophora,Euphorbiaceae,Malpighiales,Angiosperms,5,4,2,5,0.53,0.53,0.52,0.52
Pleurostylia,Celastraceae,Celastrales,Angiosperms,4,4,4,4,0.68,0.68,0.63,0.69
Pleurothyrium,Lauraceae,Laurales,Angiosperms,6,3,3,4,0.42,0.42,0.45,0.4
Plumeria,Apocynaceae,Gentianales,Angiosperms,10,6,6,8,0.53,0.53,0.51,0.54
Prumnopitys,Podocarpaceae,Cupressales,Gymnosperms,6,6,4,6,0.54,0.54,0.54,0.54
Podonephelium,Sapindaceae,Sapindales,Angiosperms,3,2,1,2,0.68,0.68,0.63,0.73
Limadendron,Fabaceae,Fabales,Angiosperms,4,3,2,4,0.67,0.68,0.63,0.67
Poliothyrsis,Salicaceae,Malpighiales,Angiosperms,1,1,1,1,0.59,0.59,0.58,0.55
Piptocoma,Asteraceae,Asterales,Angiosperms,6,3,2,4,0.49,0.49,0.5,0.43
Polyalthia,Annonaceae,Magnoliales,Angiosperms,13,10,6,10,0.54,0.55,0.54,0.55
Polyceratocarpus,Annonaceae,Magnoliales,Angiosperms,3,2,2,2,0.57,0.57,0.55,0.55
Pometia,Sapindaceae,Sapindales,Angiosperms,32,13,8,17,0.67,0.67,0.63,0.63
Pongamiopsis,Fabaceae,Fabales,Angiosperms,5,1,1,1,0.77,0.77,0.69,0.82
Potalia,Gentianaceae,Gentianales,Angiosperms,1,1,1,1,0.72,0.73,0.67,0.82
Poulsenia,Moraceae,Rosales,Angiosperms,26,14,7,15,0.44,0.45,0.48,0.36
Poupartiopsis,Anacardiaceae,Sapindales,Angiosperms,2,1,1,1,0.52,0.52,0.52,0.48
Prainea,Moraceae,Rosales,Angiosperms,4,3,2,3,0.61,0.61,0.58,0.6
Strombocarpa,Fabaceae,Fabales,Angiosperms,3,3,2,3,0.74,0.74,0.68,0.76
Protea,Proteaceae,Proteales,Angiosperms,800,7,4,101,0.56,0.56,0.55,0.53
Protomegabaria,Phyllanthaceae,Malpighiales,Angiosperms,5,3,2,3,0.65,0.65,0.61,0.64
Pseudolachnostylis,Phyllanthaceae,Malpighiales,Angiosperms,6,4,5,5,0.65,0.65,0.61,0.65
Pseudomantalania,Rubiaceae,Gentianales,Angiosperms,1,1,1,1,0.54,0.54,0.54,0.46
Pseudopteris,Sapindaceae,Sapindales,Angiosperms,2,1,1,1,0.72,0.72,0.66,0.76
Pseudospondias,Anacardiaceae,Sapindales,Angiosperms,24,2,6,6,0.56,0.56,0.55,0.52
Psorospermum,Hypericaceae,Malpighiales,Angiosperms,21,4,4,5,0.67,0.67,0.62,0.69
Psorothamnus,Fabaceae,Fabales,Angiosperms,3,3,1,3,0.59,0.59,0.58,0.53
Ptaeroxylon,Rutaceae,Sapindales,Angiosperms,6,4,4,5,0.73,0.73,0.67,0.78
Ptelidium,Celastraceae,Celastrales,Angiosperms,2,1,1,1,0.74,0.74,0.68,0.82
Pterocarya,Juglandaceae,Fagales,Angiosperms,14,6,5,8,0.38,0.38,0.43,0.34
Pterocelastrus,Celastraceae,Celastrales,Angiosperms,4,3,2,3,0.72,0.72,0.66,0.78
Pterocymbium,Malvaceae,Malvales,Angiosperms,11,9,4,10,0.39,0.39,0.43,0.34
Pterostyrax,Styracaceae,Ericales,Angiosperms,13,5,2,7,0.42,0.43,0.45,0.4
Ptychopetalum,Olacaceae,Santalales,Angiosperms,9,3,4,5,0.68,0.68,0.64,0.68
Punica,Lythraceae,Myrtales,Angiosperms,4,3,4,4,0.65,0.65,0.61,0.67
Pyracantha,Rosaceae,Rosales,Angiosperms,2,2,2,2,0.63,0.64,0.61,0.6
Pyrenaria,Theaceae,Ericales,Angiosperms,16,7,6,8,0.55,0.55,0.54,0.56
Pyrostria,Rubiaceae,Gentianales,Angiosperms,3,2,3,3,0.71,0.71,0.66,0.73
Pyrus,Rosaceae,Rosales,Angiosperms,33,11,11,15,0.63,0.63,0.61,0.61
Quassia,Simaroubaceae,Sapindales,Angiosperms,53,7,17,19,0.45,0.45,0.47,0.36
Quivisianthe,Meliaceae,Sapindales,Angiosperms,10,1,1,1,0.67,0.68,0.63,0.75
Radermachera,Bignoniaceae,Lamiales,Angiosperms,17,9,5,11,0.53,0.53,0.53,0.52
Razafimandimbisonia,Rubiaceae,Gentianales,Angiosperms,4,2,1,2,0.67,0.68,0.63,0.66
Reevesia,Malvaceae,Malvales,Angiosperms,8,5,3,6,0.51,0.51,0.5,0.46
Rehdera,Verbenaceae,Lamiales,Angiosperms,2,2,2,2,0.68,0.69,0.63,0.75
Reinwardtiodendron,Meliaceae,Sapindales,Angiosperms,5,4,3,4,0.76,0.76,0.68,0.81
Reissantia,Celastraceae,Celastrales,Angiosperms,4,4,3,4,0.52,0.53,0.53,0.44
Remijia,Rubiaceae,Gentianales,Angiosperms,2,2,2,2,0.6,0.6,0.58,0.58
Reynosia,Rhamnaceae,Rosales,Angiosperms,2,2,1,2,0.82,0.82,0.72,0.9
Rhamnoneuron,Thymelaeaceae,Malvales,Angiosperms,1,1,1,1,0.43,0.43,0.46,0.34
Rhamnus,Rhamnaceae,Rosales,Angiosperms,37,16,7,19,0.67,0.68,0.64,0.64
Rhaphiolepis,Rosaceae,Rosales,Angiosperms,7,3,2,3,0.72,0.72,0.66,0.75
Rhaphiostylis,Metteniusaceae,Metteniusales,Angiosperms,5,2,3,3,0.58,0.59,0.57,0.55
Rhaptopetalum,Lecythidaceae,Ericales,Angiosperms,2,1,2,2,0.6,0.61,0.58,0.59
Rhigozum,Bignoniaceae,Lamiales,Angiosperms,1,1,1,1,0.56,0.56,0.55,0.6
Rhodocolea,Bignoniaceae,Lamiales,Angiosperms,2,2,1,2,0.61,0.61,0.58,0.66
Rhododendron,Ericaceae,Ericales,Angiosperms,206,13,7,17,0.56,0.56,0.51,0.52
Rhodoleia,Hamamelidaceae,Saxifragales,Angiosperms,5,5,3,5,0.58,0.58,0.57,0.56
Rhodothyrsus,Euphorbiaceae,Malpighiales,Angiosperms,1,1,1,1,0.67,0.68,0.62,0.84
Rhopalocarpus,Sphaerosepalaceae,Malvales,Angiosperms,18,1,1,1,0.65,0.66,0.62,0.68
Rhus,Anacardiaceae,Sapindales,Angiosperms,39,16,9,23,0.49,0.49,0.49,0.46
Searsia,Anacardiaceae,Sapindales,Angiosperms,14,5,6,7,0.72,0.73,0.67,0.76
Baronia,Anacardiaceae,Sapindales,Angiosperms,5,2,1,2,0.55,0.55,0.54,0.57
Ricinus,Euphorbiaceae,Malpighiales,Angiosperms,4,3,4,4,0.41,0.41,0.44,0.32
Ritchiea,Capparaceae,Brassicales,Angiosperms,10,2,2,2,0.58,0.58,0.56,0.56
Robinia,Fabaceae,Fabales,Angiosperms,104,14,11,28,0.66,0.66,0.63,0.58
Rochefortia,Boraginaceae,Boraginales,Angiosperms,3,1,1,1,0.76,0.76,0.68,0.93
Rockia,unknown_8,"","",1,1,1,1,0.38,0.38,0.42,0.27
Rondeletia,Rubiaceae,Gentianales,Angiosperms,1,1,1,1,0.6,0.61,0.58,0.58
Roseodendron,Bignoniaceae,Lamiales,Angiosperms,9,7,4,8,0.47,0.47,0.49,0.43
Rothmannia,Rubiaceae,Gentianales,Angiosperms,45,3,7,8,0.68,0.68,0.63,0.66
Roucheria,Linaceae,Malpighiales,Angiosperms,3,3,3,3,0.75,0.76,0.69,0.78
Ruagea,Meliaceae,Sapindales,Angiosperms,6,4,3,5,0.54,0.54,0.53,0.52
Sageraea,Annonaceae,Magnoliales,Angiosperms,7,6,4,6,0.62,0.62,0.59,0.64
Sagotia,Euphorbiaceae,Malpighiales,Angiosperms,5,3,5,5,0.58,0.58,0.56,0.62
Sakoanala,Fabaceae,Fabales,Angiosperms,1,1,1,1,0.76,0.76,0.69,0.88
Salvadoropsis,Celastraceae,Celastrales,Angiosperms,2,1,1,1,0.67,0.67,0.63,0.73
Sambucus,Viburnaceae,Dipsacales,Angiosperms,19,13,9,16,0.46,0.46,0.45,0.45
Sandoricum,Meliaceae,Sapindales,Angiosperms,8,5,4,5,0.46,0.47,0.49,0.42
Sapranthus,Annonaceae,Magnoliales,Angiosperms,4,4,3,4,0.57,0.58,0.56,0.59
Saraca,Fabaceae,Fabales,Angiosperms,10,8,6,8,0.54,0.54,0.54,0.53
Sarcolaena,Sarcolaenaceae,Malvales,Angiosperms,6,1,1,1,0.79,0.79,0.71,0.8
Sarcosperma,Sapotaceae,Ericales,Angiosperms,11,9,5,9,0.5,0.5,0.52,0.47
Sassafras,Lauraceae,Laurales,Angiosperms,18,6,2,8,0.51,0.51,0.52,0.48
Saxegothaea,Podocarpaceae,Cupressales,Gymnosperms,3,3,2,3,0.48,0.48,0.5,0.42
Scaevola,Goodeniaceae,Asterales,Angiosperms,7,3,3,3,0.47,0.47,0.49,0.39
Scaphopetalum,Malvaceae,Malvales,Angiosperms,7,2,4,4,0.61,0.61,0.58,0.61
Astropanax,Araliaceae,Apiales,Angiosperms,8,2,3,3,0.42,0.42,0.45,0.38
Sciodaphyllum,Araliaceae,Apiales,Angiosperms,5,5,5,5,0.48,0.48,0.49,0.47
Neocussonia,Araliaceae,Apiales,Angiosperms,8,5,3,6,0.42,0.42,0.45,0.41
Schefflerodendron,Fabaceae,Fabales,Angiosperms,3,1,1,1,0.76,0.76,0.69,0.8
Schima,Theaceae,Ericales,Angiosperms,37,13,9,17,0.59,0.6,0.58,0.59
Schinziophyton,Euphorbiaceae,Malpighiales,Angiosperms,6,3,4,5,0.33,0.33,0.39,0.17
Schismatoclada,Rubiaceae,Gentianales,Angiosperms,3,2,1,2,0.54,0.54,0.54,0.4
Schizolaena,Sarcolaenaceae,Malvales,Angiosperms,22,2,1,2,0.78,0.78,0.71,0.77
Schleichera,Sapindaceae,Sapindales,Angiosperms,16,10,6,12,0.75,0.76,0.69,0.81
Schotia,Fabaceae,Fabales,Angiosperms,2,1,1,1,0.67,0.68,0.63,0.69
Schrebera,Oleaceae,Lamiales,Angiosperms,17,7,10,13,0.65,0.65,0.62,0.66
Schumanniophyton,Rubiaceae,Gentianales,Angiosperms,11,2,6,7,0.66,0.66,0.62,0.63
Sciadopitys,Sciadopityaceae,Cupressales,Gymnosperms,8,4,2,4,0.54,0.54,0.54,0.51
Sclerocarya,Anacardiaceae,Sapindales,Angiosperms,24,8,12,20,0.51,0.51,0.52,0.49
Sclerocroton,Euphorbiaceae,Malpighiales,Angiosperms,1,1,1,1,0.56,0.56,0.54,0.6
Scorodocarpus,Olacaceae,Santalales,Angiosperms,8,5,3,6,0.72,0.73,0.67,0.73
Scutia,Rhamnaceae,Rosales,Angiosperms,7,6,5,6,0.72,0.72,0.66,0.85
Securidaca,Polygalaceae,Fabales,Angiosperms,18,4,9,10,0.53,0.53,0.54,0.55
Securinega,Phyllanthaceae,Malpighiales,Angiosperms,49,3,3,5,0.76,0.77,0.71,0.8
Semialarium,Celastraceae,Celastrales,Angiosperms,4,3,2,3,0.6,0.61,0.58,0.64
Sequoia,Cupressaceae,Cupressales,Gymnosperms,35,8,3,8,0.42,0.42,0.47,0.44
Sequoiadendron,Cupressaceae,Cupressales,Gymnosperms,7,4,2,5,0.39,0.39,0.44,0.37
Sersalisia,Sapotaceae,Ericales,Angiosperms,1,1,1,1,0.67,0.68,0.63,0.67
Shirakiopsis,Euphorbiaceae,Malpighiales,Angiosperms,15,6,11,13,0.49,0.5,0.5,0.48
Simmondsia,Simmondsiaceae,Caryophyllales,Angiosperms,2,2,2,2,0.61,0.61,0.59,0.62
Sonneratia,Lythraceae,Myrtales,Angiosperms,23,10,12,14,0.54,0.54,0.54,0.53
Sophora,Fabaceae,Fabales,Angiosperms,14,5,5,6,0.71,0.72,0.68,0.68
Sorbus,Rosaceae,Rosales,Angiosperms,59,17,13,27,0.61,0.61,0.59,0.58
Sorindeia,Anacardiaceae,Sapindales,Angiosperms,26,3,6,7,0.68,0.68,0.63,0.71
Soulamea,Simaroubaceae,Sapindales,Angiosperms,2,2,1,2,0.48,0.48,0.49,0.53
Soyauxia,Peridiscaceae,Saxifragales,Angiosperms,5,1,3,3,0.67,0.67,0.63,0.67
Soymida,Meliaceae,Sapindales,Angiosperms,10,5,2,7,0.68,0.68,0.63,0.76
Spachea,Malpighiaceae,Malpighiales,Angiosperms,4,2,2,3,0.58,0.59,0.57,0.58
Sparattosyce,Moraceae,Rosales,Angiosperms,3,2,1,2,0.48,0.48,0.49,0.48
Spathandra,Melastomataceae,Myrtales,Angiosperms,2,1,2,2,0.65,0.65,0.61,0.71
Spathodea,Bignoniaceae,Lamiales,Angiosperms,33,8,12,13,0.41,0.42,0.47,0.33
Spirostachys,Euphorbiaceae,Malpighiales,Angiosperms,9,4,5,6,0.73,0.73,0.65,0.85
Spirotheca,Malvaceae,Malvales,Angiosperms,2,2,2,2,0.38,0.38,0.42,0.31
Spirotropis,Fabaceae,Fabales,Angiosperms,1,1,1,1,0.8,0.81,0.72,0.99
Spondianthus,Phyllanthaceae,Malpighiales,Angiosperms,6,3,4,4,0.59,0.59,0.57,0.53
Stachyothyrsus,Fabaceae,Fabales,Angiosperms,5,3,2,4,0.66,0.66,0.62,0.64
Stadmania,Sapindaceae,Sapindales,Angiosperms,8,1,1,1,0.79,0.79,0.71,0.82
Steganotaenia,Apiaceae,Apiales,Angiosperms,2,2,2,2,0.5,0.5,0.5,0.46
Stemonurus,Stemonuraceae,Aquifoliales,Angiosperms,7,3,2,3,0.58,0.58,0.56,0.56
Stephanodaphne,Thymelaeaceae,Malvales,Angiosperms,2,2,1,2,0.49,0.49,0.5,0.44
Stephanostegia,Apocynaceae,Gentianales,Angiosperms,4,1,1,1,0.68,0.68,0.62,0.8
Stereospermum,Bignoniaceae,Lamiales,Angiosperms,40,11,17,22,0.63,0.64,0.6,0.62
Sterigmapetalum,Rhizophoraceae,Malpighiales,Angiosperms,2,2,2,2,0.62,0.63,0.59,0.61
Stewartia,Theaceae,Ericales,Angiosperms,23,6,2,8,0.62,0.62,0.59,0.6
Strasburgeria,Strasburgeriaceae,Crossosomatales,Angiosperms,1,1,1,1,0.51,0.51,0.52,0.48
Strombosiopsis,Olacaceae,Santalales,Angiosperms,20,3,5,5,0.68,0.68,0.64,0.64
Strophanthus,Apocynaceae,Gentianales,Angiosperms,10,2,4,4,0.47,0.47,0.48,0.43
Styphnolobium,Fabaceae,Fabales,Angiosperms,9,3,4,5,0.65,0.65,0.61,0.59
Stuhlmannia,Fabaceae,Fabales,Angiosperms,2,1,1,1,0.78,0.79,0.71,0.9
Leptecophylla,Ericaceae,Ericales,Angiosperms,4,4,3,4,0.73,0.73,0.69,0.72
Suregada,Euphorbiaceae,Malpighiales,Angiosperms,10,4,6,6,0.63,0.63,0.59,0.64
Suriana,Surianaceae,Fabales,Angiosperms,2,1,2,2,0.77,0.77,0.7,0.78
Swintonia,Anacardiaceae,Sapindales,Angiosperms,20,9,5,11,0.6,0.6,0.58,0.6
Symmeria,Polygonaceae,Caryophyllales,Angiosperms,1,1,1,1,0.62,0.62,0.59,0.64
Sympetalandra,Fabaceae,Fabales,Angiosperms,5,4,3,4,0.64,0.65,0.61,0.62
Syndiclis,Lauraceae,Laurales,Angiosperms,1,1,1,1,0.59,0.59,0.57,0.6
Synsepalum,Sapotaceae,Ericales,Angiosperms,59,3,9,12,0.71,0.71,0.65,0.69
Syringa,Oleaceae,Lamiales,Angiosperms,8,4,6,7,0.62,0.63,0.6,0.53
Tamarindus,Fabaceae,Fabales,Angiosperms,28,10,16,22,0.73,0.73,0.67,0.78
Tamarix,Tamaricaceae,Caryophyllales,Angiosperms,14,5,7,9,0.6,0.6,0.59,0.58
Tamilnadia,Rubiaceae,Gentianales,Angiosperms,1,1,1,1,0.62,0.62,0.59,0.6
Tannodia,Euphorbiaceae,Malpighiales,Angiosperms,7,2,2,2,0.48,0.48,0.49,0.49
Tapeinosperma,Primulaceae,Ericales,Angiosperms,4,2,1,2,0.49,0.49,0.5,0.51
Tarchonanthus,Asteraceae,Asterales,Angiosperms,4,4,4,4,0.72,0.72,0.66,0.82
Tarenna,Rubiaceae,Gentianales,Angiosperms,26,9,11,11,0.59,0.59,0.58,0.57
Tarennoidea,Rubiaceae,Gentianales,Angiosperms,5,2,1,2,0.67,0.67,0.63,0.69
Taxus,Taxaceae,Cupressales,Gymnosperms,21,11,7,14,0.55,0.55,0.57,0.58
Tecoma,Bignoniaceae,Lamiales,Angiosperms,9,5,6,7,0.52,0.52,0.51,0.49
Teijsmanniodendron,Lamiaceae,Lamiales,Angiosperms,11,4,4,4,0.59,0.59,0.57,0.67
Tessmannia,Fabaceae,Fabales,Angiosperms,33,3,6,8,0.72,0.72,0.66,0.73
Tetracentron,Trochodendraceae,Trochodendrales,Angiosperms,2,2,2,2,0.43,0.43,0.46,0.36
Tetractomia,Rutaceae,Sapindales,Angiosperms,2,2,1,2,0.59,0.59,0.58,0.5
Tetradium,Rutaceae,Sapindales,Angiosperms,19,8,6,10,0.45,0.45,0.48,0.38
Zygophyllum,Zygophyllaceae,Zygophyllales,Angiosperms,4,2,2,2,0.73,0.73,0.67,0.74
Tetramerista,Tetrameristaceae,Ericales,Angiosperms,7,5,3,5,0.64,0.64,0.6,0.65
Tetrapterocarpon,Fabaceae,Fabales,Angiosperms,7,1,1,1,0.78,0.78,0.7,0.83
Tetrorchidium,Euphorbiaceae,Malpighiales,Angiosperms,53,11,14,20,0.38,0.38,0.41,0.36
Thecacoris,Phyllanthaceae,Malpighiales,Angiosperms,5,2,3,3,0.73,0.74,0.67,0.75
Thespesia,Malvaceae,Malvales,Angiosperms,25,10,12,13,0.57,0.57,0.55,0.54
Thilachium,Capparaceae,Brassicales,Angiosperms,2,2,1,2,0.57,0.57,0.56,0.51
Thomandersia,Thomandersiaceae,Lamiales,Angiosperms,9,2,5,6,0.56,0.56,0.55,0.53
Thujopsis,Cupressaceae,Cupressales,Gymnosperms,8,4,2,4,0.52,0.54,0.54,0.56
Tilia,Malvaceae,Malvales,Angiosperms,315,27,13,51,0.43,0.43,0.41,0.42
Tipuana,Fabaceae,Fabales,Angiosperms,7,5,3,5,0.61,0.61,0.59,0.56
Tisonia,Salicaceae,Malpighiales,Angiosperms,7,2,1,2,0.69,0.7,0.66,0.74
Torreya,Taxaceae,Cupressales,Gymnosperms,6,4,3,5,0.46,0.46,0.48,0.42
Torrubia,Nyctaginaceae,Caryophyllales,Angiosperms,2,1,1,1,0.54,0.54,0.53,0.56
Touroulia,Ochnaceae,Malpighiales,Angiosperms,5,3,1,3,0.74,0.75,0.69,0.74
Toxicodendron,Anacardiaceae,Sapindales,Angiosperms,36,12,5,16,0.51,0.51,0.52,0.5
Treculia,Moraceae,Rosales,Angiosperms,20,3,7,9,0.52,0.53,0.52,0.53
Triadica,Euphorbiaceae,Malpighiales,Angiosperms,6,3,5,5,0.42,0.43,0.45,0.36
Tricalysia,Rubiaceae,Gentianales,Angiosperms,24,2,4,5,0.57,0.57,0.56,0.54
Trichadenia,Achariaceae,Malpighiales,Angiosperms,4,4,3,4,0.66,0.67,0.62,0.67
Trichocladus,Hamamelidaceae,Saxifragales,Angiosperms,1,1,1,1,0.72,0.72,0.66,0.81
Tridesmostemon,Sapotaceae,Ericales,Angiosperms,19,2,6,7,0.77,0.77,0.69,0.77
Trilepisium,Moraceae,Rosales,Angiosperms,38,8,9,12,0.54,0.54,0.53,0.52
Trimenia,Trimeniaceae,Austrobaileyales,Angiosperms,2,2,1,2,0.54,0.54,0.53,0.57
Triphasia,Rutaceae,Sapindales,Angiosperms,1,1,1,1,0.55,0.56,0.55,0.41
Tristiropsis,Sapindaceae,Sapindales,Angiosperms,4,2,2,3,0.65,0.65,0.61,0.58
Trochodendron,Trochodendraceae,Trochodendrales,Angiosperms,2,2,1,2,0.52,0.52,0.52,0.5
Maillardia,Moraceae,Rosales,Angiosperms,20,2,3,4,0.6,0.6,0.58,0.63
Tsebona,Sapotaceae,Ericales,Angiosperms,2,1,1,1,0.56,0.57,0.55,0.48
Tsingya,Sapindaceae,Sapindales,Angiosperms,1,1,1,1,0.77,0.77,0.7,0.89
Staphylea,Staphyleaceae,Crossosomatales,Angiosperms,14,5,3,5,0.45,0.45,0.47,0.41
Turraea,Meliaceae,Sapindales,Angiosperms,14,4,5,6,0.56,0.56,0.55,0.52
Umbellularia,Lauraceae,Laurales,Angiosperms,5,5,1,5,0.54,0.53,0.52,0.51
Uvariastrum,Annonaceae,Magnoliales,Angiosperms,3,1,2,2,0.51,0.51,0.51,0.47
Uvariopsis,Annonaceae,Magnoliales,Angiosperms,14,2,4,5,0.62,0.62,0.58,0.61
Vaccinium,Ericaceae,Ericales,Angiosperms,56,8,7,13,0.62,0.63,0.6,0.58
Vangueria,Rubiaceae,Gentianales,Angiosperms,6,3,4,4,0.6,0.6,0.58,0.61
Vangueriella,Rubiaceae,Gentianales,Angiosperms,2,2,2,2,0.64,0.64,0.61,0.64
Vangueriopsis,Rubiaceae,Gentianales,Angiosperms,4,1,3,3,0.6,0.61,0.59,0.59
Vateria,Dipterocarpaceae,Malvales,Angiosperms,4,2,2,2,0.56,0.57,0.56,0.48
Vatica,Dipterocarpaceae,Malvales,Angiosperms,44,11,8,18,0.72,0.73,0.67,0.7
Indigofera,Fabaceae,Fabales,Angiosperms,23,3,3,3,0.68,0.69,0.64,0.6
Vepris,Rutaceae,Sapindales,Angiosperms,44,9,16,20,0.65,0.65,0.67,0.66
Vernicia,Euphorbiaceae,Malpighiales,Angiosperms,14,5,3,6,0.42,0.42,0.45,0.37
Strobocalyx,Asteraceae,Asterales,Angiosperms,10,10,6,10,0.46,0.46,0.51,0.38
Orbivestus,Asteraceae,Asterales,Angiosperms,1,1,1,1,0.52,0.52,0.52,0.46
Hilliardiella,Asteraceae,Asterales,Angiosperms,1,1,1,1,0.56,0.56,0.55,0.55
Viguieranthus,Fabaceae,Fabales,Angiosperms,9,3,1,3,0.62,0.62,0.59,0.63
Virgilia,Fabaceae,Fabales,Angiosperms,2,1,1,1,0.57,0.57,0.56,0.49
Vitis,Vitaceae,Vitales,Angiosperms,8,4,4,4,0.41,0.4,0.41,0.37
Voacanga,Apocynaceae,Gentianales,Angiosperms,22,2,4,6,0.54,0.54,0.53,0.51
Voatamalo,Picrodendraceae,Malpighiales,Angiosperms,2,1,1,1,0.84,0.84,0.75,0.92
Votomita,Melastomataceae,Myrtales,Angiosperms,1,1,1,1,0.69,0.7,0.64,0.85
Vouarana,Sapindaceae,Sapindales,Angiosperms,3,2,2,2,0.71,0.73,0.66,0.73
Wallacea,Ochnaceae,Malpighiales,Angiosperms,1,1,1,1,0.67,0.68,0.64,0.61
Wallaceodendron,Fabaceae,Fabales,Angiosperms,3,2,2,2,0.59,0.59,0.58,0.53
Warneckea,Melastomataceae,Myrtales,Angiosperms,10,2,6,6,0.76,0.76,0.68,0.76
Wendlandia,Rubiaceae,Gentianales,Angiosperms,12,5,5,6,0.58,0.59,0.57,0.57
Widdringtonia,Cupressaceae,Cupressales,Gymnosperms,5,3,4,4,0.41,0.42,0.45,0.43
Wielandia,Phyllanthaceae,Malpighiales,Angiosperms,16,3,1,3,0.7,0.7,0.64,0.72
Wigandia,Boraginaceae,Boraginales,Angiosperms,3,2,1,2,0.5,0.5,0.5,0.47
Wikstroemia,Thymelaeaceae,Malvales,Angiosperms,36,4,4,4,0.48,0.47,0.49,0.44
Wimmeria,Celastraceae,Celastrales,Angiosperms,4,4,2,4,0.77,0.78,0.7,0.85
Xantolis,Sapotaceae,Ericales,Angiosperms,1,1,1,1,0.68,0.69,0.63,0.68
Aganope,Fabaceae,Fabales,Angiosperms,12,5,7,9,0.58,0.58,0.57,0.56
Xymalos,Monimiaceae,Laurales,Angiosperms,3,3,3,3,0.51,0.52,0.51,0.51
Zanha,Sapindaceae,Sapindales,Angiosperms,14,3,6,7,0.7,0.7,0.65,0.66
Zelkova,Ulmaceae,Rosales,Angiosperms,10,5,6,8,0.67,0.67,0.63,0.64
Zenia,Fabaceae,Fabales,Angiosperms,5,2,2,2,0.5,0.5,0.52,0.37
Zenkerella,Fabaceae,Fabales,Angiosperms,1,1,1,1,0.7,0.7,0.65,0.73
Zinowiewia,Celastraceae,Celastrales,Angiosperms,8,5,4,6,0.57,0.57,0.56,0.54
Punjuba,Fabaceae,Fabales,Angiosperms,1,1,1,1,0.58,0.58,0.57,0.49
Alzatea,Alzateaceae,Myrtales,Angiosperms,1,1,1,1,0.62,0.63,0.59,0.66
Arachnothryx,Rubiaceae,Gentianales,Angiosperms,8,3,3,3,0.46,0.46,0.49,0.36
Axinaea,Melastomataceae,Myrtales,Angiosperms,1,1,1,1,0.61,0.61,0.59,0.66
Bejaria,Ericaceae,Ericales,Angiosperms,1,1,1,1,0.64,0.65,0.61,0.68
Calatola,Icacinaceae,Icacinales,Angiosperms,10,6,4,6,0.59,0.59,0.57,0.58
Centronia,Melastomataceae,Myrtales,Angiosperms,1,1,1,1,0.53,0.53,0.53,0.48
Cremastosperma,Annonaceae,Magnoliales,Angiosperms,1,1,1,1,0.54,0.54,0.53,0.51
Critoniopsis,Asteraceae,Asterales,Angiosperms,4,2,1,2,0.58,0.58,0.56,0.61
Dioicodendron,Rubiaceae,Gentianales,Angiosperms,1,1,1,1,0.59,0.59,0.57,0.55
Elaeagia,Rubiaceae,Gentianales,Angiosperms,9,3,3,3,0.49,0.49,0.51,0.45
Gaiadendron,Loranthaceae,Santalales,Angiosperms,1,1,1,1,0.56,0.57,0.56,0.52
Maasia,Annonaceae,Magnoliales,Angiosperms,7,6,4,6,0.55,0.55,0.54,0.56
Gynoxys,Asteraceae,Asterales,Angiosperms,7,5,3,5,0.59,0.59,0.57,0.6
Hampea,Malvaceae,Malvales,Angiosperms,23,5,4,5,0.36,0.36,0.41,0.25
Hybanthus,Violaceae,Malpighiales,Angiosperms,1,1,1,1,0.53,0.53,0.53,0.43
Koanophyllon,Asteraceae,Asterales,Angiosperms,1,1,1,1,0.51,0.51,0.51,0.42
Lozania,Lacistemataceae,Malpighiales,Angiosperms,8,3,3,3,0.49,0.49,0.5,0.45
Quetzalia,Celastraceae,Celastrales,Angiosperms,1,1,1,1,0.55,0.55,0.55,0.42
Myriocarpa,Urticaceae,Rosales,Angiosperms,7,3,3,3,0.36,0.36,0.4,0.34
Ophiocaryon,Sabiaceae,Proteales,Angiosperms,1,1,1,1,0.6,0.6,0.57,0.67
Pentagonia,Rubiaceae,Gentianales,Angiosperms,11,5,5,6,0.54,0.54,0.53,0.49
Purdiaea,Clethraceae,Ericales,Angiosperms,1,1,1,1,0.55,0.55,0.54,0.55
Saurauia,Actinidiaceae,Ericales,Angiosperms,21,9,8,11,0.41,0.41,0.45,0.37
Stilpnophyllum,Rubiaceae,Gentianales,Angiosperms,1,1,1,1,0.6,0.6,0.58,0.58
Ticodendron,Ticodendraceae,Fagales,Angiosperms,1,1,1,1,0.62,0.62,0.59,0.61
Viburnum,Viburnaceae,Dipsacales,Angiosperms,56,12,7,13,0.63,0.63,0.58,0.59
Wercklea,Malvaceae,Malvales,Angiosperms,1,1,1,1,0.42,0.42,0.45,0.28
Adelia,Euphorbiaceae,Malpighiales,Angiosperms,7,4,3,4,0.65,0.65,0.6,0.65
Desmopsis,Annonaceae,Magnoliales,Angiosperms,8,2,2,2,0.57,0.57,0.55,0.56
Iriartea,Arecaceae,Arecales,Angiosperms,3,3,1,3,0.4,0.41,0.44,0.26
Oenocarpus,Arecaceae,Arecales,Angiosperms,4,3,3,3,0.61,0.61,0.58,0.6
Adenaria,Lythraceae,Myrtales,Angiosperms,1,1,1,1,0.56,0.56,0.55,0.48
Amphilophium,Bignoniaceae,Lamiales,Angiosperms,14,3,6,6,0.48,0.48,0.49,0.49
Anthodon,Celastraceae,Celastrales,Angiosperms,5,1,1,1,0.57,0.57,0.56,0.52
Aphelandra,Acanthaceae,Lamiales,Angiosperms,5,1,1,1,0.55,0.55,0.54,0.57
Aptandra,Olacaceae,Santalales,Angiosperms,7,4,3,4,0.65,0.65,0.62,0.63
Aristolochia,Aristolochiaceae,Piperales,Angiosperms,8,4,5,5,0.37,0.37,0.39,0.33
Tanaecium,Bignoniaceae,Lamiales,Angiosperms,11,2,3,3,0.51,0.51,0.52,0.48
Baccharis,Asteraceae,Asterales,Angiosperms,11,8,6,9,0.52,0.52,0.51,0.51
Bronwenia,Malpighiaceae,Malpighiales,Angiosperms,6,1,1,1,0.51,0.51,0.52,0.45
Bonamia,Convolvulaceae,Solanales,Angiosperms,2,2,2,2,0.43,0.43,0.46,0.35
Ayenia,Malvaceae,Malvales,Angiosperms,5,2,2,2,0.38,0.38,0.42,0.32
Calliandra,Fabaceae,Fabales,Angiosperms,19,7,5,7,0.77,0.78,0.7,0.79
Callichlamys,Bignoniaceae,Lamiales,Angiosperms,8,2,2,2,0.46,0.46,0.48,0.41
Cayaponia,Cucurbitaceae,Cucurbitales,Angiosperms,5,2,3,3,0.27,0.27,0.34,0.25
Chiococca,Rubiaceae,Gentianales,Angiosperms,5,1,1,1,0.62,0.62,0.59,0.61
Chondrodendron,Menispermaceae,Ranunculales,Angiosperms,1,1,1,1,0.49,0.49,0.5,0.43
Cissus,Vitaceae,Vitales,Angiosperms,30,8,7,9,0.36,0.36,0.39,0.32
Cnestidium,Connaraceae,Oxalidales,Angiosperms,6,1,1,1,0.58,0.58,0.57,0.57
Cojoba,Fabaceae,Fabales,Angiosperms,14,8,4,9,0.65,0.65,0.6,0.63
Compsoneura,Myristicaceae,Magnoliales,Angiosperms,8,2,3,3,0.54,0.54,0.53,0.57
Varronia,Boraginaceae,Boraginales,Angiosperms,23,4,2,5,0.53,0.53,0.53,0.63
Cosmibuena,Rubiaceae,Gentianales,Angiosperms,5,1,1,1,0.55,0.56,0.55,0.5
Cuervea,Celastraceae,Celastrales,Angiosperms,6,2,2,2,0.53,0.53,0.53,0.5
Bignonia,Bignoniaceae,Lamiales,Angiosperms,27,3,7,7,0.49,0.49,0.5,0.5
Desmoncus,Arecaceae,Arecales,Angiosperms,5,1,1,1,0.42,0.42,0.45,0.31
Macropsychanthus,Fabaceae,Fabales,Angiosperms,9,2,3,3,0.37,0.37,0.43,0.3
Dioscorea,Dioscoreaceae,Dioscoreales,Angiosperms,10,4,4,4,0.45,0.45,0.47,0.47
Elaeis,Arecaceae,Arecales,Angiosperms,6,2,2,2,0.42,0.42,0.45,0.26
Epiprinus,Euphorbiaceae,Malpighiales,Angiosperms,6,2,2,2,0.57,0.57,0.55,0.62
Erblichia,Passifloraceae,Malpighiales,Angiosperms,5,1,1,1,0.56,0.57,0.55,0.55
Adolphoduckea,Rubiaceae,Gentianales,Angiosperms,1,1,1,1,0.61,0.61,0.59,0.61
Galearia,Pandaceae,Malpighiales,Angiosperms,7,3,2,3,0.67,0.68,0.65,0.71
Geonoma,Arecaceae,Arecales,Angiosperms,5,2,2,2,0.4,0.4,0.44,0.36
Glycosmis,Rutaceae,Sapindales,Angiosperms,10,4,3,4,0.65,0.66,0.65,0.67
Goniothalamus,Annonaceae,Magnoliales,Angiosperms,9,5,3,5,0.57,0.56,0.55,0.64
Gurania,Cucurbitaceae,Cucurbitales,Angiosperms,1,1,1,1,0.25,0.25,0.33,0.12
Hamelia,Rubiaceae,Gentianales,Angiosperms,7,2,2,2,0.48,0.48,0.5,0.41
Herrania,Malvaceae,Malvales,Angiosperms,5,1,1,1,0.4,0.4,0.43,0.31
Heterocondylus,Asteraceae,Asterales,Angiosperms,1,1,1,1,0.4,0.4,0.44,0.22
Heteropterys,Malpighiaceae,Malpighiales,Angiosperms,9,3,3,3,0.59,0.58,0.58,0.57
Hippocratea,Celastraceae,Celastrales,Angiosperms,10,3,4,4,0.6,0.6,0.58,0.57
Hiraea,Malpighiaceae,Malpighiales,Angiosperms,22,3,2,3,0.58,0.58,0.59,0.59
Hylenaea,Celastraceae,Celastrales,Angiosperms,5,1,1,1,0.61,0.61,0.59,0.58
Lantana,Verbenaceae,Lamiales,Angiosperms,13,7,7,8,0.55,0.56,0.54,0.57
Laxoplumeria,Apocynaceae,Gentianales,Angiosperms,2,2,2,2,0.49,0.49,0.49,0.46
Lennea,Fabaceae,Fabales,Angiosperms,5,1,1,1,0.77,0.77,0.69,0.83
Lepidaploa,Asteraceae,Asterales,Angiosperms,3,1,1,1,0.5,0.5,0.51,0.45
Lunania,Salicaceae,Malpighiales,Angiosperms,5,5,4,5,0.57,0.57,0.55,0.55
Pachyptera,Bignoniaceae,Lamiales,Angiosperms,5,1,1,1,0.52,0.52,0.52,0.5
Maripa,Convolvulaceae,Solanales,Angiosperms,11,2,3,3,0.47,0.47,0.49,0.47
Adelphia,Malpighiaceae,Malpighiales,Angiosperms,5,1,1,1,0.65,0.65,0.62,0.69
Meiogyne,Annonaceae,Magnoliales,Angiosperms,6,2,2,2,0.61,0.61,0.58,0.69
Mendoncia,Acanthaceae,Lamiales,Angiosperms,7,2,3,3,0.36,0.36,0.41,0.31
Mikania,Asteraceae,Asterales,Angiosperms,9,3,2,3,0.39,0.38,0.42,0.26
Mortoniodendron,Malvaceae,Malvales,Angiosperms,6,2,2,2,0.48,0.48,0.49,0.48
Mosquitoxylum,Anacardiaceae,Sapindales,Angiosperms,6,2,2,2,0.59,0.59,0.57,0.6
Mucuna,Fabaceae,Fabales,Angiosperms,4,4,3,4,0.39,0.39,0.41,0.3
Neoscortechi,unknown_9,"","",5,1,1,1,0.64,0.63,0.6,0.71
Neosprucea,Salicaceae,Malpighiales,Angiosperms,1,1,1,1,0.61,0.61,0.59,0.61
Odontadenia,Apocynaceae,Gentianales,Angiosperms,10,2,4,4,0.4,0.4,0.43,0.35
Parathesis,Primulaceae,Ericales,Angiosperms,8,4,4,4,0.59,0.59,0.57,0.56
Passiflora,Passifloraceae,Malpighiales,Angiosperms,22,4,5,5,0.47,0.47,0.48,0.44
Patinoa,Malvaceae,Malvales,Angiosperms,1,1,1,1,0.45,0.45,0.47,0.41
Paullinia,Sapindaceae,Sapindales,Angiosperms,42,3,8,8,0.56,0.56,0.56,0.54
Peritassa,Celastraceae,Celastrales,Angiosperms,8,3,3,3,0.63,0.63,0.6,0.63
Petrea,Verbenaceae,Lamiales,Angiosperms,10,2,5,5,0.49,0.49,0.5,0.48
Phaeanthus,Annonaceae,Magnoliales,Angiosperms,7,3,2,3,0.58,0.57,0.57,0.62
Pittoniotis,Rubiaceae,Gentianales,Angiosperms,6,2,1,2,0.6,0.6,0.56,0.57
Pleonotoma,Bignoniaceae,Lamiales,Angiosperms,10,2,3,3,0.46,0.46,0.48,0.46
Popowia,Annonaceae,Magnoliales,Angiosperms,8,3,2,3,0.59,0.59,0.57,0.64
Prestonia,Apocynaceae,Gentianales,Angiosperms,3,2,2,2,0.42,0.42,0.45,0.39
Prionostemma,Celastraceae,Celastrales,Angiosperms,6,2,1,2,0.52,0.52,0.54,0.44
Prockia,Salicaceae,Malpighiales,Angiosperms,6,3,2,3,0.62,0.62,0.6,0.64
Pseuduvaria,Annonaceae,Magnoliales,Angiosperms,10,5,5,5,0.62,0.62,0.58,0.62
Reinwardtiod,unknown_10,"","",6,1,1,1,0.7,0.72,0.67,0.8
Rhabdadenia,Apocynaceae,Gentianales,Angiosperms,1,1,1,1,0.4,0.4,0.44,0.27
Rhynchosia,Fabaceae,Fabales,Angiosperms,1,1,1,1,0.5,0.5,0.51,0.3
Singaporandia,Rubiaceae,Gentianales,Angiosperms,5,1,1,1,0.67,0.69,0.65,0.76
Rourea,Connaraceae,Oxalidales,Angiosperms,44,6,9,11,0.56,0.56,0.55,0.53
Ryania,Salicaceae,Malpighiales,Angiosperms,6,1,1,1,0.57,0.57,0.56,0.52
Saprosma,Rubiaceae,Gentianales,Angiosperms,5,1,1,1,0.6,0.6,0.58,0.63
Scaphocalyx,Achariaceae,Malpighiales,Angiosperms,6,2,1,2,0.63,0.62,0.59,0.69
Serjania,Sapindaceae,Sapindales,Angiosperms,16,4,4,5,0.48,0.47,0.51,0.42
Smilax,Smilacaceae,Liliales,Angiosperms,22,8,8,10,0.56,0.57,0.51,0.57
Stigmaphyllon,Malpighiaceae,Malpighiales,Angiosperms,6,1,1,1,0.41,0.41,0.45,0.34
Stizophyllum,Bignoniaceae,Lamiales,Angiosperms,7,1,1,1,0.47,0.47,0.49,0.43
Fairchildia,Fabaceae,Fabales,Angiosperms,5,1,1,1,0.74,0.74,0.68,0.79
Tessmannianthus,Melastomataceae,Myrtales,Angiosperms,1,1,1,1,0.52,0.52,0.52,0.46
Tetracera,Dilleniaceae,Dilleniales,Angiosperms,29,6,9,10,0.53,0.54,0.51,0.5
Tetrapterys,Malpighiaceae,Malpighiales,Angiosperms,7,1,1,1,0.55,0.55,0.55,0.53
Thevetia,Apocynaceae,Gentianales,Angiosperms,5,1,1,1,0.48,0.49,0.49,0.46
Thinouia,Sapindaceae,Sapindales,Angiosperms,6,2,3,3,0.54,0.54,0.54,0.51
Tilesia,Asteraceae,Asterales,Angiosperms,5,1,1,1,0.46,0.46,0.48,0.39
Tontelea,Celastraceae,Celastrales,Angiosperms,11,3,5,5,0.6,0.61,0.58,0.61
Trichostigma,Petiveriaceae,Caryophyllales,Angiosperms,4,2,1,2,0.46,0.46,0.48,0.44
Trigonostemon,Euphorbiaceae,Malpighiales,Angiosperms,6,2,2,2,0.55,0.54,0.53,0.6
Turnera,Passifloraceae,Malpighiales,Angiosperms,11,2,2,2,0.64,0.64,0.6,0.69
Tynanthus,Bignoniaceae,Lamiales,Angiosperms,4,1,1,1,0.51,0.52,0.52,0.48
Uncaria,Rubiaceae,Gentianales,Angiosperms,14,4,7,7,0.51,0.52,0.52,0.45
Urophyllum,Rubiaceae,Gentianales,Angiosperms,13,3,2,3,0.53,0.52,0.51,0.54
Verbesina,Asteraceae,Asterales,Angiosperms,5,1,1,1,0.38,0.38,0.43,0.24
Xerospermum,Sapindaceae,Sapindales,Angiosperms,11,3,2,4,0.65,0.65,0.62,0.66
Parainarium,unknown_11,"","",1,1,1,1,0.67,0.67,0.62,0.77
Cupressus,Cupressaceae,Cupressales,Gymnosperms,9,8,7,8,0.46,0.46,0.5,0.48
Taxodium,Cupressaceae,Cupressales,Gymnosperms,177,13,5,18,0.4,0.4,0.43,0.42
Taiwania,Cupressaceae,Cupressales,Gymnosperms,3,3,3,3,0.39,0.39,0.44,0.39
Bretschneidera,Akaniaceae,Brassicales,Angiosperms,1,1,1,1,0.55,0.55,0.54,0.54
Cathaya,Pinaceae,Pinales,Gymnosperms,2,1,1,1,0.53,0.54,0.53,0.58
Davidia,Nyssaceae,Cornales,Angiosperms,2,1,1,1,0.48,0.48,0.49,0.45
Polyspora,Theaceae,Ericales,Angiosperms,10,4,4,4,0.61,0.61,0.58,0.6
Kandelia,Rhizophoraceae,Malpighiales,Angiosperms,9,4,4,4,0.57,0.57,0.56,0.51
Melliodendron,Styracaceae,Ericales,Angiosperms,2,1,1,1,0.46,0.46,0.47,0.43
Platea,Icacinaceae,Icacinales,Angiosperms,14,6,4,6,0.44,0.44,0.46,0.39
Pseudolarix,Pinaceae,Pinales,Gymnosperms,4,1,1,1,0.44,0.45,0.47,0.42
Pteroceltis,Cannabaceae,Rosales,Angiosperms,3,1,1,1,0.61,0.61,0.58,0.66
Aria,Rosaceae,Rosales,Angiosperms,8,3,2,3,0.63,0.63,0.6,0.6
Aucuba,Garryaceae,Garryales,Angiosperms,6,2,1,2,0.66,0.67,0.62,0.63
Cerasus,Rosaceae,Rosales,Angiosperms,13,2,1,2,0.64,0.64,0.61,0.6
Hamamelis,Hamamelidaceae,Saxifragales,Angiosperms,4,4,2,4,0.58,0.59,0.57,0.54
Hydrangea,Hydrangeaceae,Cornales,Angiosperms,36,6,3,6,0.54,0.53,0.49,0.47
Macromeles,Rosaceae,Rosales,Angiosperms,1,1,1,1,0.68,0.68,0.64,0.69
Neoshirakia,Euphorbiaceae,Malpighiales,Angiosperms,6,2,1,2,0.57,0.57,0.55,0.56
Orixa,Rutaceae,Sapindales,Angiosperms,1,1,1,1,0.63,0.63,0.6,0.56
Pieris,Ericaceae,Ericales,Angiosperms,6,2,1,2,0.57,0.58,0.56,0.5
Pourthiaea,Rosaceae,Rosales,Angiosperms,1,1,1,1,0.67,0.68,0.63,0.68
Stachyurus,Stachyuraceae,Crossosomatales,Angiosperms,1,1,1,1,0.56,0.56,0.55,0.53
Buddleja,Scrophulariaceae,Lamiales,Angiosperms,11,9,8,9,0.54,0.54,0.55,0.53
Thouinidium,Sapindaceae,Sapindales,Angiosperms,4,4,2,4,0.71,0.71,0.66,0.74
Phyllocladus,Podocarpaceae,Cupressales,Gymnosperms,31,10,5,10,0.56,0.56,0.57,0.57
Heberdenia,Primulaceae,Ericales,Angiosperms,2,2,1,2,0.62,0.62,0.59,0.64
Pleiomeris,Primulaceae,Ericales,Angiosperms,1,1,1,1,0.67,0.67,0.63,0.75
Cipadessa,Meliaceae,Sapindales,Angiosperms,3,3,2,3,0.62,0.62,0.58,0.63
Eberhardtia,Sapotaceae,Ericales,Angiosperms,2,1,1,2,0.53,0.53,0.53,0.41
Erythropsis,unknown_12,"","",1,1,1,1,0.44,0.44,0.46,0.33
Endocomia,Myristicaceae,Magnoliales,Angiosperms,2,2,2,2,0.46,0.47,0.48,0.43
Neocinnamomum,Lauraceae,Laurales,Angiosperms,1,1,1,1,0.53,0.53,0.53,0.46
Tetrapilus,Oleaceae,Lamiales,Angiosperms,4,4,4,4,0.69,0.69,0.65,0.7
Trigonobalanus,Fagaceae,Fagales,Angiosperms,1,1,1,1,0.69,0.69,0.64,0.75
Trewia,Euphorbiaceae,Malpighiales,Angiosperms,2,2,2,2,0.44,0.44,0.46,0.36
Hyperacanthus,Rubiaceae,Gentianales,Angiosperms,12,1,1,1,0.65,0.65,0.61,0.65
Brownlowia,Malvaceae,Malvales,Angiosperms,16,3,3,3,0.48,0.49,0.49,0.46
Peponidium,Rubiaceae,Gentianales,Angiosperms,13,1,1,1,0.66,0.66,0.62,0.68
Psiadia,Asteraceae,Asterales,Angiosperms,5,2,1,2,0.55,0.55,0.54,0.52
Ambavia,Annonaceae,Magnoliales,Angiosperms,1,1,1,1,0.55,0.55,0.54,0.52
Bremeria,Rubiaceae,Gentianales,Angiosperms,3,2,1,2,0.56,0.56,0.56,0.46
Cassinopsis,Icacinaceae,Icacinales,Angiosperms,2,2,1,2,0.51,0.52,0.52,0.46
Chassalia,Rubiaceae,Gentianales,Angiosperms,4,4,3,4,0.56,0.56,0.55,0.49
Lemyrea,Rubiaceae,Gentianales,Angiosperms,1,1,1,1,0.59,0.59,0.58,0.56
Polycardia,Celastraceae,Celastrales,Angiosperms,1,1,1,1,0.62,0.62,0.59,0.6
Ravenala,Strelitziaceae,Zingiberales,Angiosperms,1,1,1,1,0.31,0.3,0.37,0.12
Agauria,Ericaceae,Ericales,Angiosperms,1,1,1,1,0.46,0.46,0.48,0.4
Gymnanthemum,Asteraceae,Asterales,Angiosperms,5,4,3,4,0.45,0.45,0.47,0.43
Abrophyllum,Rousseaceae,Asterales,Angiosperms,4,3,1,3,0.6,0.6,0.58,0.57
Bursaria,Pittosporaceae,Apiales,Angiosperms,9,7,2,7,0.61,0.62,0.59,0.66
Androcalva,Malvaceae,Malvales,Angiosperms,7,3,1,3,0.45,0.45,0.47,0.39
Melicytus,Violaceae,Malpighiales,Angiosperms,12,5,3,6,0.53,0.53,0.53,0.47
Leptospermum,Myrtaceae,Myrtales,Angiosperms,37,13,5,21,0.72,0.72,0.67,0.69
Pomaderris,Rhamnaceae,Rosales,Angiosperms,23,7,1,10,0.69,0.7,0.63,0.63
Allamanda,Apocynaceae,Gentianales,Angiosperms,1,1,1,1,0.57,0.57,0.55,0.65
Ambrosia,Asteraceae,Asterales,Angiosperms,7,4,2,5,0.6,0.62,0.59,0.63
Amyema,Loranthaceae,Santalales,Angiosperms,2,2,1,2,0.67,0.68,0.65,0.7
Argemone,Papaveraceae,Ranunculales,Angiosperms,1,1,1,1,0.26,0.25,0.33,0.06
Argophyllum,Argophyllaceae,Asterales,Angiosperms,1,1,1,1,0.59,0.59,0.57,0.56
Artemisia,Asteraceae,Asterales,Angiosperms,4,4,2,4,0.6,0.61,0.59,0.65
Asclepias,Apocynaceae,Gentianales,Angiosperms,1,1,1,1,0.42,0.42,0.45,0.31
Astragalus,Fabaceae,Fabales,Angiosperms,2,2,2,2,0.46,0.46,0.49,0.31
Athenaea,Solanaceae,Solanales,Angiosperms,1,1,1,1,0.58,0.59,0.56,0.59
Atkinsonia,Loranthaceae,Santalales,Angiosperms,1,1,1,1,0.62,0.62,0.59,0.59
Bauera,Cunoniaceae,Oxalidales,Angiosperms,1,1,1,1,0.62,0.62,0.59,0.62
Bellendena,Proteaceae,Proteales,Angiosperms,1,1,1,1,0.64,0.64,0.61,0.66
Berberis,Berberidaceae,Ranunculales,Angiosperms,28,10,8,11,0.69,0.69,0.66,0.67
Boronia,Rutaceae,Sapindales,Angiosperms,13,4,1,4,0.66,0.66,0.64,0.64
Brachyotum,Melastomataceae,Myrtales,Angiosperms,1,1,1,1,0.52,0.52,0.53,0.4
Breynia,Phyllanthaceae,Malpighiales,Angiosperms,16,6,3,6,0.62,0.62,0.61,0.58
Brickellia,Asteraceae,Asterales,Angiosperms,1,1,1,1,0.52,0.52,0.52,0.46
Calluna,Ericaceae,Ericales,Angiosperms,4,3,2,4,0.63,0.64,0.61,0.59
Calytrix,Myrtaceae,Myrtales,Angiosperms,1,1,1,1,0.72,0.72,0.66,0.67
Cassinia,Asteraceae,Asterales,Angiosperms,16,9,2,10,0.62,0.63,0.59,0.63
Castela,Simaroubaceae,Sapindales,Angiosperms,2,2,2,2,0.61,0.61,0.58,0.69
Cercocarpus,Rosaceae,Rosales,Angiosperms,8,7,3,7,0.75,0.76,0.71,0.77
Cereus,Cactaceae,Caryophyllales,Angiosperms,1,1,1,1,0.38,0.38,0.43,0.3
Chiliotrichum,Asteraceae,Asterales,Angiosperms,1,1,1,1,0.62,0.63,0.59,0.66
Comesperma,Polygalaceae,Fabales,Angiosperms,6,2,1,2,0.61,0.62,0.59,0.57
Comptonia,Myricaceae,Fagales,Angiosperms,1,1,1,1,0.59,0.59,0.57,0.55
Cordylanthus,Orobanchaceae,Lamiales,Angiosperms,1,1,1,1,0.51,0.51,0.51,0.45
Crispiloba,Alseuosmiaceae,Asterales,Angiosperms,1,1,1,1,0.58,0.59,0.57,0.56
Crossosoma,Crossosomataceae,Crossosomatales,Angiosperms,1,1,1,1,0.64,0.64,0.6,0.64
Cyathodes,Ericaceae,Ericales,Angiosperms,2,2,1,2,0.69,0.69,0.65,0.72
Cylindropuntia,Cactaceae,Caryophyllales,Angiosperms,2,1,2,2,0.56,0.56,0.55,0.6
Cyrtocarpa,Anacardiaceae,Sapindales,Angiosperms,2,2,1,2,0.45,0.45,0.47,0.38
Cytisus,Fabaceae,Fabales,Angiosperms,4,4,3,4,0.63,0.63,0.61,0.57
Daboecia,Ericaceae,Ericales,Angiosperms,1,1,1,1,0.62,0.63,0.6,0.6
Daphne,Thymelaeaceae,Malvales,Angiosperms,20,2,2,3,0.39,0.39,0.43,0.33
Daviesia,Fabaceae,Fabales,Angiosperms,29,5,2,7,0.7,0.7,0.66,0.67
Disterigma,Ericaceae,Ericales,Angiosperms,1,1,1,1,0.62,0.62,0.59,0.57
Dracophyllum,Ericaceae,Ericales,Angiosperms,14,3,3,3,0.56,0.56,0.55,0.5
Dubouzetia,Elaeocarpaceae,Oxalidales,Angiosperms,1,1,1,1,0.63,0.63,0.6,0.68
Ebenopsis,Fabaceae,Fabales,Angiosperms,5,5,1,5,0.78,0.78,0.7,0.87
Embothrium,Proteaceae,Proteales,Angiosperms,6,4,2,6,0.55,0.55,0.55,0.51
Encelia,Asteraceae,Asterales,Angiosperms,3,3,1,3,0.59,0.59,0.58,0.62
Epilobium,Onagraceae,Myrtales,Angiosperms,1,1,1,1,0.43,0.43,0.46,0.31
Ericameria,Asteraceae,Asterales,Angiosperms,5,2,2,3,0.57,0.57,0.56,0.56
Eriodictyon,Boraginaceae,Boraginales,Angiosperms,2,2,1,2,0.51,0.5,0.5,0.48
Eriogonum,Polygonaceae,Caryophyllales,Angiosperms,6,3,1,4,0.62,0.62,0.6,0.62
Eriophyllum,Asteraceae,Asterales,Angiosperms,1,1,1,1,0.55,0.55,0.54,0.52
Eupomatia,Eupomatiaceae,Magnoliales,Angiosperms,11,7,3,8,0.53,0.53,0.52,0.53
Forchhammeria,Resedaceae,Brassicales,Angiosperms,4,3,1,4,0.62,0.63,0.59,0.67
Fuchsia,Onagraceae,Myrtales,Angiosperms,9,5,4,5,0.51,0.51,0.51,0.5
Gaultheria,Ericaceae,Ericales,Angiosperms,6,2,3,4,0.53,0.53,0.51,0.47
Gompholobium,Fabaceae,Fabales,Angiosperms,11,2,1,2,0.73,0.73,0.67,0.73
Gonocarpus,Haloragaceae,Saxifragales,Angiosperms,1,1,1,1,0.56,0.56,0.55,0.51
Hazardia,Asteraceae,Asterales,Angiosperms,2,2,1,2,0.56,0.56,0.54,0.54
Hieracium,Asteraceae,Asterales,Angiosperms,1,1,1,1,0.52,0.52,0.52,0.42
Holodiscus,Rosaceae,Rosales,Angiosperms,2,2,2,2,0.69,0.7,0.65,0.7
Hyperbaena,Menispermaceae,Ranunculales,Angiosperms,1,1,1,1,0.61,0.61,0.58,0.66
Iresine,Amaranthaceae,Caryophyllales,Angiosperms,2,2,1,2,0.48,0.49,0.51,0.32
Jacksonia,Fabaceae,Fabales,Angiosperms,14,4,1,4,0.7,0.7,0.66,0.66
Keckiella,Plantaginaceae,Lamiales,Angiosperms,1,1,1,1,0.55,0.55,0.54,0.5
Krameria,Krameriaceae,Zygophyllales,Angiosperms,2,2,2,2,0.7,0.7,0.65,0.74
Celosia,Amaranthaceae,Caryophyllales,Angiosperms,2,2,1,2,0.64,0.64,0.61,0.69
Lambertia,Proteaceae,Proteales,Angiosperms,4,4,1,4,0.63,0.62,0.6,0.64
Lepidospartum,Asteraceae,Asterales,Angiosperms,2,2,1,2,0.54,0.53,0.53,0.52
Lyonia,Ericaceae,Ericales,Angiosperms,4,4,2,4,0.61,0.62,0.59,0.65
Malacothrix,Asteraceae,Asterales,Angiosperms,1,1,1,1,0.45,0.45,0.47,0.3
Melochia,Malvaceae,Malvales,Angiosperms,8,4,4,4,0.52,0.52,0.52,0.64
Monardella,Lamiaceae,Lamiales,Angiosperms,1,1,1,1,0.48,0.48,0.49,0.36
Myoschilos,Santalaceae,Santalales,Angiosperms,1,1,1,1,0.62,0.63,0.6,0.54
Noahdendron,Hamamelidaceae,Saxifragales,Angiosperms,1,1,1,1,0.62,0.62,0.59,0.58
Ochetophila,Rhamnaceae,Rosales,Angiosperms,1,1,1,1,0.63,0.63,0.6,0.54
Opuntia,Cactaceae,Caryophyllales,Angiosperms,1,1,1,1,0.4,0.4,0.44,0.3
Acmispon,Fabaceae,Fabales,Angiosperms,5,4,1,5,0.63,0.63,0.61,0.63
Ovidia,Thymelaeaceae,Malvales,Angiosperms,1,1,1,1,0.46,0.46,0.48,0.38
Ozothamnus,Asteraceae,Asterales,Angiosperms,11,6,2,6,0.59,0.61,0.55,0.54
Palmeria,Monimiaceae,Laurales,Angiosperms,2,2,1,2,0.49,0.49,0.49,0.47
Penstemon,Plantaginaceae,Lamiales,Angiosperms,1,1,1,1,0.53,0.53,0.53,0.44
Phoradendron,Santalaceae,Santalales,Angiosperms,2,1,1,2,0.67,0.67,0.63,0.64
Pilosocereus,Cactaceae,Caryophyllales,Angiosperms,3,2,2,3,0.44,0.44,0.46,0.44
Pimelea,Thymelaeaceae,Malvales,Angiosperms,17,5,1,7,0.48,0.45,0.48,0.43
Pleurocalyptus,Myrtaceae,Myrtales,Angiosperms,2,2,1,2,0.75,0.75,0.68,0.79
Podolobium,Fabaceae,Fabales,Angiosperms,9,4,1,4,0.75,0.76,0.71,0.75
Pomax,Rubiaceae,Gentianales,Angiosperms,1,1,1,1,0.51,0.51,0.52,0.33
Prostanthera,Lamiaceae,Lamiales,Angiosperms,23,6,1,6,0.6,0.61,0.55,0.55
Pultenaea,Fabaceae,Fabales,Angiosperms,32,6,1,7,0.73,0.72,0.71,0.69
Ribes,Grossulariaceae,Saxifragales,Angiosperms,30,4,4,4,0.64,0.64,0.62,0.61
Richea,Ericaceae,Ericales,Angiosperms,3,1,1,1,0.59,0.59,0.57,0.54
Rosa,Rosaceae,Rosales,Angiosperms,54,5,5,6,0.54,0.55,0.54,0.48
Ruellia,Acanthaceae,Lamiales,Angiosperms,1,1,1,1,0.57,0.57,0.55,0.61
Ryparosa,Achariaceae,Malpighiales,Angiosperms,11,5,3,5,0.6,0.6,0.58,0.58
Salvia,Lamiaceae,Lamiales,Angiosperms,14,5,3,8,0.51,0.5,0.52,0.51
Scutellaria,Lamiaceae,Lamiales,Angiosperms,2,2,2,2,0.61,0.61,0.58,0.62
Senecio,Asteraceae,Asterales,Angiosperms,7,6,5,7,0.43,0.44,0.42,0.42
Sida,Malvaceae,Malvales,Angiosperms,4,2,2,2,0.58,0.58,0.56,0.64
Solidago,Asteraceae,Asterales,Angiosperms,1,1,1,1,0.56,0.56,0.55,0.52
Sphaeralcea,Malvaceae,Malvales,Angiosperms,1,1,1,1,0.48,0.48,0.49,0.42
Spiraea,Rosaceae,Rosales,Angiosperms,46,2,2,2,0.69,0.69,0.64,0.64
Stenocereus,Cactaceae,Caryophyllales,Angiosperms,2,1,1,2,0.46,0.46,0.48,0.44
Stillingia,Euphorbiaceae,Malpighiales,Angiosperms,1,1,1,1,0.49,0.5,0.5,0.45
Stylidium,Stylidiaceae,Asterales,Angiosperms,1,1,1,1,0.62,0.62,0.59,0.6
Stylosanthes,Fabaceae,Fabales,Angiosperms,1,1,1,1,0.65,0.66,0.62,0.65
Styphelia,Ericaceae,Ericales,Angiosperms,21,5,3,6,0.67,0.7,0.63,0.63
Symphionema,Proteaceae,Proteales,Angiosperms,1,1,1,1,0.61,0.61,0.59,0.57
Symphoricarpos,Caprifoliaceae,Dipsacales,Angiosperms,3,2,2,3,0.63,0.63,0.6,0.61
Talinum,Talinaceae,Caryophyllales,Angiosperms,1,1,1,1,0.66,0.66,0.62,0.68
Telopea,Proteaceae,Proteales,Angiosperms,2,2,1,2,0.61,0.61,0.59,0.62
Tetracarpaea,Tetracarpaeaceae,Saxifragales,Angiosperms,1,1,1,1,0.65,0.65,0.61,0.66
Tetratheca,Elaeocarpaceae,Oxalidales,Angiosperms,1,1,1,1,0.64,0.65,0.61,0.67
Thiollierea,Rubiaceae,Gentianales,Angiosperms,1,1,1,1,0.69,0.69,0.64,0.76
Trochocarpa,Ericaceae,Ericales,Angiosperms,6,3,1,4,0.62,0.62,0.6,0.61
Ulex,Fabaceae,Fabales,Angiosperms,5,3,2,5,0.66,0.67,0.63,0.57
Vallesia,Apocynaceae,Gentianales,Angiosperms,1,1,1,1,0.55,0.55,0.54,0.59
Bahiopsis,Asteraceae,Asterales,Angiosperms,1,1,1,1,0.61,0.61,0.58,0.64
Pseudoziziphus,Rhamnaceae,Rosales,Angiosperms,1,1,1,1,0.68,0.68,0.63,0.67
Acrotriche,Ericaceae,Ericales,Angiosperms,5,1,1,1,0.66,0.66,0.62,0.65
Aegialitis,Plumbaginaceae,Caryophyllales,Angiosperms,5,1,1,1,0.56,0.56,0.55,0.55
Anredera,Basellaceae,Caryophyllales,Angiosperms,2,1,1,1,0.34,0.34,0.39,0.2
Astrotricha,Araliaceae,Apiales,Angiosperms,6,2,1,2,0.51,0.51,0.51,0.52
Austromyrtus,Myrtaceae,Myrtales,Angiosperms,5,1,1,1,0.78,0.78,0.7,0.77
Baeckea,Myrtaceae,Myrtales,Angiosperms,6,2,2,2,0.83,0.84,0.74,0.86
Barklya,Fabaceae,Fabales,Angiosperms,5,1,1,1,0.68,0.69,0.64,0.66
Bossiaea,Fabaceae,Fabales,Angiosperms,13,3,2,4,0.79,0.8,0.74,0.78
Mezoneuron,Fabaceae,Fabales,Angiosperms,9,3,2,3,0.6,0.6,0.56,0.55
Calamus,Arecaceae,Arecales,Angiosperms,8,2,1,2,0.44,0.47,0.43,0.47
Austrocallerya,Fabaceae,Fabales,Angiosperms,6,1,1,1,0.54,0.55,0.55,0.42
Cayratia,Vitaceae,Vitales,Angiosperms,7,3,3,3,0.3,0.3,0.36,0.24
Cephalaralia,Araliaceae,Apiales,Angiosperms,2,1,1,1,0.4,0.4,0.44,0.32
Choretrum,Santalaceae,Santalales,Angiosperms,5,1,1,1,0.61,0.62,0.59,0.55
Conospermum,Proteaceae,Proteales,Angiosperms,5,1,1,1,0.61,0.62,0.59,0.59
Dillwynia,Fabaceae,Fabales,Angiosperms,6,2,1,2,0.74,0.75,0.68,0.77
Embelia,Primulaceae,Ericales,Angiosperms,3,3,2,3,0.53,0.54,0.53,0.48
Epacris,Ericaceae,Ericales,Angiosperms,15,4,2,5,0.63,0.63,0.62,0.6
Everistia,Rubiaceae,Gentianales,Angiosperms,3,1,1,1,0.67,0.67,0.63,0.68
Flagellaria,Flagellariaceae,Poales,Angiosperms,6,2,1,2,0.5,0.49,0.47,0.45
Fontainea,Euphorbiaceae,Malpighiales,Angiosperms,5,1,1,1,0.61,0.61,0.58,0.63
Geitonoplesium,Asphodelaceae,Asparagales,Angiosperms,5,1,1,1,0.47,0.47,0.48,0.43
Gynochthodes,Rubiaceae,Gentianales,Angiosperms,1,1,1,1,0.54,0.54,0.54,0.41
Hardenbergia,Fabaceae,Fabales,Angiosperms,5,1,1,1,0.64,0.65,0.61,0.6
Hedraianthera,Celastraceae,Celastrales,Angiosperms,2,1,1,1,0.6,0.6,0.58,0.54
Homoranthus,Myrtaceae,Myrtales,Angiosperms,10,1,1,1,0.75,0.76,0.68,0.73
Hovea,Fabaceae,Fabales,Angiosperms,14,1,1,1,0.79,0.79,0.71,0.78
Hoya,Apocynaceae,Gentianales,Angiosperms,5,1,1,1,0.55,0.55,0.54,0.55
Jasminum,Oleaceae,Lamiales,Angiosperms,8,3,4,4,0.57,0.57,0.56,0.54
Leptomeria,Santalaceae,Santalales,Angiosperms,6,2,1,2,0.59,0.59,0.57,0.54
Lespedeza,Fabaceae,Fabales,Angiosperms,29,2,2,2,0.66,0.66,0.62,0.6
Leucopogon,Ericaceae,Ericales,Angiosperms,18,7,4,8,0.7,0.71,0.66,0.68
Lissanthe,Ericaceae,Ericales,Angiosperms,5,1,1,1,0.67,0.67,0.63,0.67
Marsdenia,Apocynaceae,Gentianales,Angiosperms,10,4,3,4,0.42,0.43,0.45,0.39
Melichrus,Ericaceae,Ericales,Angiosperms,5,1,1,1,0.69,0.69,0.64,0.7
Melodinus,Apocynaceae,Gentianales,Angiosperms,4,3,2,3,0.54,0.54,0.54,0.5
Micrantheum,Picrodendraceae,Malpighiales,Angiosperms,5,1,1,1,0.79,0.79,0.72,0.76
Micromyrtus,Myrtaceae,Myrtales,Angiosperms,5,1,1,1,0.82,0.82,0.73,0.85
Mirbelia,Fabaceae,Fabales,Angiosperms,10,1,1,1,0.62,0.63,0.6,0.57
Monotoca,Ericaceae,Ericales,Angiosperms,6,3,1,4,0.68,0.69,0.64,0.69
Muehlenbeckia,Polygonaceae,Caryophyllales,Angiosperms,3,2,2,2,0.52,0.52,0.52,0.43
Oxylobium,Fabaceae,Fabales,Angiosperms,6,2,1,2,0.63,0.63,0.61,0.57
Pandorea,Bignoniaceae,Lamiales,Angiosperms,5,1,1,1,0.49,0.49,0.5,0.41
Parsonsia,Apocynaceae,Gentianales,Angiosperms,8,1,1,1,0.5,0.5,0.5,0.47
Petrophile,Proteaceae,Proteales,Angiosperms,11,4,1,4,0.6,0.59,0.59,0.55
Phebalium,Rutaceae,Sapindales,Angiosperms,5,1,1,1,0.66,0.67,0.63,0.63
Philotheca,Rutaceae,Sapindales,Angiosperms,7,3,1,3,0.66,0.65,0.64,0.57
Pilidiostigma,Myrtaceae,Myrtales,Angiosperms,7,3,2,3,0.65,0.65,0.62,0.6
Platylobium,Fabaceae,Fabales,Angiosperms,5,1,1,1,0.7,0.71,0.65,0.7
Platysace,Apiaceae,Apiales,Angiosperms,10,1,1,1,0.54,0.55,0.54,0.52
Pleogyne,Menispermaceae,Ranunculales,Angiosperms,5,1,1,1,0.61,0.61,0.58,0.64
Pseudanthus,Picrodendraceae,Malpighiales,Angiosperms,5,1,1,1,0.78,0.78,0.71,0.75
Ricinocarpos,Euphorbiaceae,Malpighiales,Angiosperms,5,1,1,1,0.5,0.5,0.5,0.44
Ripogonum,Ripogonaceae,Liliales,Angiosperms,5,1,1,1,0.55,0.55,0.54,0.51
Rubus,Rosaceae,Rosales,Angiosperms,87,8,8,12,0.4,0.4,0.43,0.34
Sannantha,Myrtaceae,Myrtales,Angiosperms,5,1,1,1,0.75,0.75,0.68,0.72
Sarcopetalum,Menispermaceae,Ranunculales,Angiosperms,1,1,1,1,0.5,0.5,0.51,0.43
Synostemon,Phyllanthaceae,Malpighiales,Angiosperms,5,1,1,1,0.69,0.69,0.64,0.68
Secamone,Apocynaceae,Gentianales,Angiosperms,5,1,1,1,0.47,0.47,0.48,0.41
Spartium,Fabaceae,Fabales,Angiosperms,2,2,2,2,0.61,0.61,0.59,0.54
Sprengelia,Ericaceae,Ericales,Angiosperms,5,1,1,1,0.6,0.6,0.58,0.55
Strangea,Proteaceae,Proteales,Angiosperms,9,1,1,1,0.59,0.59,0.58,0.55
Streptothamnus,Berberidopsidaceae,Berberidopsidales,Angiosperms,1,1,1,1,0.44,0.44,0.47,0.33
Tinospora,Menispermaceae,Ranunculales,Angiosperms,3,2,2,2,0.39,0.4,0.44,0.27
Triunia,Proteaceae,Proteales,Angiosperms,4,1,1,1,0.67,0.68,0.63,0.7
Vincetoxicum,Apocynaceae,Gentianales,Angiosperms,5,1,1,1,0.44,0.45,0.47,0.36
Westringia,Lamiaceae,Lamiales,Angiosperms,8,1,1,1,0.66,0.67,0.62,0.67
Woollsia,Ericaceae,Ericales,Angiosperms,1,1,1,1,0.61,0.61,0.59,0.57
Zieria,Rutaceae,Sapindales,Angiosperms,19,3,1,3,0.69,0.69,0.63,0.64
Atriplex,Amaranthaceae,Caryophyllales,Angiosperms,8,4,3,4,0.68,0.65,0.67,0.73
Hysterobaeckea,Myrtaceae,Myrtales,Angiosperms,1,1,1,1,0.78,0.79,0.72,0.87
Chamaecytisus,Fabaceae,Fabales,Angiosperms,1,1,1,1,0.64,0.64,0.6,0.65
Enchylaena,Amaranthaceae,Caryophyllales,Angiosperms,1,1,1,1,0.7,0.69,0.66,0.79
Eutaxia,Fabaceae,Fabales,Angiosperms,1,1,1,1,0.74,0.74,0.69,0.86
Goodenia,Goodeniaceae,Asterales,Angiosperms,1,1,1,1,0.53,0.5,0.5,0.56
Kunzea,Myrtaceae,Myrtales,Angiosperms,14,6,3,6,0.72,0.72,0.67,0.68
Rhagodia,Amaranthaceae,Caryophyllales,Angiosperms,1,1,1,1,0.66,0.65,0.62,0.7
Viminaria,Fabaceae,Fabales,Angiosperms,1,1,1,1,0.53,0.52,0.5,0.39
Ventilago,Rhamnaceae,Rosales,Angiosperms,10,6,4,7,0.66,0.67,0.62,0.62
Gyrostemon,Gyrostemonaceae,Brassicales,Angiosperms,1,1,1,1,0.34,0.34,0.39,0.38
Xanthorrhoea,Asphodelaceae,Asparagales,Angiosperms,1,1,1,1,0.37,0.38,0.42,0.38
Athrotaxis,Cupressaceae,Cupressales,Gymnosperms,3,3,2,3,0.41,0.41,0.46,0.43
Lagarostrobos,Podocarpaceae,Cupressales,Gymnosperms,2,2,2,2,0.54,0.54,0.56,0.58
Nematolepis,Rutaceae,Sapindales,Angiosperms,2,2,1,2,0.7,0.7,0.66,0.74
Havardia,Fabaceae,Fabales,Angiosperms,4,4,1,4,0.73,0.73,0.67,0.76
Acokanthera,Apocynaceae,Gentianales,Angiosperms,5,4,2,4,0.62,0.63,0.57,0.68
Heinsenia,Rubiaceae,Gentianales,Angiosperms,1,1,1,1,0.57,0.58,0.56,0.55
Bolusanthus,Fabaceae,Fabales,Angiosperms,2,2,1,2,0.71,0.72,0.66,0.76
Dirichletia,Rubiaceae,Gentianales,Angiosperms,1,1,1,1,0.7,0.71,0.65,0.83
Catha,Celastraceae,Celastrales,Angiosperms,2,2,2,2,0.65,0.65,0.62,0.68
Catunaregam,Rubiaceae,Gentianales,Angiosperms,6,4,4,4,0.66,0.67,0.63,0.68
Citropsis,Rutaceae,Sapindales,Angiosperms,5,2,2,2,0.74,0.74,0.68,0.74
Clausena,Rutaceae,Sapindales,Angiosperms,5,3,4,4,0.6,0.6,0.58,0.57
Volkameria,Lamiaceae,Lamiales,Angiosperms,6,2,2,2,0.47,0.47,0.49,0.36
Solanecio,Asteraceae,Asterales,Angiosperms,2,2,2,2,0.44,0.45,0.47,0.35
Didymosalpinx,Rubiaceae,Gentianales,Angiosperms,9,2,2,2,0.7,0.7,0.65,0.72
Halleria,Stilbaceae,Lamiales,Angiosperms,3,3,3,3,0.61,0.61,0.59,0.6
Haplocoelum,Sapindaceae,Sapindales,Angiosperms,6,2,4,4,0.76,0.76,0.69,0.75
Heteropyxis,Myrtaceae,Myrtales,Angiosperms,1,1,1,1,0.67,0.67,0.63,0.62
Karomia,Lamiaceae,Lamiales,Angiosperms,1,1,1,1,0.56,0.56,0.55,0.6
Ormocarpum,Fabaceae,Fabales,Angiosperms,9,4,5,5,0.68,0.68,0.64,0.67
Pappea,Sapindaceae,Sapindales,Angiosperms,1,1,1,1,0.75,0.75,0.68,0.85
Rawsonia,Achariaceae,Malpighiales,Angiosperms,2,2,2,2,0.67,0.68,0.63,0.75
Rhoicissus,Vitaceae,Vitales,Angiosperms,2,2,2,2,0.47,0.47,0.48,0.52
Salvadora,Salvadoraceae,Brassicales,Angiosperms,1,1,1,1,0.56,0.56,0.55,0.57
Warburgia,Canellaceae,Canellales,Angiosperms,2,2,2,2,0.68,0.68,0.64,0.69
Acaciella,Fabaceae,Fabales,Angiosperms,2,2,2,2,0.72,0.73,0.67,0.77
Amphipterygium,Anacardiaceae,Sapindales,Angiosperms,4,3,1,3,0.49,0.48,0.51,0.47
Bernoullia,Malvaceae,Malvales,Angiosperms,1,1,1,1,0.36,0.36,0.41,0.22
Erythrostemon,Fabaceae,Fabales,Angiosperms,1,1,1,1,0.71,0.72,0.66,0.79
Coulteria,Fabaceae,Fabales,Angiosperms,4,4,3,4,0.71,0.71,0.65,0.76
Hintonia,Rubiaceae,Gentianales,Angiosperms,1,1,1,1,0.62,0.62,0.6,0.64
Mappia,Icacinaceae,Icacinales,Angiosperms,9,3,3,3,0.52,0.52,0.52,0.48
Orthion,Violaceae,Malpighiales,Angiosperms,1,1,1,1,0.58,0.58,0.56,0.6
Pleuranthodendron,Salicaceae,Malpighiales,Angiosperms,1,1,1,1,0.6,0.6,0.58,0.59
Recchia,Surianaceae,Fabales,Angiosperms,1,1,1,1,0.8,0.8,0.72,0.88
Robinsonella,Malvaceae,Malvales,Angiosperms,2,2,1,2,0.49,0.49,0.5,0.5
Thouinia,Sapindaceae,Sapindales,Angiosperms,4,3,2,3,0.78,0.79,0.71,0.87
Acanthus,Acanthaceae,Lamiales,Angiosperms,3,1,1,1,0.48,0.48,0.49,0.42
Acmella,Asteraceae,Asterales,Angiosperms,1,1,1,1,0.6,0.6,0.58,0.62
Adenia,Passifloraceae,Malpighiales,Angiosperms,3,1,2,2,0.48,0.48,0.49,0.41
Aframomum,Zingiberaceae,Zingiberales,Angiosperms,1,1,1,1,0.47,0.47,0.48,0.37
Afrobrunnichia,Polygonaceae,Caryophyllales,Angiosperms,1,1,1,1,0.57,0.57,0.56,0.53
Agelaea,Connaraceae,Oxalidales,Angiosperms,15,1,2,2,0.62,0.63,0.59,0.6
Airyantha,Fabaceae,Fabales,Angiosperms,4,1,1,1,0.68,0.68,0.64,0.66
Alafia,Apocynaceae,Gentianales,Angiosperms,22,1,2,2,0.41,0.42,0.45,0.39
Alsodeiopsis,Icacinaceae,Icacinales,Angiosperms,6,1,1,1,0.67,0.67,0.62,0.7
Ancistrocarpus,Malvaceae,Malvales,Angiosperms,6,1,2,2,0.44,0.44,0.46,0.36
Ancylobothrys,Apocynaceae,Gentianales,Angiosperms,5,1,2,2,0.54,0.55,0.53,0.52
Anisopus,Apocynaceae,Gentianales,Angiosperms,2,1,1,1,0.43,0.44,0.46,0.33
Ansellia,Orchidaceae,Asparagales,Angiosperms,1,1,1,1,0.35,0.35,0.4,0.19
Apodostigma,Celastraceae,Celastrales,Angiosperms,1,1,1,1,0.6,0.6,0.58,0.55
Argocoffeopsis,Rubiaceae,Gentianales,Angiosperms,3,1,1,1,0.61,0.61,0.59,0.57
Atractogyne,Rubiaceae,Gentianales,Angiosperms,1,1,1,1,0.59,0.59,0.57,0.52
Baissea,Apocynaceae,Gentianales,Angiosperms,9,1,2,2,0.48,0.48,0.49,0.45
Beirnaertia,Menispermaceae,Ranunculales,Angiosperms,3,1,1,1,0.51,0.51,0.52,0.46
Belonophora,Rubiaceae,Gentianales,Angiosperms,3,1,1,1,0.69,0.69,0.64,0.71
Bequaertia,Celastraceae,Celastrales,Angiosperms,2,1,1,1,0.55,0.55,0.55,0.46
Buchnerodendron,Achariaceae,Malpighiales,Angiosperms,3,1,1,1,0.58,0.59,0.57,0.53
Moullava,Fabaceae,Fabales,Angiosperms,1,1,1,1,0.63,0.63,0.6,0.55
Callichilia,Apocynaceae,Gentianales,Angiosperms,5,1,1,1,0.55,0.55,0.54,0.55
Camoensia,Fabaceae,Fabales,Angiosperms,1,1,1,1,0.63,0.63,0.6,0.57
Campylostemon,Celastraceae,Celastrales,Angiosperms,6,1,1,1,0.61,0.61,0.59,0.56
Capsicum,Solanaceae,Solanales,Angiosperms,1,1,1,1,0.52,0.52,0.52,0.47
Clappertonia,Malvaceae,Malvales,Angiosperms,1,1,1,1,0.46,0.46,0.48,0.38
Rotheca,Lamiaceae,Lamiales,Angiosperms,2,1,2,2,0.56,0.56,0.55,0.56
Clitandra,Apocynaceae,Gentianales,Angiosperms,3,1,1,1,0.52,0.52,0.51,0.48
Cnestis,Connaraceae,Oxalidales,Angiosperms,10,1,2,2,0.6,0.6,0.58,0.57
Cogniauxia,Cucurbitaceae,Cucurbitales,Angiosperms,1,1,1,1,0.34,0.33,0.38,0.3
Alsophila,Cyatheaceae,Cyatheales,Pteridophytes,6,3,3,3,0.28,0.28,0.35,0.18
Cyclocotyla,Apocynaceae,Gentianales,Angiosperms,2,1,1,1,0.47,0.47,0.48,0.4
Cyttaranthus,Euphorbiaceae,Malpighiales,Angiosperms,1,1,1,1,0.6,0.6,0.57,0.64
Dalbergiella,Fabaceae,Fabales,Angiosperms,1,1,1,1,0.69,0.69,0.64,0.69
Dalhousiea,Fabaceae,Fabales,Angiosperms,10,1,2,2,0.64,0.64,0.61,0.59
Daturcaysa,unknown_13,"","",1,1,1,1,0.57,0.57,0.55,0.53
Desmostachys,Icacinaceae,Icacinales,Angiosperms,3,1,2,2,0.65,0.65,0.61,0.65
Dewevrea,Fabaceae,Fabales,Angiosperms,6,1,2,2,0.56,0.56,0.55,0.5
Dewevrella,Apocynaceae,Gentianales,Angiosperms,1,1,1,1,0.49,0.49,0.5,0.43
Dicranolepis,Thymelaeaceae,Malvales,Angiosperms,3,2,2,2,0.55,0.55,0.54,0.55
Dictyophleba,Apocynaceae,Gentianales,Angiosperms,3,1,1,1,0.5,0.5,0.5,0.46
Dinophora,Melastomataceae,Myrtales,Angiosperms,2,1,1,1,0.56,0.56,0.55,0.51
Dipteropeltis,Convolvulaceae,Solanales,Angiosperms,3,1,1,1,0.49,0.49,0.5,0.43
Dorstenia,Moraceae,Rosales,Angiosperms,1,1,1,1,0.58,0.59,0.56,0.58
Justicia,Acanthaceae,Lamiales,Angiosperms,5,1,1,1,0.5,0.5,0.5,0.46
Efulensia,Passifloraceae,Malpighiales,Angiosperms,3,1,1,1,0.53,0.53,0.53,0.45
Erythrococca,Euphorbiaceae,Malpighiales,Angiosperms,6,1,1,1,0.5,0.5,0.5,0.44
Euclinia,Rubiaceae,Gentianales,Angiosperms,2,1,1,1,0.64,0.65,0.61,0.63
Monanthotaxis,Annonaceae,Magnoliales,Angiosperms,29,2,3,3,0.59,0.59,0.57,0.65
Feretia,Rubiaceae,Gentianales,Angiosperms,5,2,2,5,0.67,0.67,0.63,0.69
Flabellaria,Malpighiaceae,Malpighiales,Angiosperms,1,1,1,1,0.55,0.55,0.55,0.47
Griffonia,Fabaceae,Fabales,Angiosperms,1,1,1,1,0.62,0.62,0.59,0.55
Harpephyllum,Anacardiaceae,Sapindales,Angiosperms,1,1,1,1,0.48,0.48,0.49,0.41
Haumania,Marantaceae,Zingiberales,Angiosperms,1,1,1,1,0.5,0.5,0.5,0.44
Heckeldora,Meliaceae,Sapindales,Angiosperms,14,1,3,3,0.6,0.6,0.58,0.62
Helixanthera,Loranthaceae,Santalales,Angiosperms,1,1,1,1,0.67,0.67,0.63,0.71
Hugonia,Linaceae,Malpighiales,Angiosperms,13,3,5,6,0.66,0.66,0.63,0.57
Hypselodelphys,Marantaceae,Zingiberales,Angiosperms,1,1,1,1,0.48,0.48,0.49,0.4
Icacina,Icacinaceae,Icacinales,Angiosperms,1,1,1,1,0.56,0.56,0.55,0.52
Illigera,Hernandiaceae,Laurales,Angiosperms,2,2,2,2,0.42,0.42,0.45,0.36
Impatiens,Balsaminaceae,Ericales,Angiosperms,1,1,1,1,0.4,0.4,0.43,0.26
Iodes,Icacinaceae,Icacinales,Angiosperms,3,2,2,2,0.52,0.53,0.52,0.46
Jateorhiza,Menispermaceae,Ranunculales,Angiosperms,1,1,1,1,0.56,0.56,0.55,0.56
Jollydora,Connaraceae,Oxalidales,Angiosperms,2,1,1,1,0.65,0.66,0.61,0.7
Rungia,Acanthaceae,Lamiales,Angiosperms,1,1,1,1,0.46,0.46,0.47,0.35
Laccosperma,Arecaceae,Arecales,Angiosperms,2,1,1,1,0.5,0.5,0.51,0.43
Landolphia,Apocynaceae,Gentianales,Angiosperms,36,1,2,3,0.51,0.51,0.51,0.49
Lankesteria,Acanthaceae,Lamiales,Angiosperms,2,1,1,1,0.53,0.53,0.52,0.5
Lasianthus,Rubiaceae,Gentianales,Angiosperms,41,6,4,6,0.65,0.65,0.63,0.6
Leptoderris,Fabaceae,Fabales,Angiosperms,5,1,2,2,0.6,0.61,0.58,0.54
Leptonychia,Malvaceae,Malvales,Angiosperms,7,1,2,2,0.52,0.52,0.52,0.5
Baphiastrum,Fabaceae,Fabales,Angiosperms,4,1,1,1,0.6,0.6,0.58,0.51
Limaciopsis,Menispermaceae,Ranunculales,Angiosperms,1,1,1,1,0.49,0.49,0.5,0.4
Lobelia,Campanulaceae,Asterales,Angiosperms,2,1,1,1,0.37,0.36,0.41,0.23
Macrosphyra,Rubiaceae,Gentianales,Angiosperms,2,1,1,1,0.59,0.59,0.58,0.53
Manotes,Connaraceae,Oxalidales,Angiosperms,9,1,2,2,0.58,0.58,0.56,0.54
Mareyopsis,Euphorbiaceae,Malpighiales,Angiosperms,1,1,1,1,0.59,0.59,0.57,0.62
Eumachia,Rubiaceae,Gentianales,Angiosperms,8,3,3,3,0.53,0.54,0.54,0.51
Microglossa,Asteraceae,Asterales,Angiosperms,3,1,1,1,0.53,0.53,0.53,0.47
Mildbraedia,Euphorbiaceae,Malpighiales,Angiosperms,1,1,1,1,0.59,0.6,0.57,0.65
Momordica,Cucurbitaceae,Cucurbitales,Angiosperms,1,1,1,1,0.37,0.37,0.41,0.35
Morelia,Rubiaceae,Gentianales,Angiosperms,1,1,1,1,0.68,0.68,0.63,0.71
Mostuea,Gelsemiaceae,Gentianales,Angiosperms,1,1,1,1,0.57,0.57,0.56,0.57
Motandra,Apocynaceae,Gentianales,Angiosperms,7,1,2,2,0.48,0.48,0.49,0.43
Mussaenda,Rubiaceae,Gentianales,Angiosperms,9,3,5,5,0.49,0.49,0.51,0.44
Neuropeltis,Convolvulaceae,Solanales,Angiosperms,7,2,3,3,0.53,0.53,0.53,0.51
Nichallea,Rubiaceae,Gentianales,Angiosperms,12,1,2,2,0.68,0.69,0.64,0.69
Oncinotis,Apocynaceae,Gentianales,Angiosperms,4,1,2,2,0.46,0.46,0.47,0.4
Orthopichonia,Apocynaceae,Gentianales,Angiosperms,3,1,2,3,0.55,0.56,0.54,0.57
Pachystela,Sapotaceae,Ericales,Angiosperms,1,1,1,1,0.7,0.7,0.64,0.69
Paracoffea,Rubiaceae,Gentianales,Angiosperms,5,1,1,1,0.73,0.73,0.67,0.77
Pavetta,Rubiaceae,Gentianales,Angiosperms,9,3,4,4,0.65,0.65,0.61,0.63
Penianthus,Menispermaceae,Ranunculales,Angiosperms,5,1,1,1,0.54,0.54,0.53,0.51
Pentadiplandra,Pentadiplandraceae,Brassicales,Angiosperms,2,1,1,1,0.55,0.55,0.54,0.5
Phyllopentas,Rubiaceae,Gentianales,Angiosperms,1,1,1,1,0.58,0.58,0.57,0.5
Cryptolepis,Apocynaceae,Gentianales,Angiosperms,1,1,1,1,0.43,0.43,0.46,0.31
Phaeoptilum,Nyctaginaceae,Caryophyllales,Angiosperms,1,1,1,1,0.63,0.63,0.6,0.79
Phytolacca,Phytolaccaceae,Caryophyllales,Angiosperms,6,4,4,4,0.36,0.36,0.41,0.32
Platysepalum,Fabaceae,Fabales,Angiosperms,7,1,2,3,0.64,0.64,0.61,0.62
Plectranthus,Lamiaceae,Lamiales,Angiosperms,1,1,1,1,0.41,0.41,0.45,0.22
Pleiocarpa,Apocynaceae,Gentianales,Angiosperms,8,2,2,2,0.58,0.58,0.55,0.59
Pleioceras,Apocynaceae,Gentianales,Angiosperms,2,1,1,1,0.44,0.44,0.46,0.34
Poggea,Achariaceae,Malpighiales,Angiosperms,3,1,2,2,0.62,0.62,0.59,0.58
Polycephalium,Icacinaceae,Icacinales,Angiosperms,1,1,1,1,0.42,0.42,0.46,0.23
Pristimera,Celastraceae,Celastrales,Angiosperms,3,2,2,2,0.58,0.58,0.57,0.51
Pseuderanthemum,Acanthaceae,Lamiales,Angiosperms,1,1,1,1,0.45,0.45,0.47,0.34
Pycnobotrya,Apocynaceae,Gentianales,Angiosperms,7,1,2,2,0.57,0.57,0.55,0.58
Pycnocoma,Euphorbiaceae,Malpighiales,Angiosperms,6,1,1,1,0.6,0.6,0.57,0.6
Pyrenacantha,Icacinaceae,Icacinales,Angiosperms,11,1,2,2,0.5,0.5,0.51,0.44
Radlkofera,Sapindaceae,Sapindales,Angiosperms,4,1,1,1,0.6,0.6,0.58,0.5
Rhopalopilia,Opiliaceae,Santalales,Angiosperms,1,1,1,1,0.61,0.62,0.59,0.6
Rutidea,Rubiaceae,Gentianales,Angiosperms,4,1,2,2,0.59,0.59,0.58,0.54
Rytigynia,Rubiaceae,Gentianales,Angiosperms,7,2,2,3,0.6,0.61,0.58,0.6
Saba,Apocynaceae,Gentianales,Angiosperms,3,3,3,3,0.49,0.5,0.5,0.48
Sericanthe,Rubiaceae,Gentianales,Angiosperms,2,2,2,2,0.66,0.66,0.62,0.68
Sherbournia,Rubiaceae,Gentianales,Angiosperms,1,1,1,1,0.58,0.58,0.57,0.52
Solenostemon,Lamiaceae,Lamiales,Angiosperms,1,1,1,1,0.4,0.4,0.44,0.2
Stapfiella,Passifloraceae,Malpighiales,Angiosperms,1,1,1,1,0.59,0.59,0.57,0.58
Sterotaberna,unknown_14,"","",1,1,1,1,0.62,0.62,0.59,0.61
Syrrheonema,Menispermaceae,Ranunculales,Angiosperms,1,1,1,1,0.5,0.5,0.51,0.43
Tabernanthe,Apocynaceae,Gentianales,Angiosperms,7,1,2,2,0.58,0.58,0.56,0.59
Tecomaria,Bignoniaceae,Lamiales,Angiosperms,1,1,1,1,0.58,0.59,0.57,0.66
Tephrosia,Fabaceae,Fabales,Angiosperms,1,1,1,1,0.58,0.58,0.57,0.48
Plukenetia,Euphorbiaceae,Malpighiales,Angiosperms,3,2,2,2,0.46,0.46,0.48,0.39
Tiliacora,Menispermaceae,Ranunculales,Angiosperms,4,1,1,2,0.55,0.55,0.54,0.53
Toddalia,Rutaceae,Sapindales,Angiosperms,2,2,2,2,0.62,0.62,0.59,0.54
Triclisia,Menispermaceae,Ranunculales,Angiosperms,2,1,2,2,0.55,0.55,0.54,0.54
Triphyophyllum,Dioncophyllaceae,Caryophyllales,Angiosperms,1,1,1,1,0.56,0.57,0.55,0.55
Urena,Malvaceae,Malvales,Angiosperms,7,2,2,2,0.44,0.44,0.46,0.38
Scepocarpus,Urticaceae,Rosales,Angiosperms,2,1,2,2,0.33,0.33,0.38,0.23
Usteria,Loganiaceae,Gentianales,Angiosperms,1,1,1,1,0.46,0.46,0.48,0.37
Vahadenia,Apocynaceae,Gentianales,Angiosperms,1,1,1,1,0.51,0.51,0.51,0.49
Vernonia,Asteraceae,Asterales,Angiosperms,3,2,3,3,0.48,0.48,0.5,0.41
Brenandendron,Asteraceae,Asterales,Angiosperms,2,1,2,2,0.46,0.46,0.48,0.36
Ambassa,Asteraceae,Asterales,Angiosperms,1,1,1,1,0.53,0.53,0.53,0.47
Whitfieldia,Acanthaceae,Lamiales,Angiosperms,2,1,1,1,0.61,0.61,0.58,0.66
Tacazzea,Apocynaceae,Gentianales,Angiosperms,1,1,1,1,0.48,0.48,0.49,0.41
Zeyherella,Sapotaceae,Ericales,Angiosperms,1,1,1,1,0.63,0.63,0.6,0.55
Acanthosyris,Santalaceae,Santalales,Angiosperms,5,5,3,5,0.64,0.64,0.61,0.62
Copernicia,Arecaceae,Arecales,Angiosperms,2,2,1,2,0.6,0.6,0.57,0.64
Iodina,unknown_15,"","",2,2,1,2,0.6,0.6,0.58,0.59
Salta,Polygonaceae,Caryophyllales,Angiosperms,1,1,1,1,0.6,0.61,0.58,0.6
Tessaria,Asteraceae,Asterales,Angiosperms,2,2,1,2,0.41,0.42,0.45,0.28
Vassobia,Solanaceae,Solanales,Angiosperms,2,2,2,2,0.55,0.55,0.54,0.56
Athyana,Sapindaceae,Sapindales,Angiosperms,1,1,1,1,0.58,0.58,0.57,0.45
Duranta,Verbenaceae,Lamiales,Angiosperms,5,5,4,5,0.53,0.54,0.53,0.53
Amomyrtella,Myrtaceae,Myrtales,Angiosperms,2,2,2,2,0.72,0.72,0.66,0.7
Fagara,Rutaceae,Sapindales,Angiosperms,1,1,1,1,0.57,0.57,0.56,0.45
Mimozyganthus,Fabaceae,Fabales,Angiosperms,2,2,1,2,0.8,0.81,0.72,0.96
Luma,Myrtaceae,Myrtales,Angiosperms,2,2,2,2,0.65,0.65,0.62,0.57
Palma,unknown_16,"","",2,1,1,1,0.71,0.71,0.66,0.75
Pawlonia,unknown_17,"","",1,1,1,1,0.34,0.34,0.39,0.2
Pilgerodendron,Cupressaceae,Cupressales,Gymnosperms,3,3,2,3,0.44,0.44,0.47,0.42
Pitandenia,unknown_18,"","",1,1,1,1,0.62,0.63,0.59,0.65
Polylepis,Rosaceae,Rosales,Angiosperms,3,2,2,2,0.7,0.7,0.65,0.73
Saccohum,unknown_19,"","",1,1,1,1,0.63,0.63,0.6,0.66
Papuodendron,Malvaceae,Malvales,Angiosperms,1,1,1,1,0.45,0.45,0.47,0.34
Mastixiodendron,Rubiaceae,Gentianales,Angiosperms,4,2,2,2,0.71,0.71,0.66,0.7
Neoscortechinia,Euphorbiaceae,Malpighiales,Angiosperms,6,5,3,5,0.61,0.61,0.58,0.61
Pangium,Achariaceae,Malpighiales,Angiosperms,4,4,4,4,0.55,0.55,0.55,0.5
Parastemon,Chrysobalanaceae,Malpighiales,Angiosperms,7,6,4,6,0.85,0.86,0.76,0.88
Areca,Arecaceae,Arecales,Angiosperms,1,1,1,1,0.5,0.5,0.51,0.56
Millingtonia,Bignoniaceae,Lamiales,Angiosperms,4,4,3,4,0.54,0.54,0.54,0.57
Anopterus,Escalloniaceae,Escalloniales,Angiosperms,1,1,1,1,0.57,0.56,0.55,0.59
Archirhodomyrtus,Myrtaceae,Myrtales,Angiosperms,2,2,1,2,0.65,0.66,0.6,0.6
Aristotelia,Elaeocarpaceae,Oxalidales,Angiosperms,9,4,4,4,0.53,0.51,0.54,0.42
Cenarrhenes,Proteaceae,Proteales,Angiosperms,1,1,1,1,0.65,0.64,0.62,0.73
Correa,Rutaceae,Sapindales,Angiosperms,1,1,1,1,0.7,0.7,0.66,0.77
Tasmannia,Winteraceae,Canellales,Angiosperms,5,3,2,5,0.53,0.52,0.52,0.54
Veronica,Plantaginaceae,Lamiales,Angiosperms,9,2,2,2,0.62,0.62,0.6,0.6
Amherstia,Fabaceae,Fabales,Angiosperms,3,3,3,3,0.63,0.63,0.6,0.6
Chrozophora,Euphorbiaceae,Malpighiales,Angiosperms,1,1,1,1,0.55,0.55,0.54,0.58
Drimycarpus,Anacardiaceae,Sapindales,Angiosperms,1,1,1,1,0.68,0.68,0.63,0.81
Putranjiva,Putranjivaceae,Malpighiales,Angiosperms,7,4,4,4,0.63,0.63,0.6,0.62
Dioecrescis,Rubiaceae,Gentianales,Angiosperms,1,1,1,1,0.65,0.65,0.61,0.69
Heteropanax,Araliaceae,Apiales,Angiosperms,1,1,1,1,0.4,0.4,0.43,0.33
Hydnocarpus,Achariaceae,Malpighiales,Angiosperms,16,6,5,6,0.63,0.64,0.6,0.62
Limonia,Rutaceae,Sapindales,Angiosperms,2,1,1,1,0.71,0.71,0.66,0.75
Moringa,Moringaceae,Brassicales,Angiosperms,2,2,2,2,0.33,0.33,0.39,0.26
Ostodes,Euphorbiaceae,Malpighiales,Angiosperms,3,3,3,3,0.44,0.44,0.46,0.36
Pajanelia,Bignoniaceae,Lamiales,Angiosperms,3,3,3,3,0.47,0.47,0.49,0.41
Falconeria,Euphorbiaceae,Malpighiales,Angiosperms,1,1,1,1,0.45,0.45,0.47,0.36
Sesbania,Fabaceae,Fabales,Angiosperms,4,3,3,3,0.47,0.47,0.49,0.4
Melastoma,Melastomataceae,Myrtales,Angiosperms,22,7,5,10,0.46,0.46,0.47,0.42
Aotus,Fabaceae,Fabales,Angiosperms,3,2,2,3,0.72,0.73,0.68,0.75
Beyeria,Euphorbiaceae,Malpighiales,Angiosperms,2,2,1,2,0.62,0.62,0.59,0.72
Gastrolobium,Fabaceae,Fabales,Angiosperms,1,1,1,1,0.71,0.7,0.65,0.7
Hesperalbizia,Fabaceae,Fabales,Angiosperms,1,1,1,1,0.69,0.69,0.64,0.79
Sabicea,Rubiaceae,Gentianales,Angiosperms,1,1,1,1,0.61,0.61,0.59,0.61
Leionema,Rutaceae,Sapindales,Angiosperms,1,1,1,1,0.66,0.66,0.63,0.61
Bertya,Euphorbiaceae,Malpighiales,Angiosperms,1,1,1,1,0.58,0.58,0.56,0.64
Eriostemon,Rutaceae,Sapindales,Angiosperms,1,1,1,1,0.66,0.66,0.63,0.66
Lasiopetalum,Malvaceae,Malvales,Angiosperms,1,1,1,1,0.61,0.61,0.58,0.74
Phyllota,Fabaceae,Fabales,Angiosperms,1,1,1,1,0.67,0.67,0.63,0.68
Aegiceras,Primulaceae,Ericales,Angiosperms,3,2,2,2,0.65,0.63,0.61,0.62
Aetoxylon,Thymelaeaceae,Malvales,Angiosperms,1,1,1,1,0.62,0.62,0.59,0.75
Aistopetalum,Cunoniaceae,Oxalidales,Angiosperms,1,1,1,1,0.68,0.69,0.63,0.77
Alseodaphne,Lauraceae,Laurales,Angiosperms,14,5,3,5,0.57,0.57,0.55,0.56
Amyxa,Thymelaeaceae,Malvales,Angiosperms,2,2,1,2,0.59,0.59,0.56,0.64
Archboldiodendron,Theaceae,Ericales,Angiosperms,1,1,1,1,0.65,0.65,0.61,0.69
Astronia,Melastomataceae,Myrtales,Angiosperms,4,1,1,1,0.51,0.52,0.52,0.47
Atuna,Chrysobalanaceae,Malpighiales,Angiosperms,6,4,2,4,0.69,0.7,0.66,0.65
Blumeodendron,Euphorbiaceae,Malpighiales,Angiosperms,10,5,3,5,0.57,0.57,0.55,0.58
Botryophora,Euphorbiaceae,Malpighiales,Angiosperms,1,1,1,1,0.5,0.5,0.51,0.44
Bruinsmia,Styracaceae,Ericales,Angiosperms,1,1,1,1,0.45,0.45,0.47,0.39
Spiraeopsis,Cunoniaceae,Oxalidales,Angiosperms,2,1,1,1,0.58,0.58,0.56,0.54
Chydenanthus,Lecythidaceae,Ericales,Angiosperms,1,1,1,1,0.59,0.59,0.57,0.53
Cleidion,Euphorbiaceae,Malpighiales,Angiosperms,3,3,3,3,0.54,0.54,0.53,0.55
Coelostegia,Malvaceae,Malvales,Angiosperms,4,3,2,3,0.57,0.57,0.55,0.59
Uittienia,Fabaceae,Fabales,Angiosperms,1,1,1,1,0.72,0.73,0.67,0.77
Boschia,Malvaceae,Malvales,Angiosperms,5,3,2,3,0.57,0.57,0.55,0.6
Endertia,Fabaceae,Fabales,Angiosperms,1,1,1,1,0.63,0.63,0.6,0.56
Eucalyptopsis,Myrtaceae,Myrtales,Angiosperms,1,1,1,1,0.62,0.62,0.6,0.47
Euodia,Rutaceae,Sapindales,Angiosperms,1,1,1,1,0.53,0.53,0.53,0.34
Eurycoma,Simaroubaceae,Sapindales,Angiosperms,2,2,1,2,0.5,0.51,0.51,0.5
Utania,Gentianaceae,Gentianales,Angiosperms,5,4,2,4,0.64,0.64,0.61,0.63
Falcatifolium,Podocarpaceae,Cupressales,Gymnosperms,1,1,1,1,0.56,0.56,0.55,0.57
Porterandia,Rubiaceae,Gentianales,Angiosperms,5,4,2,4,0.6,0.6,0.58,0.57
Gymnacranthera,Myristicaceae,Magnoliales,Angiosperms,11,6,3,6,0.55,0.55,0.53,0.53
Haplolobus,Burseraceae,Sapindales,Angiosperms,5,1,1,1,0.53,0.53,0.53,0.51
Spathiostemon,Euphorbiaceae,Malpighiales,Angiosperms,1,1,1,1,0.59,0.59,0.56,0.62
Isonandra,Sapotaceae,Ericales,Angiosperms,1,1,1,1,0.81,0.81,0.72,0.94
Itoa,Salicaceae,Malpighiales,Angiosperms,1,1,1,1,0.56,0.56,0.56,0.47
Kibara,Monimiaceae,Laurales,Angiosperms,2,2,2,2,0.55,0.55,0.54,0.57
Kibatalia,Apocynaceae,Gentianales,Angiosperms,4,3,2,3,0.44,0.44,0.46,0.38
Kjellbergiodendron,Myrtaceae,Myrtales,Angiosperms,1,1,1,1,0.76,0.76,0.69,0.76
Lepiniopsis,Apocynaceae,Gentianales,Angiosperms,1,1,1,1,0.48,0.49,0.49,0.43
Papuacedrus,Cupressaceae,Cupressales,Gymnosperms,1,1,1,1,0.43,0.43,0.47,0.39
Angelesia,Chrysobalanaceae,Malpighiales,Angiosperms,3,2,2,2,0.79,0.79,0.72,0.81
Lycianthes,Solanaceae,Solanales,Angiosperms,1,1,1,1,0.5,0.5,0.51,0.44
Maclurodendron,Rutaceae,Sapindales,Angiosperms,3,3,3,3,0.54,0.54,0.54,0.48
Macropanax,Araliaceae,Apiales,Angiosperms,1,1,1,1,0.4,0.4,0.44,0.31
Ptychopyxis,Euphorbiaceae,Malpighiales,Angiosperms,5,3,2,3,0.58,0.58,0.56,0.56
Medusanthera,Stemonuraceae,Aquifoliales,Angiosperms,1,1,1,1,0.5,0.5,0.51,0.39
Melanolepis,Euphorbiaceae,Malpighiales,Angiosperms,8,4,4,4,0.43,0.43,0.46,0.36
Kania,Myrtaceae,Myrtales,Angiosperms,1,1,1,1,0.76,0.76,0.69,0.77
Micromelum,Rutaceae,Sapindales,Angiosperms,2,2,2,2,0.66,0.66,0.62,0.66
Microtropis,Celastraceae,Celastrales,Angiosperms,6,2,2,2,0.58,0.58,0.57,0.53
Moultonianthus,Euphorbiaceae,Malpighiales,Angiosperms,1,1,1,1,0.62,0.62,0.58,0.69
Norrisia,Loganiaceae,Gentianales,Angiosperms,2,2,2,2,0.44,0.44,0.47,0.38
Osbornia,Myrtaceae,Myrtales,Angiosperms,1,1,1,1,0.79,0.79,0.71,0.83
Osmelia,Salicaceae,Malpighiales,Angiosperms,2,1,1,1,0.6,0.6,0.58,0.56
Osmoxylon,Araliaceae,Apiales,Angiosperms,2,2,2,2,0.43,0.43,0.45,0.4
Paracroton,Euphorbiaceae,Malpighiales,Angiosperms,2,2,2,2,0.49,0.49,0.5,0.46
Paranephelium,Sapindaceae,Sapindales,Angiosperms,2,1,1,1,0.77,0.77,0.7,0.82
Pellacalyx,Rhizophoraceae,Malpighiales,Angiosperms,3,2,2,2,0.52,0.52,0.52,0.44
Platymitra,Annonaceae,Magnoliales,Angiosperms,3,3,3,3,0.64,0.65,0.6,0.68
Ploiarium,Bonnetiaceae,Malpighiales,Angiosperms,2,2,2,2,0.77,0.77,0.7,0.83
Pichonia,Sapotaceae,Ericales,Angiosperms,1,1,1,1,0.69,0.69,0.64,0.69
Pternandra,Melastomataceae,Myrtales,Angiosperms,9,4,2,4,0.54,0.54,0.54,0.52
Ridsdalea,Rubiaceae,Gentianales,Angiosperms,3,3,2,3,0.58,0.59,0.57,0.53
Sarcotheca,Oxalidaceae,Oxalidales,Angiosperms,3,2,1,2,0.62,0.62,0.59,0.62
Schoutenia,Malvaceae,Malvales,Angiosperms,4,4,3,4,0.71,0.71,0.64,0.79
Scyphiphora,Rubiaceae,Gentianales,Angiosperms,2,2,2,2,0.65,0.66,0.62,0.68
Holigarna,Anacardiaceae,Sapindales,Angiosperms,5,4,2,4,0.42,0.42,0.46,0.42
Spiraeanthemum,Cunoniaceae,Oxalidales,Angiosperms,3,2,2,2,0.6,0.6,0.58,0.61
Stelechocarpus,Annonaceae,Magnoliales,Angiosperms,1,1,1,1,0.58,0.58,0.56,0.56
Distyliopsis,Hamamelidaceae,Saxifragales,Angiosperms,2,2,2,2,0.65,0.65,0.61,0.66
Trigoniastrum,Trigoniaceae,Malpighiales,Angiosperms,3,3,2,3,0.69,0.7,0.65,0.69
Trigonopleura,Peraceae,Malpighiales,Angiosperms,2,2,2,2,0.58,0.59,0.57,0.5
Triomma,Burseraceae,Sapindales,Angiosperms,3,2,2,2,0.56,0.56,0.54,0.58
Whiteodendron,Myrtaceae,Myrtales,Angiosperms,2,2,2,2,0.78,0.78,0.7,0.79
Melientha,Opiliaceae,Santalales,Angiosperms,1,1,1,1,0.62,0.62,0.59,0.64
Tapoides,Euphorbiaceae,Malpighiales,Angiosperms,1,1,1,1,0.52,0.52,0.52,0.55
Leuenbergeria,Cactaceae,Caryophyllales,Angiosperms,5,2,3,5,0.53,0.51,0.54,0.6
Sabal,Arecaceae,Arecales,Angiosperms,2,2,2,2,0.47,0.47,0.49,0.44
Kydia,Malvaceae,Malvales,Angiosperms,2,2,2,2,0.41,0.41,0.44,0.34
Neoraimondia,Cactaceae,Caryophyllales,Angiosperms,1,1,1,1,0.5,0.5,0.5,0.52
Burdachia,Malpighiaceae,Malpighiales,Angiosperms,2,2,2,2,0.69,0.69,0.64,0.77
Leopoldinia,Arecaceae,Arecales,Angiosperms,1,1,1,1,0.5,0.5,0.51,0.48
Bouvardia,Rubiaceae,Gentianales,Angiosperms,2,1,1,1,0.65,0.67,0.62,0.68
Eysenhardtia,Fabaceae,Fabales,Angiosperms,5,4,2,4,0.7,0.71,0.65,0.72
Pittocaulon,Asteraceae,Asterales,Angiosperms,2,1,1,1,0.49,0.49,0.49,0.44
Sedum,Crassulaceae,Saxifragales,Angiosperms,2,1,1,1,0.24,0.2,0.27,0.1
Barnebya,Malpighiaceae,Malpighiales,Angiosperms,1,1,1,1,0.61,0.61,0.59,0.64
Bonnetia,Bonnetiaceae,Malpighiales,Angiosperms,1,1,1,1,0.71,0.71,0.65,0.74
Brodriguesia,Fabaceae,Fabales,Angiosperms,1,1,1,1,0.63,0.63,0.6,0.6
Cordyline,Asparagaceae,Asparagales,Angiosperms,5,3,3,3,0.38,0.38,0.43,0.32
Eremanthus,Asteraceae,Asterales,Angiosperms,6,4,1,4,0.61,0.62,0.59,0.65
Fraunhofera,Celastraceae,Celastrales,Angiosperms,2,2,1,2,0.69,0.7,0.65,0.82
Harleyodendron,Fabaceae,Fabales,Angiosperms,1,1,1,1,0.79,0.79,0.71,0.94
Kerianthera,Rubiaceae,Gentianales,Angiosperms,1,1,1,1,0.69,0.69,0.64,0.78
Metternichia,Solanaceae,Solanales,Angiosperms,1,1,1,1,0.61,0.61,0.58,0.72
Quillaja,Quillajaceae,Fabales,Angiosperms,1,1,1,1,0.6,0.61,0.58,0.63
Sessea,Solanaceae,Solanales,Angiosperms,2,2,2,2,0.56,0.56,0.55,0.59
Sparattanthelium,Hernandiaceae,Laurales,Angiosperms,1,1,1,1,0.48,0.48,0.49,0.55
Wunderlichia,Asteraceae,Asterales,Angiosperms,1,1,1,1,0.5,0.5,0.51,0.44
Ostryopsis,Betulaceae,Fagales,Angiosperms,1,1,1,1,0.61,0.61,0.59,0.63
Rosmarinus,Lamiaceae,Lamiales,Angiosperms,6,3,2,6,0.59,0.59,0.57,0.55
Agrostistachys,Euphorbiaceae,Malpighiales,Angiosperms,2,1,1,1,0.62,0.63,0.59,0.68
Bhesa,Centroplacaceae,Malpighiales,Angiosperms,3,2,2,2,0.61,0.61,0.59,0.59
Burkillanthus,Rutaceae,Sapindales,Angiosperms,1,1,1,1,0.68,0.68,0.64,0.7
Champereia,Opiliaceae,Santalales,Angiosperms,1,1,1,1,0.62,0.63,0.59,0.66
Cheilosa,Euphorbiaceae,Malpighiales,Angiosperms,1,1,1,1,0.54,0.54,0.53,0.54
Dimorphocalyx,Euphorbiaceae,Malpighiales,Angiosperms,1,1,1,1,0.65,0.65,0.61,0.79
Discospermum,Rubiaceae,Gentianales,Angiosperms,3,3,3,3,0.54,0.54,0.54,0.52
Limahlania,Gentianaceae,Gentianales,Angiosperms,1,1,1,1,0.56,0.56,0.56,0.46
Gynotroches,Rhizophoraceae,Malpighiales,Angiosperms,3,3,2,3,0.57,0.58,0.56,0.51
Harmandia,Olacaceae,Santalales,Angiosperms,1,1,1,1,0.73,0.74,0.68,0.78
Jackiopsis,Rubiaceae,Gentianales,Angiosperms,1,1,1,1,0.67,0.67,0.63,0.73
Kayea,Calophyllaceae,Malpighiales,Angiosperms,2,2,2,2,0.69,0.7,0.65,0.7
Ochreinauclea,Rubiaceae,Gentianales,Angiosperms,2,2,1,2,0.58,0.58,0.57,0.54
Trivalvaria,Annonaceae,Magnoliales,Angiosperms,1,1,1,1,0.54,0.54,0.53,0.51
Pteleocarpa,Gelsemiaceae,Gentianales,Angiosperms,2,2,1,2,0.61,0.61,0.59,0.62
Scutinanthe,Burseraceae,Sapindales,Angiosperms,2,2,2,2,0.54,0.54,0.53,0.55
Archeria,Ericaceae,Ericales,Angiosperms,4,2,2,2,0.58,0.58,0.56,0.51
Brachyglottis,Asteraceae,Asterales,Angiosperms,9,2,2,2,0.57,0.57,0.55,0.53
Carpodetus,Rousseaceae,Asterales,Angiosperms,8,2,2,2,0.59,0.59,0.57,0.55
Clematis,Ranunculaceae,Ranunculales,Angiosperms,7,4,5,5,0.44,0.44,0.47,0.39
Corokia,Argophyllaceae,Asterales,Angiosperms,2,1,1,1,0.59,0.59,0.57,0.54
Sphaeropteris,Cyatheaceae,Cyatheales,Pteridophytes,2,1,1,1,0.35,0.35,0.4,0.28
Dicksonia,Dicksoniaceae,Cyatheales,Pteridophytes,9,2,2,2,0.26,0.27,0.34,0.17
Griselinia,Griseliniaceae,Apiales,Angiosperms,4,2,2,2,0.57,0.57,0.56,0.53
Halocarpus,Podocarpaceae,Cupressales,Gymnosperms,8,2,2,2,0.63,0.64,0.6,0.64
Hoheria,Malvaceae,Malvales,Angiosperms,9,1,1,1,0.52,0.52,0.52,0.48
Ixerba,Strasburgeriaceae,Crossosomatales,Angiosperms,5,1,1,1,0.59,0.6,0.57,0.58
Lophomyrtus,Myrtaceae,Myrtales,Angiosperms,1,1,1,1,0.68,0.68,0.63,0.57
Lycium,Solanaceae,Solanales,Angiosperms,17,7,5,7,0.55,0.56,0.55,0.52
Nestegis,Oleaceae,Lamiales,Angiosperms,3,1,1,1,0.71,0.71,0.66,0.7
Plagianthus,Malvaceae,Malvales,Angiosperms,2,1,1,1,0.51,0.52,0.51,0.48
Neopanax,Araliaceae,Apiales,Angiosperms,18,1,1,1,0.5,0.5,0.51,0.47
Pseudopanax,Araliaceae,Apiales,Angiosperms,12,1,1,1,0.56,0.56,0.54,0.54
Pseudowintera,Winteraceae,Canellales,Angiosperms,11,1,1,1,0.56,0.56,0.54,0.52
Raukaua,Araliaceae,Apiales,Angiosperms,9,3,3,3,0.59,0.59,0.56,0.57
Schefflera,Araliaceae,Apiales,Angiosperms,8,2,2,2,0.47,0.47,0.48,0.46
Urtica,Urticaceae,Rosales,Angiosperms,2,1,1,1,0.44,0.44,0.46,0.44
Samyda,Salicaceae,Malpighiales,Angiosperms,3,3,2,3,0.68,0.68,0.64,0.79
Blastus,Melastomataceae,Myrtales,Angiosperms,7,3,2,3,0.58,0.58,0.56,0.54
Diplospora,Rubiaceae,Gentianales,Angiosperms,6,2,2,2,0.63,0.63,0.61,0.63
Acmopyle,Podocarpaceae,Cupressales,Gymnosperms,1,1,1,1,0.54,0.55,0.55,0.6
Acropogon,Malvaceae,Malvales,Angiosperms,7,3,2,3,0.48,0.48,0.49,0.52
Codiaeum,Euphorbiaceae,Malpighiales,Angiosperms,2,2,2,2,0.53,0.54,0.52,0.57
Comptonella,Rutaceae,Sapindales,Angiosperms,2,1,1,1,0.54,0.55,0.55,0.54
Delarbrea,Myodocarpaceae,Apiales,Angiosperms,2,2,2,2,0.54,0.54,0.54,0.58
Depanthus,Gesneriaceae,Lamiales,Angiosperms,1,1,1,1,0.43,0.43,0.46,0.45
Dicarpellum,Celastraceae,Celastrales,Angiosperms,1,1,1,1,0.61,0.61,0.59,0.66
Gongrodiscus,Sapindaceae,Sapindales,Angiosperms,2,1,1,1,0.68,0.68,0.64,0.75
Kibaropsis,Monimiaceae,Laurales,Angiosperms,1,1,1,1,0.56,0.56,0.54,0.68
Lethedon,Thymelaeaceae,Malvales,Angiosperms,1,1,1,1,0.5,0.5,0.51,0.59
Meryta,Araliaceae,Apiales,Angiosperms,1,1,1,1,0.48,0.48,0.49,0.58
Nemuaron,Atherospermataceae,Laurales,Angiosperms,1,1,1,1,0.49,0.5,0.5,0.55
Storthocalyx,Sapindaceae,Sapindales,Angiosperms,3,1,1,1,0.67,0.67,0.63,0.74
Mayodendron,Bignoniaceae,Lamiales,Angiosperms,1,1,1,1,0.53,0.54,0.53,0.59
Cephalomappa,Euphorbiaceae,Malpighiales,Angiosperms,1,1,1,1,0.54,0.55,0.53,0.51
Fordia,Fabaceae,Fabales,Angiosperms,1,1,1,1,0.67,0.68,0.63,0.64
Lepionurus,Opiliaceae,Santalales,Angiosperms,1,1,1,1,0.46,0.46,0.48,0.26
Aloysia,Verbenaceae,Lamiales,Angiosperms,2,2,2,2,0.64,0.64,0.6,0.67
Pachystroma,Euphorbiaceae,Malpighiales,Angiosperms,1,1,1,1,0.61,0.62,0.58,0.65
Raputia,Rutaceae,Sapindales,Angiosperms,1,1,1,1,0.78,0.79,0.71,1.08
Isopogon,Proteaceae,Proteales,Angiosperms,2,2,1,2,0.67,0.66,0.64,0.86
Nuytsia,Loranthaceae,Santalales,Angiosperms,1,1,1,1,0.53,0.53,0.52,0.63
Borneodendron,Euphorbiaceae,Malpighiales,Angiosperms,1,1,1,1,0.61,0.62,0.58,0.69
Eleutherandra,Achariaceae,Malpighiales,Angiosperms,1,1,1,1,0.73,0.74,0.67,0.86
Gossypium,Malvaceae,Malvales,Angiosperms,1,1,1,1,0.59,0.6,0.57,0.69
Kalappia,Fabaceae,Fabales,Angiosperms,1,1,1,1,0.61,0.61,0.59,0.52
Saribus,Arecaceae,Arecales,Angiosperms,2,2,2,2,0.65,0.66,0.61,0.76
Marlimorimia,Fabaceae,Fabales,Angiosperms,5,3,2,3,0.66,0.66,0.62,0.67
Potoxylon,Lauraceae,Laurales,Angiosperms,2,1,1,1,0.64,0.64,0.6,0.7
Pictetia,Fabaceae,Fabales,Angiosperms,1,1,1,1,0.69,0.69,0.64,0.77
Ibervillea,Cucurbitaceae,Cucurbitales,Angiosperms,1,1,1,1,0.3,0.29,0.34,0.27
Gaudichaudia,Malpighiaceae,Malpighiales,Angiosperms,1,1,1,1,0.59,0.61,0.59,0.63
Coleogyne,Rosaceae,Rosales,Angiosperms,1,1,1,1,0.66,0.66,0.62,0.68
Gutierrezia,Asteraceae,Asterales,Angiosperms,2,2,1,2,0.61,0.61,0.58,0.69
Cleomella,Cleomaceae,Brassicales,Angiosperms,1,1,1,1,0.58,0.57,0.56,0.61
Dirca,Thymelaeaceae,Malvales,Angiosperms,1,1,1,1,0.41,0.39,0.41,0.33
Lepechinia,Lamiaceae,Lamiales,Angiosperms,1,1,1,1,0.56,0.56,0.55,0.61
Diplacus,Phrymaceae,Lamiales,Angiosperms,2,2,1,2,0.63,0.65,0.6,0.7
Adesmia,Fabaceae,Fabales,Angiosperms,3,3,1,3,0.7,0.73,0.66,0.75
Colliguaja,Euphorbiaceae,Malpighiales,Angiosperms,5,3,1,3,0.58,0.58,0.57,0.64
Azorella,Apiaceae,Apiales,Angiosperms,2,2,1,2,0.42,0.41,0.42,0.36
Nothotsuga,Pinaceae,Pinales,Gymnosperms,1,1,1,1,0.48,0.49,0.5,0.52
Chromolaena,Asteraceae,Asterales,Angiosperms,1,1,1,1,0.54,0.54,0.54,0.5
Rhigospira,Apocynaceae,Gentianales,Angiosperms,1,1,1,1,0.47,0.47,0.48,0.44
Curupira,Olacaceae,Santalales,Angiosperms,1,1,1,1,0.69,0.7,0.65,0.7
Pseudosenefeldera,Euphorbiaceae,Malpighiales,Angiosperms,2,2,2,2,0.59,0.59,0.57,0.62
Cremaspora,Rubiaceae,Gentianales,Angiosperms,1,1,1,1,0.6,0.6,0.58,0.59
Galiniera,Rubiaceae,Gentianales,Angiosperms,3,2,2,2,0.59,0.59,0.57,0.57
Peddea,unknown_20,"","",1,1,1,1,0.57,0.58,0.56,0.59
Pochota,Malvaceae,Malvales,Angiosperms,3,2,2,2,0.42,0.42,0.45,0.34
Cullenia,Malvaceae,Malvales,Angiosperms,2,2,1,2,0.51,0.52,0.51,0.54
Knightia,Proteaceae,Proteales,Angiosperms,11,2,2,2,0.57,0.57,0.56,0.56
Turrillia,Proteaceae,Proteales,Angiosperms,1,1,1,1,0.52,0.52,0.53,0.43
Degeneria,Degeneriaceae,Magnoliales,Angiosperms,1,1,1,1,0.43,0.43,0.46,0.35
Amaracarpus,Rubiaceae,Gentianales,Angiosperms,1,1,1,1,0.59,0.6,0.58,0.6
Hypserpa,Menispermaceae,Ranunculales,Angiosperms,3,3,2,3,0.57,0.58,0.57,0.58
Ichnocarpus,Apocynaceae,Gentianales,Angiosperms,2,2,2,2,0.48,0.48,0.49,0.44
Decalobanthus,Convolvulaceae,Solanales,Angiosperms,1,1,1,1,0.42,0.43,0.44,0.36
Neosepicaea,Bignoniaceae,Lamiales,Angiosperms,1,1,1,1,0.48,0.49,0.49,0.45
Tetrastigma,Vitaceae,Vitales,Angiosperms,4,2,2,2,0.37,0.37,0.39,0.3
Austrosteenisia,Fabaceae,Fabales,Angiosperms,1,1,1,1,0.6,0.62,0.59,0.54
Bowenia,Zamiaceae,Cycadales,Gymnosperms,1,1,1,1,0.36,0.36,0.41,0.25
Carronia,Menispermaceae,Ranunculales,Angiosperms,1,1,1,1,0.52,0.53,0.52,0.53
Hancornia,Apocynaceae,Gentianales,Angiosperms,3,3,1,3,0.54,0.54,0.53,0.57
Pachypodium,Apocynaceae,Gentianales,Angiosperms,11,1,1,1,0.25,0.26,0.34,0.1
Trischidium,Fabaceae,Fabales,Angiosperms,53,2,1,2,0.65,0.65,0.62,0.64
Boehmeria,Urticaceae,Rosales,Angiosperms,8,2,2,2,0.41,0.41,0.44,0.38
Kaunia,Asteraceae,Asterales,Angiosperms,1,1,1,1,0.52,0.52,0.52,0.49
Anthyllis,Fabaceae,Fabales,Angiosperms,2,1,1,1,0.63,0.64,0.6,0.52
Seriphidium,Asteraceae,Asterales,Angiosperms,1,1,1,1,0.66,0.66,0.64,0.7
Ballota,Lamiaceae,Lamiales,Angiosperms,1,1,1,1,0.55,0.55,0.54,0.47
Cistus,Cistaceae,Malvales,Angiosperms,23,2,2,9,0.71,0.73,0.67,0.62
Coronilla,Fabaceae,Fabales,Angiosperms,1,1,1,1,0.49,0.5,0.48,0.19
Ephedra,Ephedraceae,Gnetales,Gymnosperms,3,2,2,2,0.74,0.76,0.69,0.73
Fumana,Cistaceae,Malvales,Angiosperms,3,2,2,2,0.76,0.78,0.71,0.75
Genista,Fabaceae,Fabales,Angiosperms,6,2,2,6,0.7,0.71,0.67,0.65
Helianthemum,Cistaceae,Malvales,Angiosperms,5,2,2,2,0.72,0.71,0.7,0.67
Helichrysum,Asteraceae,Asterales,Angiosperms,5,3,3,4,0.62,0.62,0.59,0.57
Hippocrepis,Fabaceae,Fabales,Angiosperms,2,2,2,2,0.65,0.67,0.61,0.59
Chrysojasminum,Oleaceae,Lamiales,Angiosperms,1,1,1,1,0.63,0.63,0.6,0.45
Launaea,Asteraceae,Asterales,Angiosperms,1,1,1,1,0.5,0.49,0.49,0.34
Lavandula,Lamiaceae,Lamiales,Angiosperms,6,2,2,5,0.57,0.57,0.56,0.54
Phlomis,Lamiaceae,Lamiales,Angiosperms,6,2,2,3,0.58,0.59,0.55,0.54
Sideritis,Lamiaceae,Lamiales,Angiosperms,2,2,2,2,0.52,0.5,0.52,0.45
Stauracanthus,Fabaceae,Fabales,Angiosperms,2,1,1,2,0.65,0.66,0.62,0.54
Teucrium,Lamiaceae,Lamiales,Angiosperms,8,2,2,3,0.59,0.59,0.56,0.56
Thymelaea,Thymelaeaceae,Malvales,Angiosperms,3,2,2,2,0.58,0.58,0.56,0.57
Thymus,Lamiaceae,Lamiales,Angiosperms,3,2,2,3,0.65,0.65,0.63,0.62
Withania,Solanaceae,Solanales,Angiosperms,2,2,2,2,0.48,0.47,0.48,0.39
Dalrympelea,Staphyleaceae,Crossosomatales,Angiosperms,2,2,2,2,0.46,0.44,0.47,0.45
Amomyrtus,Myrtaceae,Myrtales,Angiosperms,1,1,1,1,0.74,0.74,0.68,0.74
Azara,Salicaceae,Malpighiales,Angiosperms,1,1,1,1,0.61,0.61,0.59,0.59
Rhaphithamnus,Verbenaceae,Lamiales,Angiosperms,1,1,1,1,0.53,0.53,0.53,0.47
Amphirrhox,Violaceae,Malpighiales,Angiosperms,10,2,2,2,0.59,0.59,0.57,0.58
Macropeplus,Monimiaceae,Laurales,Angiosperms,10,1,1,1,0.5,0.5,0.5,0.44
Botryarrhena,Rubiaceae,Gentianales,Angiosperms,2,2,2,2,0.7,0.69,0.67,0.78
Rustia,Rubiaceae,Gentianales,Angiosperms,3,3,3,3,0.54,0.55,0.54,0.53
Septotheca,Malvaceae,Malvales,Angiosperms,1,1,1,1,0.52,0.52,0.52,0.59
Ludekia,Rubiaceae,Gentianales,Angiosperms,2,2,2,2,0.61,0.61,0.59,0.63
Lepidothamnus,Podocarpaceae,Cupressales,Gymnosperms,1,1,1,1,0.56,0.56,0.55,0.58
Neomyrtus,Myrtaceae,Myrtales,Angiosperms,1,1,1,1,0.7,0.71,0.65,0.66
Kostermansia,Malvaceae,Malvales,Angiosperms,1,1,1,1,0.53,0.53,0.52,0.6
Aspalathus,Fabaceae,Fabales,Angiosperms,2,1,1,1,0.61,0.61,0.58,0.58
Brunia,Bruniaceae,Bruniales,Angiosperms,2,1,1,1,0.56,0.55,0.54,0.57
Cliffortia,Rosaceae,Rosales,Angiosperms,1,1,1,1,0.64,0.64,0.61,0.62
Leucadendron,Proteaceae,Proteales,Angiosperms,14,2,1,2,0.54,0.55,0.52,0.52
Metalasia,Asteraceae,Asterales,Angiosperms,1,1,1,1,0.62,0.61,0.6,0.71
Passerina,Thymelaeaceae,Malvales,Angiosperms,1,1,1,1,0.61,0.59,0.59,0.76
Pteronia,Asteraceae,Asterales,Angiosperms,2,1,1,1,0.73,0.73,0.7,0.84
Diploon,Sapotaceae,Ericales,Angiosperms,3,2,2,2,0.73,0.74,0.68,0.78
Austromatthaea,Monimiaceae,Laurales,Angiosperms,1,1,1,1,0.59,0.6,0.57,0.73
Davidsonia,Cunoniaceae,Oxalidales,Angiosperms,2,2,2,2,0.61,0.61,0.58,0.66
Linospadix,Arecaceae,Arecales,Angiosperms,2,2,2,2,0.69,0.69,0.63,0.86
Mackinlaya,Apiaceae,Apiales,Angiosperms,1,1,1,1,0.59,0.59,0.57,0.72
Benstonea,Pandanaceae,Pandanales,Angiosperms,1,1,1,1,0.33,0.34,0.39,0.33
Chrysothamnus,Asteraceae,Asterales,Angiosperms,1,1,1,1,0.62,0.62,0.6,0.83
Grayia,Amaranthaceae,Caryophyllales,Angiosperms,1,1,1,1,0.69,0.7,0.66,0.87
Tetradymia,Asteraceae,Asterales,Angiosperms,1,1,1,1,0.63,0.63,0.61,0.85
Manoao,Podocarpaceae,Cupressales,Gymnosperms,1,1,1,1,0.54,0.54,0.54,0.54
Libocedrus,Cupressaceae,Cupressales,Gymnosperms,1,1,1,1,0.41,0.41,0.45,0.35
Retanilla,Rhamnaceae,Rosales,Angiosperms,2,1,1,1,0.63,0.65,0.61,0.62
Rhamnella,Rhamnaceae,Rosales,Angiosperms,6,2,2,2,0.62,0.64,0.6,0.59
Epipremnum,Araceae,Alismatales,Angiosperms,1,1,1,1,0.33,0.31,0.35,0.23
Erycibe,Convolvulaceae,Solanales,Angiosperms,1,1,1,1,0.53,0.54,0.53,0.58
Hypsophila,Celastraceae,Celastrales,Angiosperms,1,1,1,1,0.55,0.56,0.55,0.49
Licuala,Arecaceae,Arecales,Angiosperms,1,1,1,1,0.75,0.76,0.68,1.02
Mullerochloa,Poaceae,Poales,Angiosperms,1,1,1,1,0.44,0.45,0.45,0.33
Ptychosperma,Arecaceae,Arecales,Angiosperms,1,1,1,1,0.64,0.64,0.6,0.77
Pycnarrhena,Menispermaceae,Ranunculales,Angiosperms,1,1,1,1,0.52,0.53,0.52,0.54
Rhaphidophora,Araceae,Alismatales,Angiosperms,1,1,1,1,0.45,0.43,0.45,0.49
Schistocarpaea,Rhamnaceae,Rosales,Angiosperms,1,1,1,1,0.65,0.65,0.61,0.66
Diclinanona,Annonaceae,Magnoliales,Angiosperms,1,1,1,1,0.51,0.51,0.51,0.47
Brachycylix,Fabaceae,Fabales,Angiosperms,1,1,1,1,0.7,0.7,0.65,0.72
Cryosophila,Arecaceae,Arecales,Angiosperms,1,1,1,1,0.5,0.5,0.51,0.4
Prestoea,Arecaceae,Arecales,Angiosperms,3,3,2,3,0.37,0.37,0.42,0.29
Socratea,Arecaceae,Arecales,Angiosperms,1,1,1,1,0.43,0.43,0.45,0.23
Welfia,Arecaceae,Arecales,Angiosperms,1,1,1,1,0.5,0.5,0.51,0.4
Oreocarya,Boraginaceae,Boraginales,Angiosperms,210,1,1,14,0.4,0.4,0.44,0.29
Pereskia,Cactaceae,Caryophyllales,Angiosperms,3,1,1,3,0.52,0.51,0.52,0.61
Wollemia,Araucariaceae,Cupressales,Gymnosperms,1,1,1,1,0.48,0.48,0.49,0.47
Chamissoa,Amaranthaceae,Caryophyllales,Angiosperms,2,1,2,2,0.57,0.57,0.56,0.5
Anemopaegma,Bignoniaceae,Lamiales,Angiosperms,1,1,1,1,0.56,0.56,0.55,0.58
Marcgravia,Marcgraviaceae,Ericales,Angiosperms,6,1,5,5,0.44,0.45,0.47,0.45
Platycarpum,Rubiaceae,Gentianales,Angiosperms,2,1,2,2,0.69,0.69,0.64,0.73
Erato,Asteraceae,Asterales,Angiosperms,5,1,1,1,0.5,0.5,0.51,0.47
Monnina,Polygalaceae,Fabales,Angiosperms,3,2,3,3,0.54,0.54,0.54,0.51
Monticalia,Asteraceae,Asterales,Angiosperms,3,1,1,1,0.71,0.71,0.65,0.78
Phragmotheca,Malvaceae,Malvales,Angiosperms,1,1,1,1,0.56,0.57,0.55,0.65
Pentaplaris,Malvaceae,Malvales,Angiosperms,1,1,1,1,0.64,0.64,0.6,0.82
Cuspidaria,Bignoniaceae,Lamiales,Angiosperms,3,2,3,3,0.49,0.49,0.5,0.48
Guilandina,Fabaceae,Fabales,Angiosperms,2,1,2,2,0.49,0.49,0.5,0.36
Elaeoluma,Sapotaceae,Ericales,Angiosperms,2,2,2,2,0.64,0.64,0.6,0.64
Dolichandra,Bignoniaceae,Lamiales,Angiosperms,2,1,2,2,0.56,0.57,0.55,0.62
Thaumatophyllum,Araceae,Alismatales,Angiosperms,1,1,1,1,0.38,0.37,0.41,0.36
Satyria,Ericaceae,Ericales,Angiosperms,1,1,1,1,0.6,0.6,0.58,0.62
Trigonia,Trigoniaceae,Malpighiales,Angiosperms,4,1,2,2,0.53,0.53,0.54,0.52
Trigynaea,Annonaceae,Magnoliales,Angiosperms,3,1,2,2,0.54,0.55,0.54,0.55
Barkleyanthus,Asteraceae,Asterales,Angiosperms,1,1,1,1,0.57,0.57,0.56,0.64
Telanthophora,Asteraceae,Asterales,Angiosperms,1,1,1,1,0.53,0.53,0.53,0.5
Niedenzuella,Malpighiaceae,Malpighiales,Angiosperms,1,1,1,1,0.56,0.56,0.55,0.54
Alicia,Malpighiaceae,Malpighiales,Angiosperms,1,1,1,1,0.52,0.52,0.52,0.41
Ampelozizyphus,Rhamnaceae,Rosales,Angiosperms,2,1,1,1,0.64,0.64,0.6,0.64
Dioclea,Fabaceae,Fabales,Angiosperms,1,1,1,1,0.48,0.48,0.5,0.29
Hesperothamnus,Fabaceae,Fabales,Angiosperms,1,1,1,1,0.65,0.65,0.62,0.66
Lundia,Bignoniaceae,Lamiales,Angiosperms,2,1,2,2,0.56,0.57,0.55,0.6
Malanea,Rubiaceae,Gentianales,Angiosperms,1,1,1,1,0.64,0.64,0.61,0.68
Mansoa,Bignoniaceae,Lamiales,Angiosperms,3,2,3,3,0.45,0.45,0.48,0.46
Moutabea,Polygalaceae,Fabales,Angiosperms,4,2,2,2,0.62,0.62,0.62,0.62
Retiniphyllum,Rubiaceae,Gentianales,Angiosperms,1,1,1,1,0.68,0.68,0.64,0.78
Dendrosenecio,Asteraceae,Asterales,Angiosperms,2,1,1,1,0.49,0.49,0.5,0.42
Pedersenia,Amaranthaceae,Caryophyllales,Angiosperms,1,1,1,1,0.65,0.65,0.62,0.66
Psammisia,Ericaceae,Ericales,Angiosperms,1,1,1,1,0.62,0.63,0.6,0.64
Rheedia,Clusiaceae,Malpighiales,Angiosperms,1,1,1,1,0.61,0.62,0.59,0.61
Cyrillopsis,Ixonanthaceae,Malpighiales,Angiosperms,2,1,1,1,0.73,0.74,0.68,0.76
Dolicholobium,Rubiaceae,Gentianales,Angiosperms,1,1,1,1,0.57,0.57,0.56,0.53
Hydriastele,Arecaceae,Arecales,Angiosperms,1,1,1,1,0.42,0.42,0.45,0.28
Leucosyke,Urticaceae,Rosales,Angiosperms,1,1,1,1,0.42,0.42,0.45,0.46
Nyctanthes,Oleaceae,Lamiales,Angiosperms,2,2,1,2,0.65,0.65,0.62,0.65
Myrrhinium,Myrtaceae,Myrtales,Angiosperms,6,1,1,1,0.71,0.7,0.65,0.67
Ditaxis,Euphorbiaceae,Malpighiales,Angiosperms,12,2,1,2,0.69,0.69,0.63,0.84
Helicteres,Malvaceae,Malvales,Angiosperms,9,5,2,5,0.56,0.56,0.58,0.58
Hyptis,Lamiaceae,Lamiales,Angiosperms,5,2,2,2,0.55,0.56,0.55,0.65
Waltheria,Malvaceae,Malvales,Angiosperms,3,1,1,1,0.52,0.52,0.52,0.58
Cheirodendron,Araliaceae,Apiales,Angiosperms,4,2,1,2,0.5,0.49,0.5,0.43
Clermontia,Campanulaceae,Asterales,Angiosperms,3,1,1,1,0.4,0.37,0.4,0.23
Kadua,Rubiaceae,Gentianales,Angiosperms,5,2,1,2,0.5,0.49,0.5,0.36
Osteomeles,Rosaceae,Rosales,Angiosperms,8,2,2,2,0.66,0.66,0.61,0.64
Ateleia,Fabaceae,Fabales,Angiosperms,2,2,2,2,0.69,0.71,0.64,0.69
Karwinskia,Rhamnaceae,Rosales,Angiosperms,3,3,2,3,0.73,0.73,0.67,0.81
Asparagus,Asparagaceae,Asparagales,Angiosperms,3,2,2,2,0.63,0.63,0.59,0.69
Meriandra,Lamiaceae,Lamiales,Angiosperms,1,1,1,1,0.44,0.44,0.47,0.4
Triumfetta,Malvaceae,Malvales,Angiosperms,1,1,1,1,0.58,0.58,0.56,0.75
Machaonia,Rubiaceae,Gentianales,Angiosperms,1,1,1,1,0.74,0.74,0.68,0.99
Zapoteca,Fabaceae,Fabales,Angiosperms,1,1,1,1,0.62,0.62,0.59,0.67
Pterandra,Malpighiaceae,Malpighiales,Angiosperms,10,1,1,2,0.61,0.61,0.59,0.58
Gonzalagunia,Rubiaceae,Gentianales,Angiosperms,1,1,1,1,0.65,0.65,0.61,0.69
Roystonea,Arecaceae,Arecales,Angiosperms,2,2,2,2,0.62,0.62,0.58,0.67
Cibotium,Cibotiaceae,Cyatheales,Pteridophytes,3,1,1,1,0.3,0.31,0.37,0.21
Craibiodendron,Ericaceae,Ericales,Angiosperms,4,3,2,3,0.62,0.63,0.59,0.6
Sinosideroxylon,Sapotaceae,Ericales,Angiosperms,1,1,1,1,0.77,0.77,0.69,0.89
Caryota,Arecaceae,Arecales,Angiosperms,1,1,1,1,0.49,0.5,0.49,0.43
Dobinea,Anacardiaceae,Sapindales,Angiosperms,1,1,1,1,0.63,0.64,0.62,0.75
Aganosma,Apocynaceae,Gentianales,Angiosperms,1,1,1,1,0.52,0.52,0.52,0.45
Amalocalyx,Apocynaceae,Gentianales,Angiosperms,1,1,1,1,0.46,0.46,0.48,0.32
Apo,unknown_21,"","",1,1,1,1,0.51,0.51,0.51,0.39
Argyreia,Convolvulaceae,Solanales,Angiosperms,1,1,1,1,0.48,0.48,0.49,0.35
Aspidopterys,Malpighiaceae,Malpighiales,Angiosperms,1,1,1,1,0.54,0.55,0.54,0.41
Cheniella,Fabaceae,Fabales,Angiosperms,13,2,1,2,0.5,0.5,0.52,0.33
Benkara,Rubiaceae,Gentianales,Angiosperms,4,2,2,2,0.64,0.65,0.61,0.61
Byttneria,Malvaceae,Malvales,Angiosperms,1,1,1,1,0.5,0.5,0.5,0.42
Callerya,Fabaceae,Fabales,Angiosperms,1,1,1,1,0.63,0.63,0.6,0.5
Wisteriopsis,Fabaceae,Fabales,Angiosperms,1,1,1,1,0.61,0.61,0.59,0.46
Chonemorpha,Apocynaceae,Gentianales,Angiosperms,1,1,1,1,0.54,0.54,0.53,0.49
Craspedolobium,Fabaceae,Fabales,Angiosperms,1,1,1,1,0.6,0.6,0.58,0.44
Diploclisia,Menispermaceae,Ranunculales,Angiosperms,1,1,1,1,0.52,0.52,0.52,0.43
Gymnema,Apocynaceae,Gentianales,Angiosperms,1,1,1,1,0.51,0.51,0.51,0.42
Hiptage,Malpighiaceae,Malpighiales,Angiosperms,1,1,1,1,0.63,0.63,0.6,0.59
Hodgsonia,Cucurbitaceae,Cucurbitales,Angiosperms,1,1,1,1,0.38,0.38,0.41,0.32
Lonicera,Caprifoliaceae,Dipsacales,Angiosperms,66,3,3,3,0.68,0.68,0.63,0.65
Mappianthus,Icacinaceae,Icacinales,Angiosperms,1,1,1,1,0.59,0.59,0.57,0.55
Opilia,Opiliaceae,Santalales,Angiosperms,1,1,1,1,0.56,0.56,0.55,0.44
Paramignya,Rutaceae,Sapindales,Angiosperms,1,1,1,1,0.66,0.66,0.62,0.56
Pegia,Anacardiaceae,Sapindales,Angiosperms,1,1,1,1,0.5,0.51,0.51,0.34
Pericampylus,Menispermaceae,Ranunculales,Angiosperms,1,1,1,1,0.52,0.52,0.52,0.42
Pueraria,Fabaceae,Fabales,Angiosperms,1,1,1,1,0.55,0.55,0.55,0.34
Sabia,Sabiaceae,Proteales,Angiosperms,1,1,1,1,0.5,0.5,0.51,0.36
Sageretia,Rhamnaceae,Rosales,Angiosperms,2,2,2,2,0.62,0.62,0.59,0.52
Spatholobus,Fabaceae,Fabales,Angiosperms,1,1,1,1,0.57,0.57,0.56,0.38
Stixis,Resedaceae,Brassicales,Angiosperms,1,1,1,1,0.57,0.57,0.56,0.46
Thunbergia,Acanthaceae,Lamiales,Angiosperms,1,1,1,1,0.46,0.46,0.48,0.31
Tinomiscium,Menispermaceae,Ranunculales,Angiosperms,1,1,1,1,0.49,0.49,0.5,0.36
Tridynamia,Convolvulaceae,Solanales,Angiosperms,1,1,1,1,0.47,0.47,0.49,0.34
Urceola,Apocynaceae,Gentianales,Angiosperms,2,1,1,1,0.49,0.49,0.49,0.39
Dalea,Fabaceae,Fabales,Angiosperms,1,1,1,1,0.73,0.74,0.67,0.88
Acanthostyles,Asteraceae,Asterales,Angiosperms,2,1,1,2,0.49,0.49,0.5,0.46
Gaylussacia,Ericaceae,Ericales,Angiosperms,2,2,2,2,0.64,0.64,0.62,0.68
Mulguraea,Verbenaceae,Lamiales,Angiosperms,1,1,1,1,0.54,0.55,0.54,0.58
Porlieria,Zygophyllaceae,Zygophyllales,Angiosperms,3,3,3,3,0.78,0.78,0.71,0.81
Pseudabutilon,Malvaceae,Malvales,Angiosperms,1,1,1,1,0.53,0.54,0.53,0.61
Imbralyx,Fabaceae,Fabales,Angiosperms,2,2,2,2,0.76,0.76,0.69,0.86
Itea,Iteaceae,Saxifragales,Angiosperms,13,3,2,3,0.58,0.58,0.57,0.54
Disepalum,Annonaceae,Magnoliales,Angiosperms,2,1,1,1,0.43,0.41,0.43,0.29
Rehderodendron,Styracaceae,Ericales,Angiosperms,2,1,1,1,0.47,0.47,0.47,0.45
Adenodolichos,Fabaceae,Fabales,Angiosperms,1,1,1,1,0.62,0.62,0.6,0.51
Pygmaeothamnus,Rubiaceae,Gentianales,Angiosperms,1,1,1,1,0.69,0.69,0.64,0.71
Cleistochlamys,Annonaceae,Magnoliales,Angiosperms,1,1,1,1,0.66,0.65,0.63,0.71
Erytropheum,unknown_22,"","",1,1,1,1,0.68,0.68,0.63,0.75
Scyphosyce,Moraceae,Rosales,Angiosperms,1,1,1,1,0.56,0.57,0.55,0.58
Heynea,Meliaceae,Sapindales,Angiosperms,1,1,1,1,0.58,0.59,0.57,0.58
Dendrocalamus,Poaceae,Poales,Angiosperms,1,1,1,1,0.53,0.53,0.53,0.57
Debregeasia,Urticaceae,Rosales,Angiosperms,6,2,2,2,0.4,0.4,0.43,0.35
Melhania,Malvaceae,Malvales,Angiosperms,1,1,1,1,0.58,0.59,0.56,0.67
Acanthoprasium,Lamiaceae,Lamiales,Angiosperms,1,1,1,1,0.53,0.53,0.53,0.5
Achillea,Asteraceae,Asterales,Angiosperms,2,1,1,1,0.45,0.45,0.47,0.38
Alhagi,Fabaceae,Fabales,Angiosperms,2,1,1,1,0.55,0.55,0.55,0.47
Odontarrhena,Brassicaceae,Brassicales,Angiosperms,4,1,1,1,0.58,0.58,0.56,0.58
Anagyris,Fabaceae,Fabales,Angiosperms,1,1,1,1,0.63,0.63,0.6,0.58
Antirrhinum,Plantaginaceae,Lamiales,Angiosperms,1,1,1,1,0.5,0.5,0.51,0.43
Arabis,Brassicaceae,Brassicales,Angiosperms,2,1,1,1,0.44,0.44,0.46,0.36
Argyrolobium,Fabaceae,Fabales,Angiosperms,1,1,1,1,0.67,0.67,0.63,0.67
Arthrocnemum,Amaranthaceae,Caryophyllales,Angiosperms,1,1,1,1,0.66,0.67,0.63,0.67
Arundo,Poaceae,Poales,Angiosperms,1,1,1,1,0.59,0.59,0.57,0.62
Thliphthisa,Rubiaceae,Gentianales,Angiosperms,1,1,1,1,0.57,0.58,0.56,0.51
Bosea,Amaranthaceae,Caryophyllales,Angiosperms,1,1,1,1,0.59,0.59,0.58,0.5
Brassica,Brassicaceae,Brassicales,Angiosperms,1,1,1,1,0.58,0.59,0.56,0.63
Clinopodium,Lamiaceae,Lamiales,Angiosperms,1,1,1,1,0.48,0.48,0.49,0.4
Calicotome,Fabaceae,Fabales,Angiosperms,1,1,1,1,0.64,0.65,0.61,0.61
Centaurea,Asteraceae,Asterales,Angiosperms,1,1,1,1,0.44,0.44,0.47,0.3
Cichorium,Asteraceae,Asterales,Angiosperms,1,1,1,1,0.46,0.46,0.48,0.33
Commidendrum,Asteraceae,Asterales,Angiosperms,1,1,1,1,0.6,0.6,0.58,0.68
Convolvulus,Convolvulaceae,Solanales,Angiosperms,4,1,1,1,0.57,0.57,0.55,0.6
Periploca,Apocynaceae,Gentianales,Angiosperms,1,1,1,1,0.45,0.45,0.47,0.36
Dianthus,Caryophyllaceae,Caryophyllales,Angiosperms,1,1,1,1,0.49,0.49,0.5,0.43
Dittrichia,Asteraceae,Asterales,Angiosperms,1,1,1,1,0.52,0.53,0.53,0.48
Echium,Boraginaceae,Boraginales,Angiosperms,1,1,1,1,0.48,0.48,0.5,0.41
Erysimum,Brassicaceae,Brassicales,Angiosperms,1,1,1,1,0.5,0.5,0.51,0.44
Frankenia,Frankeniaceae,Caryophyllales,Angiosperms,1,1,1,1,0.53,0.53,0.53,0.5
Glycyrrhiza,Fabaceae,Fabales,Angiosperms,1,1,1,1,0.62,0.62,0.6,0.56
Halocnemum,Amaranthaceae,Caryophyllales,Angiosperms,1,1,1,1,0.82,0.82,0.73,1
Hedysarum,Fabaceae,Fabales,Angiosperms,1,1,1,1,0.52,0.52,0.52,0.33
Hirtellina,Asteraceae,Asterales,Angiosperms,1,1,1,1,0.62,0.62,0.59,0.69
Limbarda,Asteraceae,Asterales,Angiosperms,1,1,1,1,0.52,0.52,0.52,0.47
Lithodora,Boraginaceae,Boraginales,Angiosperms,1,1,1,1,0.59,0.6,0.57,0.65
Lomelosia,Caprifoliaceae,Dipsacales,Angiosperms,1,1,1,1,0.57,0.57,0.56,0.53
Malva,Malvaceae,Malvales,Angiosperms,1,1,1,1,0.49,0.5,0.5,0.48
Micromeria,Lamiaceae,Lamiales,Angiosperms,4,1,1,1,0.65,0.65,0.61,0.66
Nepeta,Lamiaceae,Lamiales,Angiosperms,1,1,1,1,0.48,0.48,0.49,0.39
Noaea,Amaranthaceae,Caryophyllales,Angiosperms,1,1,1,1,0.75,0.75,0.69,0.86
Odontites,Orobanchaceae,Lamiales,Angiosperms,1,1,1,1,0.52,0.53,0.52,0.5
Ononis,Fabaceae,Fabales,Angiosperms,1,1,1,1,0.55,0.55,0.55,0.41
Onosma,Boraginaceae,Boraginales,Angiosperms,3,1,1,1,0.54,0.54,0.53,0.53
Origanum,Lamiaceae,Lamiales,Angiosperms,3,1,1,1,0.54,0.54,0.53,0.53
Phagnalon,Asteraceae,Asterales,Angiosperms,1,1,1,1,0.72,0.72,0.66,0.9
Phragmites,Poaceae,Poales,Angiosperms,1,1,1,1,0.64,0.64,0.6,0.73
Plocama,Rubiaceae,Gentianales,Angiosperms,1,1,1,1,0.51,0.51,0.52,0.37
Plumbago,Plumbaginaceae,Caryophyllales,Angiosperms,2,1,1,1,0.43,0.43,0.46,0.36
Polygonum,Polygonaceae,Caryophyllales,Angiosperms,1,1,1,1,0.61,0.61,0.58,0.61
Prasium,Lamiaceae,Lamiales,Angiosperms,1,1,1,1,0.53,0.53,0.53,0.5
Pterocephalus,Caprifoliaceae,Dipsacales,Angiosperms,2,1,1,1,0.55,0.55,0.54,0.49
Ptilostemon,Asteraceae,Asterales,Angiosperms,1,1,1,1,0.62,0.62,0.59,0.69
Rubia,Rubiaceae,Gentianales,Angiosperms,1,1,1,1,0.5,0.5,0.51,0.35
Ruscus,Asparagaceae,Asparagales,Angiosperms,1,1,1,1,0.51,0.51,0.51,0.52
Ruta,Rutaceae,Sapindales,Angiosperms,1,1,1,1,0.66,0.66,0.62,0.64
Halosarcia,Amaranthaceae,Caryophyllales,Angiosperms,1,1,1,1,0.76,0.76,0.69,0.87
Sarcocornia,Amaranthaceae,Caryophyllales,Angiosperms,1,1,1,1,0.65,0.66,0.62,0.65
Sarcopoterium,Rosaceae,Rosales,Angiosperms,1,1,1,1,0.61,0.61,0.59,0.55
Satureja,Lamiaceae,Lamiales,Angiosperms,1,1,1,1,0.62,0.62,0.59,0.7
Silene,Caryophyllaceae,Caryophyllales,Angiosperms,2,1,1,1,0.52,0.52,0.52,0.5
Suaeda,Amaranthaceae,Caryophyllales,Angiosperms,2,1,1,1,0.6,0.6,0.58,0.55
Thymbra,Lamiaceae,Lamiales,Angiosperms,1,1,1,1,0.55,0.55,0.54,0.55
Vinca,Apocynaceae,Gentianales,Angiosperms,1,1,1,1,0.4,0.41,0.44,0.27
Averrhoidium,Sapindaceae,Sapindales,Angiosperms,1,1,1,1,0.77,0.78,0.72,0.85
Banisteriopsis,Malpighiaceae,Malpighiales,Angiosperms,1,1,1,1,0.67,0.67,0.64,0.74
Brunfelsia,Solanaceae,Solanales,Angiosperms,1,1,1,1,0.56,0.55,0.54,0.57
Leucochloron,Fabaceae,Fabales,Angiosperms,2,1,1,1,0.68,0.68,0.64,0.66
Eriope,Lamiaceae,Lamiales,Angiosperms,1,1,1,1,0.51,0.51,0.5,0.5
Hypenia,Lamiaceae,Lamiales,Angiosperms,1,1,1,1,0.51,0.51,0.51,0.51
Marcetia,Melastomataceae,Myrtales,Angiosperms,1,1,1,1,0.55,0.55,0.54,0.54
Microstachys,Euphorbiaceae,Malpighiales,Angiosperms,1,1,1,1,0.48,0.48,0.47,0.44
Thyrsacanthus,Acanthaceae,Lamiales,Angiosperms,2,1,1,1,0.5,0.49,0.5,0.52
Acmanthera,Malpighiaceae,Malpighiales,Angiosperms,1,1,1,1,0.61,0.62,0.59,0.66
Adiscanthus,Rutaceae,Sapindales,Angiosperms,1,1,1,1,0.72,0.72,0.66,0.79
Asteranthos,Lecythidaceae,Ericales,Angiosperms,1,1,1,1,0.62,0.62,0.59,0.64
Goniodiscus,Celastraceae,Celastrales,Angiosperms,1,1,1,1,0.59,0.59,0.58,0.56
Henriquezia,Rubiaceae,Gentianales,Angiosperms,1,1,1,1,0.65,0.65,0.61,0.7
Heterostemon,Fabaceae,Fabales,Angiosperms,1,1,1,1,0.62,0.62,0.59,0.58
Micrandropsis,Euphorbiaceae,Malpighiales,Angiosperms,1,1,1,1,0.74,0.74,0.66,0.99
Microplumeria,Apocynaceae,Gentianales,Angiosperms,1,1,1,1,0.59,0.59,0.56,0.7
Ochthocosmus,Ixonanthaceae,Malpighiales,Angiosperms,1,1,1,1,0.68,0.68,0.63,0.7
Arenga,Arecaceae,Arecales,Angiosperms,3,1,1,1,0.35,0.35,0.4,0.15
Laportea,Urticaceae,Rosales,Angiosperms,5,1,1,1,0.52,0.52,0.51,0.56
Bredia,Melastomataceae,Myrtales,Angiosperms,4,1,1,1,0.51,0.51,0.52,0.41
Tashiroea,Melastomataceae,Myrtales,Angiosperms,10,1,1,1,0.53,0.53,0.53,0.47
Buckleya,Santalaceae,Santalales,Angiosperms,5,1,1,1,0.71,0.72,0.66,0.71
Cocculus,Menispermaceae,Ranunculales,Angiosperms,5,1,1,1,0.56,0.56,0.55,0.54
Leptodesmia,Fabaceae,Fabales,Angiosperms,5,1,1,1,0.62,0.63,0.6,0.55
Corylopsis,Hamamelidaceae,Saxifragales,Angiosperms,15,1,1,1,0.56,0.56,0.55,0.49
Crossostephium,Asteraceae,Asterales,Angiosperms,5,1,1,1,0.56,0.56,0.55,0.51
Cycas,Cycadaceae,Cycadales,Gymnosperms,3,1,1,1,0.35,0.35,0.4,0.21
Damnacanthus,Rubiaceae,Gentianales,Angiosperms,15,1,1,1,0.61,0.61,0.59,0.56
Dendrolobium,Fabaceae,Fabales,Angiosperms,5,1,1,1,0.73,0.74,0.67,0.74
Grona,Fabaceae,Fabales,Angiosperms,5,1,1,1,0.66,0.67,0.62,0.62
Deutzia,Hydrangeaceae,Cornales,Angiosperms,24,1,1,1,0.63,0.63,0.6,0.58
Linnaea,Caprifoliaceae,Dipsacales,Angiosperms,10,1,1,1,0.65,0.66,0.62,0.63
Dionycha,Melastomataceae,Myrtales,Angiosperms,1,1,1,1,0.52,0.52,0.52,0.33
Disanthus,Hamamelidaceae,Saxifragales,Angiosperms,4,1,1,1,0.61,0.61,0.58,0.54
Edgeworthia,Thymelaeaceae,Malvales,Angiosperms,5,1,1,1,0.4,0.4,0.44,0.28
Eleutherococcus,Araliaceae,Apiales,Angiosperms,14,1,1,1,0.52,0.52,0.52,0.47
Elliottia,Ericaceae,Ericales,Angiosperms,5,1,1,1,0.54,0.54,0.54,0.44
Enkianthus,Ericaceae,Ericales,Angiosperms,10,1,1,1,0.59,0.6,0.58,0.54
Euchresta,Fabaceae,Fabales,Angiosperms,4,1,1,1,0.55,0.55,0.55,0.46
Fatsia,Araliaceae,Apiales,Angiosperms,5,1,1,1,0.42,0.42,0.45,0.34
Flemingia,Fabaceae,Fabales,Angiosperms,5,1,1,1,0.66,0.67,0.62,0.62
Forsythia,Oleaceae,Lamiales,Angiosperms,10,1,1,1,0.61,0.61,0.59,0.54
Helwingia,Helwingiaceae,Aquifoliales,Angiosperms,5,1,1,1,0.58,0.58,0.56,0.54
Leptodermis,Rubiaceae,Gentianales,Angiosperms,1,1,1,1,0.67,0.68,0.63,0.69
Leucothoe,Ericaceae,Ericales,Angiosperms,5,1,1,1,0.5,0.51,0.51,0.37
Livistona,Arecaceae,Arecales,Angiosperms,2,1,1,1,0.37,0.37,0.42,0.16
Weigela,Caprifoliaceae,Dipsacales,Angiosperms,25,1,1,1,0.52,0.52,0.52,0.46
Nandina,Berberidaceae,Ranunculales,Angiosperms,4,1,1,1,0.67,0.67,0.63,0.64
Ohwia,Fabaceae,Fabales,Angiosperms,3,1,1,1,0.69,0.69,0.64,0.66
Oplopanax,Araliaceae,Apiales,Angiosperms,1,1,1,1,0.42,0.42,0.45,0.32
Oreocnide,Urticaceae,Rosales,Angiosperms,10,1,1,1,0.37,0.38,0.42,0.32
Paliurus,Rhamnaceae,Rosales,Angiosperms,5,1,1,1,0.63,0.63,0.6,0.56
Pandanus,Pandanaceae,Pandanales,Angiosperms,3,1,1,1,0.25,0.25,0.33,0.1
Pertya,Asteraceae,Asterales,Angiosperms,3,1,1,1,0.47,0.48,0.49,0.36
Prinsepia,Rosaceae,Rosales,Angiosperms,5,1,1,1,0.75,0.75,0.68,0.77
Rhodotypos,Rosaceae,Rosales,Angiosperms,1,1,1,1,0.67,0.68,0.63,0.65
Saldinia,Rubiaceae,Gentianales,Angiosperms,1,1,1,1,0.52,0.53,0.53,0.3
Sarcandra,Chloranthaceae,Chloranthales,Angiosperms,5,1,1,1,0.32,0.33,0.38,0.24
Skimmia,Rutaceae,Sapindales,Angiosperms,5,1,1,1,0.61,0.61,0.59,0.52
Sorbaria,Rosaceae,Rosales,Angiosperms,5,1,1,1,0.55,0.56,0.55,0.43
Neillia,Rosaceae,Rosales,Angiosperms,5,1,1,1,0.55,0.56,0.55,0.44
Trachycarpus,Arecaceae,Arecales,Angiosperms,3,1,1,1,0.39,0.39,0.43,0.21
Uraria,Fabaceae,Fabales,Angiosperms,5,1,1,1,0.48,0.48,0.5,0.3
Mucoa,Apocynaceae,Gentianales,Angiosperms,1,1,1,1,0.53,0.51,0.51,0.61
Tetrameranthus,Annonaceae,Magnoliales,Angiosperms,1,1,1,1,0.57,0.58,0.56,0.64
Barnadesia,Asteraceae,Asterales,Angiosperms,1,1,1,1,0.56,0.57,0.55,0.6
Cavendishia,Ericaceae,Ericales,Angiosperms,1,1,1,1,0.66,0.66,0.62,0.72
Chelyocarpus,Arecaceae,Arecales,Angiosperms,1,1,1,1,0.46,0.46,0.48,0.39
Condaminea,Rubiaceae,Gentianales,Angiosperms,1,1,1,1,0.61,0.61,0.59,0.62
Cyathea,Cyatheaceae,Cyatheales,Pteridophytes,2,1,1,1,0.37,0.37,0.41,0.37
Cyathostegia,Fabaceae,Fabales,Angiosperms,1,1,1,1,0.61,0.61,0.59,0.57
Dialypetalanthus,Rubiaceae,Gentianales,Angiosperms,1,1,1,1,0.61,0.62,0.59,0.63
Dictyocaryum,Arecaceae,Arecales,Angiosperms,1,1,1,1,0.49,0.49,0.5,0.44
Haydenoxylon,Celastraceae,Celastrales,Angiosperms,1,1,1,1,0.66,0.66,0.62,0.72
Hillia,Rubiaceae,Gentianales,Angiosperms,1,1,1,1,0.6,0.6,0.58,0.6
Joosia,Rubiaceae,Gentianales,Angiosperms,1,1,1,1,0.54,0.54,0.54,0.47
Macrocarpaea,Gentianaceae,Gentianales,Angiosperms,1,1,1,1,0.61,0.61,0.59,0.59
Hawkesiophyton,Solanaceae,Solanales,Angiosperms,1,1,1,1,0.5,0.5,0.5,0.48
Nordenstamia,Asteraceae,Asterales,Angiosperms,1,1,1,1,0.56,0.57,0.55,0.6
Phenakospermum,Strelitziaceae,Zingiberales,Angiosperms,1,1,1,1,0.51,0.51,0.51,0.59
Phytelephas,Arecaceae,Arecales,Angiosperms,1,1,1,1,0.46,0.46,0.48,0.39
Ruptiliocarpon,Lepidobotryaceae,Celastrales,Angiosperms,1,1,1,1,0.59,0.59,0.57,0.64
Saracha,Solanaceae,Solanales,Angiosperms,1,1,1,1,0.53,0.53,0.53,0.56
Siphocampylus,Campanulaceae,Asterales,Angiosperms,1,1,1,1,0.54,0.54,0.53,0.65
Styloceras,Buxaceae,Buxales,Angiosperms,1,1,1,1,0.62,0.63,0.6,0.64
Tibouchina,Melastomataceae,Myrtales,Angiosperms,1,1,1,1,0.6,0.6,0.58,0.64
Vallea,Elaeocarpaceae,Oxalidales,Angiosperms,1,1,1,1,0.65,0.65,0.61,0.75
Reutealis,Euphorbiaceae,Malpighiales,Angiosperms,1,1,1,1,0.48,0.48,0.49,0.43
Amoora,Meliaceae,Sapindales,Angiosperms,2,1,1,1,0.55,0.56,0.55,0.56
Poeciloneuron,Calophyllaceae,Malpighiales,Angiosperms,1,1,1,1,0.75,0.76,0.69,0.9
Atalantia,Rutaceae,Sapindales,Angiosperms,2,1,1,1,0.72,0.72,0.66,0.81
Brugmansia,Solanaceae,Solanales,Angiosperms,1,1,1,1,0.49,0.49,0.5,0.5
Harpalyce,Fabaceae,Fabales,Angiosperms,1,1,1,1,0.75,0.76,0.68,0.87
Humboldtia,Fabaceae,Fabales,Angiosperms,1,1,1,1,0.67,0.67,0.63,0.72
Nothopegia,Anacardiaceae,Sapindales,Angiosperms,1,1,1,1,0.64,0.65,0.61,0.77
Otonephelium,Sapindaceae,Sapindales,Angiosperms,1,1,1,1,0.69,0.7,0.65,0.75
Pleiospermium,Rutaceae,Sapindales,Angiosperms,2,1,1,1,0.75,0.76,0.69,0.89
Visnea,Pentaphylacaceae,Ericales,Angiosperms,1,1,1,1,0.67,0.67,0.63,0.76
Bernardia,Euphorbiaceae,Malpighiales,Angiosperms,1,1,1,1,0.66,0.67,0.62,0.85
Conzattia,Fabaceae,Fabales,Angiosperms,1,1,1,1,0.53,0.54,0.54,0.41
Coutaportla,Rubiaceae,Gentianales,Angiosperms,1,1,1,1,0.7,0.7,0.65,0.82
Gochnatia,Asteraceae,Asterales,Angiosperms,1,1,1,1,0.7,0.7,0.64,0.9
Gymnosperma,Asteraceae,Asterales,Angiosperms,1,1,1,1,0.66,0.66,0.62,0.82
Leucophyllum,Scrophulariaceae,Lamiales,Angiosperms,1,1,1,1,0.62,0.63,0.6,0.68
Ptelea,Rutaceae,Sapindales,Angiosperms,2,2,2,2,0.69,0.69,0.64,0.73
Maburea,Olacaceae,Santalales,Angiosperms,1,1,1,1,0.73,0.73,0.67,0.79
Poecilandra,Ochnaceae,Malpighiales,Angiosperms,1,1,1,1,0.75,0.76,0.69,0.81
Phoenix,Arecaceae,Arecales,Angiosperms,1,1,1,1,0.52,0.52,0.52,0.49
Corypha,Arecaceae,Arecales,Angiosperms,1,1,1,1,0.56,0.56,0.55,0.59
Planera,Ulmaceae,Rosales,Angiosperms,2,2,2,2,0.56,0.56,0.55,0.49
Yucca,Asparagaceae,Asparagales,Angiosperms,5,2,2,2,0.43,0.43,0.46,0.42
Canotia,Celastraceae,Celastrales,Angiosperms,1,1,1,1,0.61,0.61,0.59,0.6
Carnegiea,Cactaceae,Caryophyllales,Angiosperms,1,1,1,1,0.38,0.38,0.42,0.3
Cliftonia,Cyrillaceae,Ericales,Angiosperms,1,1,1,1,0.56,0.56,0.55,0.54
Mosiera,Myrtaceae,Myrtales,Angiosperms,1,1,1,1,0.88,0.89,0.77,1.07
Fremontodendron,Malvaceae,Malvales,Angiosperms,1,1,1,1,0.55,0.55,0.54,0.62
Casasia,Rubiaceae,Gentianales,Angiosperms,1,1,1,1,0.74,0.74,0.68,0.89
Cartrema,Oleaceae,Lamiales,Angiosperms,1,1,1,1,0.68,0.68,0.64,0.7
Pinckneya,Rubiaceae,Gentianales,Angiosperms,1,1,1,1,0.54,0.54,0.54,0.46
Schaefferia,Celastraceae,Celastrales,Angiosperms,1,1,1,1,0.64,0.65,0.61,0.67
Dermatophyllum,Fabaceae,Fabales,Angiosperms,1,1,1,1,0.75,0.75,0.68,0.85
Coccothrinax,Arecaceae,Arecales,Angiosperms,1,1,1,1,0.57,0.58,0.56,0.62
Thrinax,Arecaceae,Arecales,Angiosperms,1,1,1,1,0.53,0.53,0.52,0.52
Ungnadia,Sapindaceae,Sapindales,Angiosperms,1,1,1,1,0.62,0.62,0.59,0.55
Vauquelinia,Rosaceae,Rosales,Angiosperms,1,1,1,1,0.8,0.81,0.72,0.99
Washingtonia,Arecaceae,Arecales,Angiosperms,1,1,1,1,0.5,0.5,0.5,0.45
