treatment,site,block,plot,tree_id,family,scientific_name,height_m,DBH1_cm,DBH2_cm,DBH3_cm,DBH4_cm,DBH5_cm,DBH6_cm,DBH7_cm,DBH8_cm,DBH9_cm,DBH10_cm,DBH11_cm
SAFT,2,1,1,1,Fabaceae,Piptadenia gonoacantha (Mart.) J.F.Macbr.,8.8,6.1,,,,,,,,,,
SAFT,2,1,1,2,Fabaceae,Piptadenia gonoacantha (Mart.) J.F.Macbr.,5.3,6.6,6.6,,,,,,,,,
SAFT,2,1,1,3,Fabaceae,Mimosa caesalpininiifolia Benth.,11.3,19.7,23.0,8.0,6.7,11.7,8.1,8.3,8.0,,,
SAFT,2,1,1,4,Fabaceae,Mimosa caesalpininiifolia Benth.,9.6,5.8,,,,,,,,,,
SAFT,2,1,1,5,Fabaceae,Anadenanthera colubrina var. cebil (Griseb.) Altschul,9.8,9.9,,,,,,,,,,
SAFT,2,1,1,6,Fabaceae,Enterolobium contortisiliquum (Vell.) Morong,12.5,18.7,,,,,,,,,,
SAFT,2,1,1,7,Fabaceae,Mimosa caesalpininiifolia Benth.,9.4,6.2,6.0,4.5,,,,,,,,
SAFT,2,1,1,8,Fabaceae,Mimosa caesalpininiifolia Benth.,9.4,21.8,15.5,14.9,11.6,,,,,,,
SAFT,2,1,2,9,Fabaceae,Mimosa caesalpininiifolia Benth.,12.4,11.5,19.8,22.5,22.0,,,,,,,
SAFT,2,1,2,10,Fabaceae,Mimosa caesalpininiifolia Benth.,9.0,3.9,4.4,10.2,4.2,,,,,,,
SAFT,2,1,2,11,Fabaceae,Mimosa caesalpininiifolia Benth.,11.5,25.1,3.5,,,,,,,,,
SAFT,2,1,2,12,Fabaceae,Mimosa caesalpininiifolia Benth.,11.0,10.6,,,,,,,,,,
SAFT,2,1,2,13,Fabaceae,Mimosa caesalpininiifolia Benth.,8.6,5.1,,,,,,,,,,
SAFT,2,1,2,14,Fabaceae,Mimosa caesalpininiifolia Benth.,13.2,14.9,15.0,11.7,15.8,,,,,,,
SAFT,2,1,2,15,Fabaceae,Hymenaea courbaril L.,14.3,16.1,,,,,,,,,,
SAFT,2,1,2,16,Fabaceae,Enterolobium contortisiliquum (Vell.) Morong,7.3,14.9,15.3,,,,,,,,,
SAFT,2,1,2,17,Myrtaceae,Psidium guajava L.,4.2,5.6,,,,,,,,,,
SAFT,2,1,2,18,Fabaceae,Pterogyne nitens Tul.,14.7,15.5,,,,,,,,,,
SAFT,2,1,2,20,Fabaceae,Mimosa caesalpininiifolia Benth.,8.3,5.4,,,,,,,,,,
SAFT,2,1,2,21,Myrtaceae,Psidium guajava L.,5.4,5.6,4.7,,,,,,,,,
SAFT,2,1,2,22,Fabaceae,Mimosa caesalpininiifolia Benth.,17.5,16.6,25.6,29.4,22.1,,,,,,,
SAFM,2,1,1,23,Fabaceae,Anadenanthera peregrina falcata,18.5,18.0,,,,,,,,,,
SAFM,2,1,1,24,Fabaceae,Peltophorum dubium (Spreng.) Taub.,19.9,38.9,,,,,,,,,,
SAFM,2,1,1,25,Fabaceae,Piptadenia gonoacantha (Mart.) J.F.Macbr.,5.2,5.9,,,,,,,,,,
SAFM,2,1,1,26,Fabaceae,Piptadenia gonoacantha (Mart.) J.F.Macbr.,12.4,8.6,,,,,,,,,,
SAFM,2,1,1,27,Fabaceae,Piptadenia gonoacantha (Mart.) J.F.Macbr.,9.3,6.7,4.1,,,,,,,,,
SAFM,2,1,1,28,Fabaceae,Piptadenia gonoacantha (Mart.) J.F.Macbr.,13.4,11.9,,,,,,,,,,
SAFM,2,1,1,29,Apocynaceae,Tabernaemontana hystrix Steud.,6.1,6.1,,,,,,,,,,
SAFM,2,1,1,30,Fabaceae,Anadenanthera peregrina falcata,7.2,6.6,,,,,,,,,,
SAFM,2,1,1,31,Fabaceae,Hymenaea courbaril L.,6.7,5.7,,,,,,,,,,
SAFM,2,1,1,32,Fabaceae,Anadenanthera colubrina var. cebil (Griseb.) Altschul,8.4,6.5,,,,,,,,,,
SAFM,2,1,1,33,Fabaceae,Mimosa caesalpininiifolia Benth.,12.7,17.5,14.7,15.9,21.4,19.5,13.0,,,,,
SAFM,2,1,1,34,Apocynaceae,Tabernaemontana hystrix Steud.,7.5,8.9,,,,,,,,,,
SAFM,2,1,1,35,Fabaceae,Anadenanthera peregrina falcata,9.8,5.4,,,,,,,,,,
SAFM,2,1,1,36,Fabaceae,Anadenanthera colubrina var. cebil (Griseb.) Altschul,12.0,11.9,,,,,,,,,,
SAFM,2,1,1,37,Fabaceae,Hymenaea courbaril L.,7.2,5.0,,,,,,,,,,
SAFM,2,1,1,38,Bignoniaceae,Zeyheria tuberculosa (Vell.) Bureau ex Verl.,11.2,14.6,,,,,,,,,,
SAFM,2,1,1,39,Fabaceae,Enterolobium contortisiliquum (Vell.) Morong,7.7,10.5,,,,,,,,,,
SAFM,2,1,1,40,Apocynaceae,Tabernaemontana hystrix Steud.,6.1,6.8,,,,,,,,,,
SAFM,2,1,1,41,Apocynaceae,Tabernaemontana hystrix Steud.,6.0,7.4,,,,,,,,,,
SAFM,2,1,1,42,Fabaceae,Anadenanthera colubrina var. cebil (Griseb.) Altschul,20.3,47.2,,,,,,,,,,
SAFM,2,1,1,43,Fabaceae,Anadenanthera colubrina var. cebil (Griseb.) Altschul,9.5,7.8,,,,,,,,,,
SAFM,2,1,1,44,Fabaceae,Pterogyne nitens Tul.,7.0,5.2,,,,,,,,,,
SAFM,2,1,1,45,Fabaceae,Anadenanthera colubrina var. cebil (Griseb.) Altschul,5.5,5.4,,,,,,,,,,
SAFM,2,1,1,47,Fabaceae,Anadenanthera colubrina var. cebil (Griseb.) Altschul,8.2,6.2,,,,,,,,,,
SAFM,2,1,1,48,Bignoniaceae,Zeyheria tuberculosa (Vell.) Bureau ex Verl.,7.1,5.5,,,,,,,,,,
SAFM,2,1,1,49,Fabaceae,Anadenanthera colubrina var. cebil (Griseb.) Altschul,13.7,11.1,,,,,,,,,,
SAFM,2,1,1,50,Fabaceae,Anadenanthera colubrina var. cebil (Griseb.) Altschul,8.3,5.6,,,,,,,,,,
SAFM,2,1,1,51,Lamiaceae,Aegiphila integrifolia (Jacq.) Moldenke,6.8,5.5,,,,,,,,,,
SAFM,2,1,1,52,Fabaceae,Anadenanthera peregrina falcata,8.7,9.2,,,,,,,,,,
SAFM,2,1,1,53,Fabaceae,Peltophorum dubium (Spreng.) Taub.,21.5,35.7,36.5,33.4,,,,,,,,
SAFM,2,1,1,54,Fabaceae,Piptadenia gonoacantha (Mart.) J.F.Macbr.,8.2,9.0,,,,,,,,,,
SAFM,2,1,1,55,Fabaceae,Piptadenia gonoacantha (Mart.) J.F.Macbr.,6.5,7.4,,,,,,,,,,
SAFM,2,1,1,56,Fabaceae,Anadenanthera colubrina var. cebil (Griseb.) Altschul,7.0,9.5,,,,,,,,,,
SAFM,2,1,2,57,Fabaceae,Anadenanthera peregrina falcata,12.2,13.3,,,,,,,,,,
SAFM,2,1,2,58,Fabaceae,Anadenanthera colubrina var. cebil (Griseb.) Altschul,9.5,7.1,,,,,,,,,,
SAFM,2,1,2,59,Fabaceae,Pterogyne nitens Tul.,7.8,7.4,3.5,,,,,,,,,
SAFM,2,1,2,60,Fabaceae,Anadenanthera peregrina falcata,19.0,31.9,,,,,,,,,,
SAFM,2,1,2,61,Myrtaceae,Psidium guajava L.,5.9,6.9,,,,,,,,,,
SAFM,2,1,2,62,Fabaceae,Mimosa caesalpininiifolia Benth.,12.0,8.9,17.8,5.6,,,,,,,,
SAFM,2,1,2,63,Fabaceae,Mimosa caesalpininiifolia Benth.,6.6,5.1,,,,,,,,,,
SAFM,2,1,2,64,Fabaceae,Mimosa caesalpininiifolia Benth.,6.7,6.2,,,,,,,,,,
SAFM,2,1,2,66,Fabaceae,Mimosa caesalpininiifolia Benth.,5.6,5.3,4.4,2.8,,,,,,,,
SAFM,2,1,2,67,Myrtaceae,Psidium guajava L.,4.0,10.5,,,,,,,,,,
SAFM,2,1,2,68,Fabaceae,Parapiptadenia rigida (Benth.) Brenan,10.8,8.9,,,,,,,,,,
SAFM,2,1,2,69,Fabaceae,Anadenanthera peregrina falcata,7.2,7.7,,,,,,,,,,
SAFM,2,1,2,70,Fabaceae,Pterogyne nitens Tul.,15.5,27.7,,,,,,,,,,
SAFM,2,1,2,71,Apocynaceae,Tabernaemontana hystrix Steud.,5.5,5.4,,,,,,,,,,
SAFM,2,1,2,72,Fabaceae,Hymenaea courbaril L.,8.4,7.1,,,,,,,,,,
SAFM,2,1,2,73,Fabaceae,Anadenanthera colubrina var. cebil (Griseb.) Altschul,8.3,8.2,,,,,,,,,,
SAFM,2,1,2,74,Fabaceae,Enterolobium contortisiliquum (Vell.) Morong,8.7,19.6,,,,,,,,,,
SAFM,2,1,2,75,Apocynaceae,Tabernaemontana hystrix Steud.,6.3,6.2,,,,,,,,,,
DIV,2,1,1,76,Fabaceae,Mimosa caesalpininiifolia Benth.,17.9,21.3,,,,,,,,,,
DIV,2,1,1,77,Fabaceae,Anadenanthera colubrina var. cebil (Griseb.) Altschul,22.3,33.2,,,,,,,,,,
DIV,2,1,1,78,Apocynaceae,Tabernaemontana hystrix Steud.,11.9,11.5,6.6,5.4,,,,,,,,
DIV,2,1,1,79,Fabaceae,Poecilanthe parviflora Benth.,12.7,15.1,16.6,15.4,,,,,,,,
DIV,2,1,1,80,Boraginaceae,Cordia abyssinica,5.9,14.8,,,,,,,,,,
DIV,2,1,1,81,Fabaceae,Dipteryx alata Vogel,5.9,5.6,,,,,,,,,,
DIV,2,1,1,82,Anacardiaceae,Schinus terebinthifolia Raddi.,10.7,14.8,,,,,,,,,,
DIV,2,1,1,83,Fabaceae,Dipteryx alata Vogel,6.2,5.0,,,,,,,,,,
DIV,2,1,1,84,Sapindaceae,Allophylus edulis (A.St.-Hil. et al.) Hieron. ex Niederl.,5.4,5.3,,,,,,,,,,
DIV,2,1,1,85,Anacardiaceae,Schinus terebinthifolia Raddi.,13.1,12.7,16.1,17.1,,,,,,,,
DIV,2,1,1,86,Anacardiaceae,Schinus terebinthifolia Raddi.,9.5,10.2,,,,,,,,,,
DIV,2,1,1,87,Fabaceae,Poecilanthe parviflora Benth.,12.2,9.8,10.5,,,,,,,,,
DIV,2,1,1,88,Anacardiaceae,Schinus terebinthifolia Raddi.,5.8,10.7,8.5,4.1,,,,,,,,
DIV,2,1,1,89,Fabaceae,Machaerium hirtum (Vell.) Stellfeld,14.5,23.8,,,,,,,,,,
DIV,2,1,1,90,Fabaceae,Enterolobium contortisiliquum (Vell.) Morong,19.6,52.5,,,,,,,,,,
DIV,2,1,1,91,Urticaceae,Cecropia pachystachya Trécul,7.4,13.0,12.2,,,,,,,,,
DIV,2,1,2,92,Lauraceae,Ocotea corymbosa,8.0,13.4,5.0,,,,,,,,,
DIV,2,1,2,93,Fabaceae,Centrolobium tomentosum Guillem. ex Benth.,10.6,9.6,,,,,,,,,,
DIV,2,1,2,94,Lauraceae,Ocotea corymbosa,13.9,10.5,,,,,,,,,,
DIV,2,1,2,95,Fabaceae,Centrolobium tomentosum Guillem. ex Benth.,19.5,12.9,,,,,,,,,,
DIV,2,1,2,96,Euphorbiaceae,Croton floribundus Spreng.,22.1,45.8,10.5,,,,,,,,,
DIV,2,1,2,97,Lauraceae,Ocotea corymbosa,12.9,12.6,,,,,,,,,,
DIV,2,1,2,98,Fabaceae,Hymenaea courbaril L.,16.5,11.8,,,,,,,,,,
DIV,2,1,2,99,Fabaceae,Hymenaea courbaril L.,13.4,12.7,,,,,,,,,,
DIV,2,1,2,100,Myrtaceae,Psidium guajava L.,9.4,5.6,4.6,6.4,,,,,,,,
DIV,2,1,2,101,Fabaceae,Dipteryx alata Vogel,14.2,14.0,,,,,,,,,,
DIV,2,1,2,102,Apocynaceae,Tabernaemontana hystrix Steud.,7.8,7.1,,,,,,,,,,
DIV,2,1,2,103,Myrtaceae,Psidium guajava L.,7.7,8.0,5.6,,,,,,,,,
DIV,2,1,2,104,Euphorbiaceae,Croton floribundus Spreng.,19.4,36.5,,,,,,,,,,
DIV,2,1,2,105,Euphorbiaceae,Croton floribundus Spreng.,13.0,14.3,,,,,,,,,,
DIV,2,1,2,106,Fabaceae,Dipteryx alata Vogel,15.1,17.4,,,,,,,,,,
DIV,2,1,2,107,Fabaceae,Dipteryx alata Vogel,10.0,8.2,,,,,,,,,,
DIV,2,1,2,108,Myrtaceae,Psidium guajava L.,5.9,7.5,,,,,,,,,,
DIV,2,1,2,109,Fabaceae,Poecilanthe parviflora Benth.,11.7,11.9,,,,,,,,,,
DIV,2,1,2,110,Lauraceae,Nectandra megapotamica (Spreng.) Mez,9.3,12.0,4.6,,,,,,,,,
DIV,2,1,2,111,Euphorbiaceae,Croton floribundus Spreng.,10.1,12.9,14.6,,,,,,,,,
DIV,2,1,2,112,Myrtaceae,Psidium guajava L.,7.2,6.4,,,,,,,,,,
DIV,2,1,2,113,Fabaceae,Machaerium hirtum (Vell.) Stellfeld,8.6,5.3,,,,,,,,,,
DIV,2,1,2,114,Fabaceae,Copaifera langsdorffii Desf.,8.4,7.2,,,,,,,,,,
DIV,2,1,2,115,Fabaceae,Dipteryx alata Vogel,5.5,7.0,,,,,,,,,,
DIV,2,1,2,116,Fabaceae,Enterolobium contortisiliquum (Vell.) Morong,7.8,14.2,,,,,,,,,,
DIV,2,1,2,117,Euphorbiaceae,Croton floribundus Spreng.,8.0,28.5,,,,,,,,,,
CMLM,2,1,1,118,Fabaceae,Parapiptadenia rigida (Benth.) Brenan,6.4,6.8,,,,,,,,,,
CMLM,2,1,1,119,Fabaceae,Myroxylum peruiferum L. f.,10.2,12.3,,,,,,,,,,
CMLM,2,1,1,120,Fabaceae,Copaifera langsdorffii Desf.,8.4,9.2,,,,,,,,,,
CMLM,2,1,1,121,Fabaceae,Schizolobium parahyba (Vell.) Blake,13.4,12.4,,,,,,,,,,
CMLM,2,1,1,122,Fabaceae,Parapiptadenia rigida (Benth.) Brenan,10.9,9.3,,,,,,,,,,
CMLM,2,1,1,123,Fabaceae,Hymenaea courbaril L.,10.0,8.9,8.8,,,,,,,,,
CMLM,2,1,1,124,Fabaceae,Parapiptadenia rigida (Benth.) Brenan,7.2,6.5,,,,,,,,,,
CMLM,2,1,1,125,Apocynaceae,Tabernaemontana hystrix Steud.,6.9,5.1,,,,,,,,,,
CMLM,2,1,1,126,Fabaceae,Parapiptadenia rigida (Benth.) Brenan,9.4,5.3,3.3,,,,,,,,,
CMLM,2,1,1,127,Apocynaceae,Tabernaemontana hystrix Steud.,8.2,12.9,,,,,,,,,,
CMLM,2,1,1,128,Fabaceae,Pterogyne nitens Tul.,10.7,8.9,,,,,,,,,,
CMLM,2,1,1,129,Fabaceae,Piptadenia gonoacantha (Mart.) J.F.Macbr.,17.6,14.0,,,,,,,,,,
CMLM,2,1,1,130,Myrtaceae,Psidium guajava L.,4.5,5.6,,,,,,,,,,
CMLM,2,1,1,131,Fabaceae,Myroxylum peruiferum L. f.,11.2,14.5,,,,,,,,,,
CMLM,2,1,1,132,Euphorbiaceae,Croton floribundus Spreng.,6.9,11.6,,,,,,,,,,
CMLM,2,1,1,133,Apocynaceae,Tabernaemontana hystrix Steud.,8.5,8.9,,,,,,,,,,
CMLM,2,1,1,134,Fabaceae,Copaifera langsdorffii Desf.,9.4,7.2,,,,,,,,,,
CMLM,2,1,1,135,Apocynaceae,Tabernaemontana hystrix Steud.,9.4,7.7,,,,,,,,,,
CMLM,2,1,1,136,Apocynaceae,Tabernaemontana hystrix Steud.,9.7,11.8,,,,,,,,,,
CMLM,2,1,1,137,Fabaceae,Mimosa caesalpininiifolia Benth.,7.8,8.2,7.0,,,,,,,,,
CMLM,2,1,1,138,Apocynaceae,Tabernaemontana hystrix Steud.,5.6,6.5,,,,,,,,,,
CMLM,2,1,1,139,Apocynaceae,Tabernaemontana hystrix Steud.,4.7,5.6,,,,,,,,,,
CMLM,2,1,1,140,Apocynaceae,Tabernaemontana hystrix Steud.,6.6,8.1,,,,,,,,,,
CMLM,2,1,1,141,Fabaceae,Parapiptadenia rigida (Benth.) Brenan,12.5,8.9,,,,,,,,,,
CMLM,2,1,1,142,Fabaceae,Myroxylum peruiferum L. f.,10.8,9.2,,,,,,,,,,
CMLM,2,1,1,143,Apocynaceae,Tabernaemontana hystrix Steud.,9.4,10.0,10.5,,,,,,,,,
CMLM,2,1,2,144,Fabaceae,Hymenaea courbaril L.,9.2,9.3,,,,,,,,,,
CMLM,2,1,2,145,Fabaceae,Enterolobium contortisiliquum (Vell.) Morong,11.6,17.5,,,,,,,,,,
CMLM,2,1,2,146,Fabaceae,Anadenanthera colubrina var. cebil (Griseb.) Altschul,12.0,11.5,,,,,,,,,,
CMLM,2,1,2,147,Apocynaceae,Tabernaemontana hystrix Steud.,8.0,5.1,,,,,,,,,,
CMLM,2,1,2,148,Apocynaceae,Tabernaemontana hystrix Steud.,7.3,6.4,,,,,,,,,,
CMLM,2,1,2,149,Apocynaceae,Tabernaemontana hystrix Steud.,8.3,5.7,,,,,,,,,,
CMLM,2,1,2,150,Apocynaceae,Tabernaemontana hystrix Steud.,8.3,6.0,,,,,,,,,,
CMLM,2,1,2,151,Fabaceae,Enterolobium contortisiliquum (Vell.) Morong,11.4,11.5,,,,,,,,,,
CMLM,2,1,2,152,Fabaceae,Anadenanthera colubrina var. cebil (Griseb.) Altschul,10.9,8.6,,,,,,,,,,
CMLM,2,1,2,153,Apocynaceae,Tabernaemontana hystrix Steud.,6.7,5.1,,,,,,,,,,
CMLM,2,1,2,154,Apocynaceae,Tabernaemontana hystrix Steud.,6.7,7.0,,,,,,,,,,
CMLM,2,1,2,155,Apocynaceae,Tabernaemontana hystrix Steud.,6.9,8.6,,,,,,,,,,
CMLM,2,1,2,156,Bignoniaceae,Zeyheria tuberculosa (Vell.) Bureau ex Verl.,9.4,7.6,,,,,,,,,,
CMLM,2,1,2,157,Fabaceae,Anadenanthera colubrina var. cebil (Griseb.) Altschul,8.6,7.3,,,,,,,,,,
CMLM,2,1,2,158,Apocynaceae,Tabernaemontana hystrix Steud.,8.0,10.6,,,,,,,,,,
CMLM,2,1,2,159,Fabaceae,Pterogyne nitens Tul.,13.9,18.2,,,,,,,,,,
CMLM,2,1,2,160,Bignoniaceae,Zeyheria tuberculosa (Vell.) Bureau ex Verl.,10.9,12.2,,,,,,,,,,
CMLM,2,1,2,161,Fabaceae,Mimosa caesalpininiifolia Benth.,10.7,5.6,4.2,,,,,,,,,
CMLM,2,1,2,162,Fabaceae,Peltophorum dubium (Spreng.) Taub.,13.4,17.4,,,,,,,,,,
CMLM,2,1,2,163,Fabaceae,Anadenanthera colubrina var. cebil (Griseb.) Altschul,15.9,16.1,,,,,,,,,,
CMLM,2,1,2,164,Bignoniaceae,Handroanthus impetiginosus (Mart. ex DC.) Mattos,7.6,7.3,,,,,,,,,,
CMLM,2,1,2,165,Fabaceae,Peltophorum dubium (Spreng.) Taub.,17.3,20.2,23.3,,,,,,,,,
CMLM,2,1,2,166,Fabaceae,Anadenanthera peregrina falcata,15.9,16.1,,,,,,,,,,
CMLM,2,1,2,167,Fabaceae,Hymenaea courbaril L.,13.1,11.9,,,,,,,,,,
CMLM,2,1,2,168,Fabaceae,Pterogyne nitens Tul.,9.4,9.9,,,,,,,,,,
CMLM,2,1,2,169,Fabaceae,Parapiptadenia rigida (Benth.) Brenan,8.5,8.7,,,,,,,,,,
CMLM,2,1,2,170,Bignoniaceae,Handroanthus heptaphyllus,10.3,12.2,,,,,,,,,,
CMLM,2,1,2,171,Fabaceae,Hymenaea courbaril L.,8.2,8.1,,,,,,,,,,
CMLM,2,1,2,172,Fabaceae,Mimosa caesalpininiifolia Benth.,6.9,6.3,,,,,,,,,,
CMLT,2,1,1,173,Fabaceae,Enterolobium contortisiliquum (Vell.) Morong,12.5,26.8,,,,,,,,,,
CMLT,2,1,1,174,Fabaceae,Mimosa caesalpininiifolia Benth.,10.5,8.0,,,,,,,,,,
CMLT,2,1,1,175,Fabaceae,Myroxylum peruiferum L. f.,14.6,9.9,,,,,,,,,,
CMLT,2,1,1,176,Fabaceae,Mimosa caesalpininiifolia Benth.,11.4,8.1,11.5,7.8,14.3,9.2,8.9,,,,,
CMLT,2,1,1,177,Meliaceae,Trichilia clausseni C. DC.,10.5,8.0,,,,,,,,,,
CMLT,2,1,1,178,Fabaceae,Mimosa caesalpininiifolia Benth.,10.9,6.6,4.1,2.7,2.7,,,,,,,
CMLT,2,1,1,179,Fabaceae,Hymenaea courbaril L.,14.2,17.7,,,,,,,,,,
CMLT,2,1,1,180,Urticaceae,Urera baccifera (L.) Gaudich. ex Wedd.,5.1,8.9,,,,,,,,,,
CMLT,2,1,1,181,Fabaceae,Mimosa caesalpininiifolia Benth.,16.1,19.4,18.9,17.1,15.9,,,,,,,
CMLT,2,1,1,182,Fabaceae,Mimosa caesalpininiifolia Benth.,13.7,15.8,14.6,14.7,12.5,19.5,16.8,7.5,5.1,,,
CMLT,2,1,1,183,Fabaceae,Myroxylum peruiferum L. f.,17.0,12.9,,,,,,,,,,
CMLT,2,1,1,184,Fabaceae,Mimosa caesalpininiifolia Benth.,14.2,17.5,5.7,,,,,,,,,
CMLT,2,1,1,185,Fabaceae,Peltophorum dubium (Spreng.) Taub.,8.8,7.9,,,,,,,,,,
CMLT,2,1,1,186,Fabaceae,Mimosa caesalpininiifolia Benth.,13.4,16.2,7.3,18.5,14.5,10.2,8.5,4.7,5.2,8.4,4.3,8.9
CMLT,2,1,2,187,Fabaceae,Enterolobium contortisiliquum (Vell.) Morong,5.9,23.7,,,,,,,,,,
CMLT,2,1,2,188,Meliaceae,Trichilia pallida Sw.,8.7,8.3,,,,,,,,,,
CMLT,2,1,2,189,Fabaceae,Parapiptadenia rigida (Benth.) Brenan,9.0,9.3,,,,,,,,,,
CMLT,2,1,2,190,Fabaceae,Pterogyne nitens Tul.,4.3,9.0,,,,,,,,,,
CMLT,2,1,2,191,Meliaceae,Trichilia pallida Sw.,6.6,5.2,,,,,,,,,,
CMLT,2,1,2,192,Fabaceae,Parapiptadenia rigida (Benth.) Brenan,10.4,7.5,,,,,,,,,,
CMLT,2,1,2,193,Fabaceae,Parapiptadenia rigida (Benth.) Brenan,8.8,6.2,,,,,,,,,,
CMLT,2,1,2,194,Meliaceae,Trichilia clausseni C. DC.,8.9,7.0,,,,,,,,,,
CMLT,2,1,2,195,Fabaceae,Peltophorum dubium (Spreng.) Taub.,19.1,22.3,26.8,,,,,,,,,
CMLT,2,1,2,196,Fabaceae,Mimosa caesalpininiifolia Benth.,13.4,11.9,,,,,,,,,,
CMLT,2,1,2,197,Fabaceae,Hymenaea courbaril L.,9.5,5.1,,,,,,,,,,
CMLT,2,1,2,198,Fabaceae,Pterogyne nitens Tul.,9.1,9.9,,,,,,,,,,
CMLT,2,1,2,199,Fabaceae,Mimosa caesalpininiifolia Benth.,12.0,15.9,12.3,7.0,7.5,,,,,,,
CMLT,2,1,2,200,Fabaceae,Enterolobium contortisiliquum (Vell.) Morong,18.5,36.7,,,,,,,,,,
CMLT,2,1,2,201,Fabaceae,Peltophorum dubium (Spreng.) Taub.,17.2,26.6,,,,,,,,,,
CMLT,2,1,2,202,Apocynaceae,Tabernaemontana hystrix Steud.,7.7,7.4,,,,,,,,,,
CMLT,2,1,2,203,Apocynaceae,Tabernaemontana hystrix Steud.,8.3,6.9,,,,,,,,,,
CMLT,2,1,2,204,Fabaceae,Anadenanthera peregrina falcata,20.5,28.0,,,,,,,,,,
CMLT,2,1,2,205,Apocynaceae,Tabernaemontana hystrix Steud.,8.7,7.5,,,,,,,,,,
CMLT,2,1,2,206,Fabaceae,Hymenaea courbaril L.,6.8,5.3,,,,,,,,,,
CMLT,2,1,2,207,Indet 1,Indet 1,11.6,14.6,,,,,,,,,,
CMLT,2,1,2,208,Apocynaceae,Tabernaemontana hystrix Steud.,6.7,5.4,,,,,,,,,,
CMLT,2,1,2,209,Fabaceae,Hymenaea courbaril L.,9.7,5.1,,,,,,,,,,
CMLT,2,1,2,210,Apocynaceae,Tabernaemontana hystrix Steud.,7.2,10.5,5.9,9.7,,,,,,,,
CMLT,2,1,2,211,Fabaceae,Enterolobium contortisiliquum (Vell.) Morong,4.7,9.4,,,,,,,,,,
CMLT,2,1,2,212,Fabaceae,Mimosa caesalpininiifolia Benth.,11.8,10.2,6.7,17.7,17.2,8.9,,,,,,
CMLT,2,1,2,213,Apocynaceae,Tabernaemontana hystrix Steud.,7.6,5.7,,,,,,,,,,
CMLT,2,1,2,214,Apocynaceae,Tabernaemontana hystrix Steud.,9.3,5.7,,,,,,,,,,
CMLT,2,1,2,215,Apocynaceae,Tabernaemontana hystrix Steud.,8.1,6.4,,,,,,,,,,
CMLT,2,1,2,216,Bignoniaceae,Zeyheria tuberculosa (Vell.) Bureau ex Verl.,8.8,7.1,,,,,,,,,,
CMLT,2,1,2,217,Fabaceae,Enterolobium contortisiliquum (Vell.) Morong,6.8,7.9,,,,,,,,,,
CMLT,2,1,2,218,Fabaceae,Anadenanthera peregrina falcata,20.4,20.6,,,,,,,,,,
CMLT,2,1,2,219,Meliaceae,Trichilia clausseni C. DC.,8.7,6.0,,,,,,,,,,
SEM,2,1,1,220,Apocynaceae,Tabernaemontana hystrix Steud.,6.5,7.3,,,,,,,,,,
SEM,2,1,1,221,Fabaceae,Schizolobium parahyba (Vell.) Blake,22.0,44.6,,,,,,,,,,
SEM,2,1,1,222,Fabaceae,Schizolobium parahyba (Vell.) Blake,8.8,17.0,,,,,,,,,,
SEM,2,1,1,223,Myrtaceae,Psidium guajava L.,3.4,7.5,7.7,,,,,,,,,
SEM,2,1,1,224,Apocynaceae,Tabernaemontana hystrix Steud.,8.5,18.5,,,,,,,,,,
SEM,2,1,1,225,Apocynaceae,Tabernaemontana hystrix Steud.,5.3,9.4,,,,,,,,,,
SEM,2,1,1,226,Apocynaceae,Tabernaemontana hystrix Steud.,4.9,5.6,5.7,7.5,,,,,,,,
SEM,2,1,1,227,Apocynaceae,Tabernaemontana hystrix Steud.,4.3,7.8,,,,,,,,,,
SEM,2,1,1,228,Apocynaceae,Tabernaemontana hystrix Steud.,6.0,11.0,9.7,,,,,,,,,
SEM,2,1,1,229,Myrtaceae,Psidium guajava L.,4.9,7.9,,,,,,,,,,
SEM,2,1,1,230,Myrtaceae,Psidium guajava L.,5.4,7.0,,,,,,,,,,
SEM,2,1,1,231,Meliaceae,Trichilia pallida Sw.,5.4,5.2,,,,,,,,,,
SEM,2,1,1,232,Apocynaceae,Tabernaemontana hystrix Steud.,5.0,8.4,,,,,,,,,,
SEM,2,1,1,233,Cannabaceae,Celtis iguanaea (Jacq.) Sarg.,7.2,7.2,,,,,,,,,,
SEM,2,1,1,234,Rutaceae,Zanthoxylum rhoifolium Lam.,11.4,11.7,,,,,,,,,,
SEM,2,1,1,235,Fabaceae,Schizolobium parahyba (Vell.) Blake,20.1,40.4,,,,,,,,,,
SEM,2,1,1,236,Salicaceae,Casearia sylvestris Sw.,5.1,6.2,5.3,,,,,,,,,
SEM,2,1,1,237,Fabaceae,Enterolobium contortisiliquum (Vell.) Morong,7.7,12.9,6.9,,,,,,,,,
SEM,2,1,1,238,Apocynaceae,Tabernaemontana hystrix Steud.,11.3,9.5,14.1,,,,,,,,,
SEM,2,1,1,239,Salicaceae,Casearia sylvestris Sw.,5.2,6.2,,,,,,,,,,
SEM,2,1,1,240,Combretaceae,Terminalia argentea Mart.,12.1,11.4,,,,,,,,,,
SEM,2,1,1,241,Meliaceae,Trichilia pallida Sw.,5.5,6.9,,,,,,,,,,
SEM,2,1,1,242,Fabaceae,Parapiptadenia rigida (Benth.) Brenan,9.0,11.0,,,,,,,,,,
SEM,2,1,1,243,Apocynaceae,Tabernaemontana hystrix Steud.,6.7,8.6,,,,,,,,,,
SEM,2,1,1,244,Lauraceae,Nectandra megapotamica (Spreng.) Mez,6.9,6.0,,,,,,,,,,
SEM,2,1,1,245,Apocynaceae,Tabernaemontana hystrix Steud.,6.9,5.7,,,,,,,,,,
SEM,2,1,1,246,Boraginaceae,Cordia ecalyculata,3.9,5.5,,,,,,,,,,
SEM,2,1,2,247,Fabaceae,Schizolobium parahyba (Vell.) Blake,21.6,45.5,,,,,,,,,,
SEM,2,1,2,248,Fabaceae,Schizolobium parahyba (Vell.) Blake,20.7,30.5,,,,,,,,,,
SEM,2,1,2,249,Fabaceae,Schizolobium parahyba (Vell.) Blake,19.0,34.0,,,,,,,,,,
SEM,2,1,2,250,Fabaceae,Schizolobium parahyba (Vell.) Blake,19.5,33.4,,,,,,,,,,
SEM,2,1,2,251,Fabaceae,Schizolobium parahyba (Vell.) Blake,17.4,17.0,,,,,,,,,,
SEM,2,1,2,252,Myrtaceae,Psidium guajava L.,6.8,6.0,6.2,,,,,,,,,
SEM,2,1,2,253,Fabaceae,Schizolobium parahyba (Vell.) Blake,11.7,21.5,,,,,,,,,,
SEM,2,1,2,254,Fabaceae,Parapiptadenia rigida (Benth.) Brenan,13.4,11.5,,,,,,,,,,
SEM,2,1,2,255,Meliaceae,Trichilia pallida Sw.,8.1,6.5,,,,,,,,,,
SEM,2,1,2,256,Fabaceae,Schizolobium parahyba (Vell.) Blake,14.5,19.7,,,,,,,,,,
SEM,2,1,2,257,Fabaceae,Schizolobium parahyba (Vell.) Blake,17.9,27.7,,,,,,,,,,
SEM,2,1,2,258,Apocynaceae,Tabernaemontana hystrix Steud.,5.6,10.0,8.3,4.6,,,,,,,,
SEM,2,1,2,259,Meliaceae,Trichilia pallens C. DC.,6.6,6.3,,,,,,,,,,
SEM,2,1,2,260,Apocynaceae,Tabernaemontana hystrix Steud.,5.3,8.7,,,,,,,,,,
SEM,2,1,2,261,Apocynaceae,Tabernaemontana hystrix Steud.,4.3,5.1,,,,,,,,,,
SEM,2,1,2,262,Meliaceae,Trichilia pallida Sw.,6.3,6.5,,,,,,,,,,
SEM,2,1,2,263,Apocynaceae,Tabernaemontana hystrix Steud.,4.6,6.4,,,,,,,,,,
SEM,2,1,2,264,Apocynaceae,Tabernaemontana hystrix Steud.,5.8,7.5,,,,,,,,,,
SEM,2,1,2,265,Fabaceae,Enterolobium contortisiliquum (Vell.) Morong,15.1,34.5,,,,,,,,,,
SEM,2,1,2,266,Apocynaceae,Tabernaemontana hystrix Steud.,5.3,7.9,,,,,,,,,,
SEM,2,1,2,267,Fabaceae,Schizolobium parahyba (Vell.) Blake,21.5,55.9,,,,,,,,,,
SEM,2,1,2,268,Salicaceae,Casearia sylvestris Sw.,6.2,6.6,6.0,,,,,,,,,
SEM,2,1,2,269,Fabaceae,Schizolobium parahyba (Vell.) Blake,19.8,35.8,,,,,,,,,,
SEM,2,1,2,270,Meliaceae,Trichilia pallida Sw.,5.7,9.2,,,,,,,,,,
SEM,2,1,2,271,Fabaceae,Machaerium hirtum (Vell.) Stellfeld,7.5,16.9,,,,,,,,,,
SEM,2,1,2,272,Myrtaceae,Psidium guajava L.,3.8,5.1,,,,,,,,,,
CON,2,1,1,273,Fabaceae,Peltophorum dubium (Spreng.) Taub.,5.8,5.2,,,,,,,,,,
CON,2,1,1,274,Apocynaceae,Tabernaemontana hystrix Steud.,4.5,5.8,,,,,,,,,,
CON,2,1,1,275,Myrtaceae,Psidium guajava L.,6.8,8.4,10.4,11.3,,,,,,,,
CON,2,1,1,276,Apocynaceae,Tabernaemontana hystrix Steud.,6.3,12.2,9.0,8.4,11.8,,,,,,,
CON,2,1,1,277,Myrtaceae,Psidium guajava L.,4.7,5.8,,,,,,,,,,
CON,2,1,1,278,Myrtaceae,Psidium guajava L.,4.2,5.2,5.6,,,,,,,,,
CON,2,1,1,279,Myrtaceae,Psidium guajava L.,4.3,8.0,,,,,,,,,,
CON,2,1,1,280,Myrtaceae,Psidium guajava L.,2.8,6.7,,,,,,,,,,
CON,2,1,1,281,Myrtaceae,Psidium guajava L.,5.1,7.9,,,,,,,,,,
CON,2,1,1,282,Myrtaceae,Psidium guajava L.,4.6,6.7,3.5,3.3,,,,,,,,
CON,2,1,1,283,Myrtaceae,Psidium guajava L.,4.8,7.9,5.5,5.9,,,,,,,,
CON,2,1,1,284,Meliaceae,Trichilia pallida Sw.,7.2,11.8,,,,,,,,,,
CON,2,1,1,285,Apocynaceae,Tabernaemontana hystrix Steud.,6.0,6.0,4.2,4.0,5.5,6.3,,,,,,
CON,2,1,2,286,Apocynaceae,Tabernaemontana hystrix Steud.,8.5,9.8,6.2,6.0,5.7,,,,,,,
CON,2,1,2,287,Fabaceae,Mimosa caesalpininiifolia Benth.,11.8,19.2,13.7,7.7,,,,,,,,
CON,2,1,2,288,Myrtaceae,Psidium guajava L.,9.3,7.2,8.5,7.5,8.9,6.3,,,,,,
CON,2,1,2,289,Fabaceae,Pterogyne nitens Tul.,7.2,7.8,,,,,,,,,,
CON,2,1,2,290,Myrtaceae,Psidium guajava L.,7.7,6.7,,,,,,,,,,
CON,2,1,2,291,Myrtaceae,Psidium guajava L.,7.5,7.3,11.2,,,,,,,,,
CON,2,1,2,292,Myrtaceae,Psidium guajava L.,6.1,7.7,,,,,,,,,,
CON,2,1,2,293,Myrtaceae,Psidium guajava L.,7.8,6.2,,,,,,,,,,
CON,2,1,2,294,Myrtaceae,Psidium guajava L.,5.8,4.8,6.2,9.1,,,,,,,,
CON,2,1,2,295,Apocynaceae,Tabernaemontana hystrix Steud.,4.7,7.2,10.0,,,,,,,,,
CON,2,1,2,296,Myrtaceae,Psidium guajava L.,5.8,9.2,,,,,,,,,,
CON,2,1,2,297,Myrtaceae,Psidium guajava L.,5.5,6.6,3.4,,,,,,,,,
CON,2,1,2,298,Anacardiaceae,Schinus terebinthifolia Raddi.,7.3,14.0,13.0,19.3,,,,,,,,
CON,2,1,2,299,Fabaceae,Dahlstedtia muehlbergiana,10.2,13.7,,,,,,,,,,
SAFM,2,2,1,300,Fabaceae,Mimosa caesalpininiifolia Benth.,7.1,5.7,,,,,,,,,,
SAFM,2,2,1,301,Fabaceae,Anadenanthera colubrina var. cebil (Griseb.) Altschul,19.6,53.1,,,,,,,,,,
SAFM,2,2,1,302,Fabaceae,Enterolobium contortisiliquum (Vell.) Morong,15.3,74.0,,,,,,,,,,
SAFM,2,2,1,303,Apocynaceae,Tabernaemontana hystrix Steud.,6.3,5.4,,,,,,,,,,
SAFM,2,2,1,304,Fabaceae,Hymenaea courbaril L.,9.4,12.2,,,,,,,,,,
SAFM,2,2,1,305,Fabaceae,Senegalia polyphylla (DC.) Britton & Rose,7.3,6.9,,,,,,,,,,
SAFM,2,2,1,306,Fabaceae,Pterogyne nitens Tul.,7.7,11.5,,,,,,,,,,
SAFM,2,2,1,307,Bignoniaceae,Tecoma stans (L.) Juss. ex Kunth,6.0,5.9,4.9,,,,,,,,,
SAFM,2,2,1,308,Apocynaceae,Tabernaemontana hystrix Steud.,5.5,5.2,,,,,,,,,,
SAFM,2,2,1,309,Meliaceae,Cedrela fissilis Vell.,14.3,19.9,,,,,,,,,,
SAFM,2,2,1,310,Fabaceae,Hymenaea courbaril L.,15.6,15.8,,,,,,,,,,
SAFM,2,2,1,311,Bignoniaceae,Zeyheria tuberculosa (Vell.) Bureau ex Verl.,11.5,15.9,,,,,,,,,,
SAFM,2,2,1,312,Apocynaceae,Tabernaemontana hystrix Steud.,6.8,7.0,10.9,,,,,,,,,
SAFM,2,2,1,313,Fabaceae,Pterogyne nitens Tul.,19.8,36.8,,,,,,,,,,
SAFM,2,2,1,314,Fabaceae,Parapiptadenia rigida (Benth.) Brenan,6.9,6.5,,,,,,,,,,
SAFM,2,2,1,315,Fabaceae,Parapiptadenia rigida (Benth.) Brenan,5.4,5.4,,,,,,,,,,
SAFM,2,2,1,316,Apocynaceae,Tabernaemontana hystrix Steud.,6.9,5.0,,,,,,,,,,
SAFM,2,2,1,317,Euphorbiaceae,Croton floribundus Spreng.,7.2,5.4,,,,,,,,,,
SAFM,2,2,1,318,Sapotaceae,Chrysophyllum gonocarpum (Mart. & Eichler ex Miq.) Engl.,7.8,11.0,10.0,,,,,,,,,
SAFM,2,2,1,319,Bignoniaceae,Zeyheria tuberculosa (Vell.) Bureau ex Verl.,17.1,26.1,,,,,,,,,,
SAFM,2,2,1,320,Fabaceae,Hymenaea courbaril L.,8.7,15.1,,,,,,,,,,
SAFM,2,2,1,321,Primulaceae,Myrsine umbellata,6.6,6.3,,,,,,,,,,
SAFM,2,2,1,322,Fabaceae,Pterogyne nitens Tul.,17.6,29.5,,,,,,,,,,
SAFM,2,2,1,323,Fabaceae,Hymenaea courbaril L.,14.4,17.4,,,,,,,,,,
SAFM,2,2,1,324,Fabaceae,Enterolobium contortisiliquum (Vell.) Morong,6.7,18.2,,,,,,,,,,
SAFM,2,2,1,325,Fabaceae,Parapiptadenia rigida (Benth.) Brenan,8.0,8.6,,,,,,,,,,
SAFM,2,2,2,326,Apocynaceae,Tabernaemontana hystrix Steud.,7.2,7.3,,,,,,,,,,
SAFM,2,2,2,327,Salicaceae,Casearia sylvestris Sw.,5.8,6.3,3.8,3.9,4.8,,,,,,,
SAFM,2,2,2,328,Fabaceae,Pterogyne nitens Tul.,13.2,13.1,,,,,,,,,,
SAFM,2,2,2,329,Myrtaceae,Psidium guajava L.,7.3,6.1,9.3,,,,,,,,,
SAFM,2,2,2,330,Apocynaceae,Tabernaemontana hystrix Steud.,6.8,5.7,,,,,,,,,,
SAFM,2,2,2,331,Fabaceae,Mimosa caesalpininiifolia Benth.,8.8,5.4,2.7,,,,,,,,,
SAFM,2,2,2,332,Fabaceae,Enterolobium contortisiliquum (Vell.) Morong,10.4,25.2,,,,,,,,,,
SAFM,2,2,2,333,Fabaceae,Hymenaea courbaril L.,8.4,9.6,,,,,,,,,,
SAFM,2,2,2,334,Fabaceae,Mimosa caesalpininiifolia Benth.,8.1,6.1,2.7,,,,,,,,,
SAFM,2,2,2,335,Fabaceae,Pterogyne nitens Tul.,14.2,19.8,,,,,,,,,,
SAFM,2,2,2,336,Fabaceae,Parapiptadenia rigida (Benth.) Brenan,6.1,9.2,,,,,,,,,,
SAFM,2,2,2,337,Apocynaceae,Tabernaemontana hystrix Steud.,6.8,8.3,,,,,,,,,,
SAFM,2,2,2,338,Fabaceae,Hymenaea courbaril L.,11.6,14.7,,,,,,,,,,
SAFM,2,2,2,339,Meliaceae,Cedrela fissilis Vell.,9.7,21.1,,,,,,,,,,
SAFM,2,2,2,340,Fabaceae,Mimosa caesalpininiifolia Benth.,7.7,7.8,,,,,,,,,,
SAFM,2,2,2,341,Fabaceae,Pterogyne nitens Tul.,14.7,25.5,,,,,,,,,,
SAFM,2,2,2,342,Fabaceae,Mimosa caesalpininiifolia Benth.,11.5,7.8,,,,,,,,,,
SAFM,2,2,2,343,Fabaceae,Mimosa caesalpininiifolia Benth.,10.2,7.2,,,,,,,,,,
SAFM,2,2,2,344,Fabaceae,Mimosa caesalpininiifolia Benth.,8.5,5.4,,,,,,,,,,
SAFM,2,2,2,345,Myrtaceae,Eugenia uniflora L.,7.9,9.2,,,,,,,,,,
SAFM,2,2,2,346,Apocynaceae,Aspidosperma polyneuron Müll. Arg.,7.9,9.5,,,,,,,,,,
SAFM,2,2,2,347,Sapotaceae,Chrysophyllum gonocarpum (Mart. & Eichler ex Miq.) Engl.,8.5,11.9,,,,,,,,,,
SAFM,2,2,2,348,Bixaceae,Bixa orellana L.,6.4,5.6,3.3,,,,,,,,,
SAFM,2,2,2,349,Apocynaceae,Tabernaemontana hystrix Steud.,8.6,14.4,,,,,,,,,,
SAFM,2,2,2,350,Salicaceae,Casearia sylvestris Sw.,5.7,5.7,2.0,,,,,,,,,
SAFT,2,2,1,351,Fabaceae,Enterolobium contortisiliquum (Vell.) Morong,15.9,27.1,,,,,,,,,,
SAFT,2,2,1,352,Bignoniaceae,Zeyheria tuberculosa (Vell.) Bureau ex Verl.,10.1,11.0,6.1,,,,,,,,,
SAFT,2,2,1,353,Apocynaceae,Tabernaemontana hystrix Steud.,5.1,5.5,,,,,,,,,,
SAFT,2,2,1,354,Myrtaceae,Psidium guajava L.,5.6,5.3,,,,,,,,,,
SAFT,2,2,1,355,Fabaceae,Mimosa caesalpininiifolia Benth.,9.7,11.4,11.9,12.2,12.4,13.3,12.2,,,,,
SAFT,2,2,1,356,Fabaceae,Hymenaea courbaril L.,11.2,7.5,,,,,,,,,,
SAFT,2,2,1,357,Fabaceae,Mimosa caesalpininiifolia Benth.,11.2,11.8,10.4,12.0,13.7,,,,,,,
SAFT,2,2,1,358,Apocynaceae,Tabernaemontana hystrix Steud.,5.7,5.2,,,,,,,,,,
SAFT,2,2,1,359,Fabaceae,Pterogyne nitens Tul.,19.8,38.6,,,,,,,,,,
SAFT,2,2,1,360,Fabaceae,Parapiptadenia rigida (Benth.) Brenan,6.6,6.8,,,,,,,,,,
SAFT,2,2,1,361,Apocynaceae,Tabernaemontana hystrix Steud.,6.0,5.5,,,,,,,,,,
SAFT,2,2,1,362,Bignoniaceae,Zeyheria tuberculosa (Vell.) Bureau ex Verl.,6.3,6.0,,,,,,,,,,
SAFT,2,2,1,363,Fabaceae,Hymenaea courbaril L.,9.2,9.3,,,,,,,,,,
SAFT,2,2,1,364,Rutaceae,Esenbeckia leiocarpa Engl.,12.2,19.4,,,,,,,,,,
SAFT,2,2,1,365,Fabaceae,Hymenaea courbaril L.,13.2,8.8,,,,,,,,,,
SAFT,2,2,1,366,Fabaceae,Anadenanthera colubrina var. cebil (Griseb.) Altschul,6.0,5.6,,,,,,,,,,
SAFT,2,2,1,367,Fabaceae,Mimosa caesalpininiifolia Benth.,17.1,26.7,21.2,12.1,,,,,,,,
SAFT,2,2,1,368,Fabaceae,Enterolobium contortisiliquum (Vell.) Morong,11.5,19.2,,,,,,,,,,
SAFT,2,2,1,369,Fabaceae,Mimosa caesalpininiifolia Benth.,10.3,11.9,8.3,7.1,11.6,8.5,6.8,,,,,
SAFT,2,2,1,370,Apocynaceae,Tabernaemontana hystrix Steud.,5.4,5.2,,,,,,,,,,
SAFT,2,2,2,371,Fabaceae,Anadenanthera colubrina var. cebil (Griseb.) Altschul,8.8,9.4,,,,,,,,,,
SAFT,2,2,2,372,Fabaceae,Pterogyne nitens Tul.,15.0,19.9,,,,,,,,,,
SAFT,2,2,2,373,Apocynaceae,Tabernaemontana hystrix Steud.,5.0,5.1,,,,,,,,,,
SAFT,2,2,2,374,Fabaceae,Mimosa caesalpininiifolia Benth.,10.9,19.7,13.0,11.2,15.6,,,,,,,
SAFT,2,2,2,375,Fabaceae,Enterolobium contortisiliquum (Vell.) Morong,5.8,7.1,,,,,,,,,,
SAFT,2,2,2,376,Fabaceae,Peltophorum dubium (Spreng.) Taub.,20.7,36.3,,,,,,,,,,
SAFT,2,2,2,377,Fabaceae,Anadenanthera colubrina var. cebil (Griseb.) Altschul,19.8,28.5,,,,,,,,,,
SAFT,2,2,2,378,Fabaceae,Enterolobium contortisiliquum (Vell.) Morong,10.2,11.9,,,,,,,,,,
SAFT,2,2,2,379,Fabaceae,Mimosa caesalpininiifolia Benth.,11.2,13.3,16.2,11.9,8.9,9.5,15.6,,,,,
SAFT,2,2,2,380,Apocynaceae,Tabernaemontana hystrix Steud.,10.5,14.0,3.9,7.5,,,,,,,,
SAFT,2,2,2,381,Fabaceae,Pterogyne nitens Tul.,13.0,15.7,,,,,,,,,,
SAFT,2,2,2,382,Fabaceae,Hymenaea courbaril L.,12.6,10.8,,,,,,,,,,
SAFT,2,2,2,383,Bignoniaceae,Zeyheria tuberculosa (Vell.) Bureau ex Verl.,12.6,13.7,,,,,,,,,,
SAFT,2,2,2,384,Fabaceae,Mimosa caesalpininiifolia Benth.,15.3,18.5,17.0,7.0,8.7,12.1,4.3,,,,,
SEM,2,2,1,385,Fabaceae,Schizolobium parahyba (Vell.) Blake,10.6,15.9,,,,,,,,,,
SEM,2,2,1,386,Fabaceae,Schizolobium parahyba (Vell.) Blake,10.6,14.5,,,,,,,,,,
SEM,2,2,1,387,Salicaceae,Casearia sylvestris Sw.,5.2,6.4,,,,,,,,,,
SEM,2,2,1,388,Fabaceae,Schizolobium parahyba (Vell.) Blake,22.1,40.4,,,,,,,,,,
SEM,2,2,1,389,Fabaceae,Schizolobium parahyba (Vell.) Blake,13.5,19.7,,,,,,,,,,
SEM,2,2,1,390,Meliaceae,Trichilia pallida Sw.,6.3,6.0,,,,,,,,,,
SEM,2,2,1,391,Fabaceae,Schizolobium parahyba (Vell.) Blake,15.9,18.0,,,,,,,,,,
SEM,2,2,1,392,Fabaceae,Schizolobium parahyba (Vell.) Blake,22.0,38.9,,,,,,,,,,
SEM,2,2,1,393,Meliaceae,Trichilia pallida Sw.,6.3,6.3,,,,,,,,,,
SEM,2,2,1,394,Meliaceae,Trichilia pallida Sw.,7.8,9.7,,,,,,,,,,
SEM,2,2,1,395,Fabaceae,Schizolobium parahyba (Vell.) Blake,21.8,52.4,,,,,,,,,,
SEM,2,2,1,396,Fabaceae,Schizolobium parahyba (Vell.) Blake,19.0,40.6,,,,,,,,,,
SEM,2,2,1,397,Apocynaceae,Tabernaemontana hystrix Steud.,5.7,5.7,5.8,7.5,,,,,,,,
SEM,2,2,1,398,Salicaceae,Casearia sylvestris Sw.,5.1,5.8,,,,,,,,,,
SEM,2,2,1,399,Fabaceae,Schizolobium parahyba (Vell.) Blake,8.0,13.0,,,,,,,,,,
SEM,2,2,1,400,Fabaceae,Schizolobium parahyba (Vell.) Blake,17.9,27.1,,,,,,,,,,
SEM,2,2,1,401,Salicaceae,Casearia sylvestris Sw.,7.1,8.1,,,,,,,,,,
SEM,2,2,1,402,Fabaceae,Schizolobium parahyba (Vell.) Blake,20.6,25.9,,,,,,,,,,
SEM,2,2,1,403,Fabaceae,Schizolobium parahyba (Vell.) Blake,16.9,18.0,,,,,,,,,,
SEM,2,2,1,404,Apocynaceae,Tabernaemontana hystrix Steud.,6.1,7.0,,,,,,,,,,
SEM,2,2,1,405,Fabaceae,Schizolobium parahyba (Vell.) Blake,15.0,13.5,,,,,,,,,,
SEM,2,2,1,406,Fabaceae,Schizolobium parahyba (Vell.) Blake,20.1,25.8,,,,,,,,,,
SEM,2,2,1,407,Apocynaceae,Tabernaemontana hystrix Steud.,7.2,9.4,5.5,,,,,,,,,
SEM,2,2,1,408,Apocynaceae,Tabernaemontana hystrix Steud.,6.2,5.6,5.0,,,,,,,,,
SEM,2,2,1,409,Fabaceae,Parapiptadenia rigida (Benth.) Brenan,6.7,5.7,,,,,,,,,,
SEM,2,2,1,410,Apocynaceae,Tabernaemontana hystrix Steud.,5.5,5.5,,,,,,,,,,
SEM,2,2,1,411,Meliaceae,Trichilia pallida Sw.,6.6,5.6,,,,,,,,,,
SEM,2,2,2,412,Fabaceae,Schizolobium parahyba (Vell.) Blake,17.1,31.8,,,,,,,,,,
SEM,2,2,2,413,Fabaceae,Schizolobium parahyba (Vell.) Blake,14.5,15.6,,,,,,,,,,
SEM,2,2,2,414,Fabaceae,Schizolobium parahyba (Vell.) Blake,21.2,29.3,,,,,,,,,,
SEM,2,2,2,415,Fabaceae,Schizolobium parahyba (Vell.) Blake,22.6,29.0,,,,,,,,,,
SEM,2,2,2,416,Fabaceae,Schizolobium parahyba (Vell.) Blake,15.4,30.2,,,,,,,,,,
SEM,2,2,2,417,Fabaceae,Enterolobium contortisiliquum (Vell.) Morong,7.6,16.7,,,,,,,,,,
SEM,2,2,2,418,Fabaceae,Schizolobium parahyba (Vell.) Blake,6.6,8.3,,,,,,,,,,
SEM,2,2,2,419,Fabaceae,Schizolobium parahyba (Vell.) Blake,20.6,21.2,,,,,,,,,,
SEM,2,2,2,420,Fabaceae,Schizolobium parahyba (Vell.) Blake,21.2,34.9,,,,,,,,,,
SEM,2,2,2,421,Meliaceae,Trichilia pallida Sw.,5.6,5.8,,,,,,,,,,
SEM,2,2,2,422,Apocynaceae,Tabernaemontana hystrix Steud.,5.9,8.4,,,,,,,,,,
SEM,2,2,2,423,Apocynaceae,Tabernaemontana hystrix Steud.,4.6,6.5,,,,,,,,,,
SEM,2,2,2,424,Fabaceae,Schizolobium parahyba (Vell.) Blake,21.2,27.2,,,,,,,,,,
SEM,2,2,2,425,Fabaceae,Schizolobium parahyba (Vell.) Blake,22.5,46.2,,,,,,,,,,
SEM,2,2,2,426,Fabaceae,Parapiptadenia rigida (Benth.) Brenan,5.5,6.3,,,,,,,,,,
SEM,2,2,2,427,Fabaceae,Schizolobium parahyba (Vell.) Blake,7.5,11.5,,,,,,,,,,
SEM,2,2,2,428,Fabaceae,Schizolobium parahyba (Vell.) Blake,13.1,19.7,,,,,,,,,,
SEM,2,2,2,429,Fabaceae,Schizolobium parahyba (Vell.) Blake,18.8,30.2,,,,,,,,,,
SEM,2,2,2,430,Fabaceae,Schizolobium parahyba (Vell.) Blake,5.7,8.3,,,,,,,,,,
SEM,2,2,2,431,Fabaceae,Schizolobium parahyba (Vell.) Blake,10.8,17.8,,,,,,,,,,
SEM,2,2,2,432,Fabaceae,Enterolobium contortisiliquum (Vell.) Morong,7.8,20.1,,,,,,,,,,
SEM,2,2,2,433,Fabaceae,Schizolobium parahyba (Vell.) Blake,22.4,44.4,,,,,,,,,,
SEM,2,2,2,434,Fabaceae,Schizolobium parahyba (Vell.) Blake,10.5,16.8,,,,,,,,,,
SEM,2,2,2,435,Meliaceae,Trichilia pallida Sw.,5.5,5.7,,,,,,,,,,
SEM,2,2,2,436,Meliaceae,Trichilia pallida Sw.,5.7,5.7,,,,,,,,,,
SEM,2,2,2,437,Meliaceae,Guarea guidonia (L.) Sleumer,4.7,5.3,,,,,,,,,,
DIV,2,2,1,438,Anacardiaceae,Schinus terebinthifolia Raddi.,6.4,8.3,,,,,,,,,,
DIV,2,2,1,439,Moraceae,Ficus sp.,5.7,6.5,,,,,,,,,,
DIV,2,2,1,440,Fabaceae,Machaerium hirtum (Vell.) Stellfeld,6.4,11.7,,,,,,,,,,
DIV,2,2,1,441,Fabaceae,Anadenanthera colubrina var. cebil (Griseb.) Altschul,21.0,28.3,,,,,,,,,,
DIV,2,2,1,442,Moraceae,Ficus sp.,11.6,15.6,,,,,,,,,,
DIV,2,2,1,443,Fabaceae,Dipteryx alata Vogel,12.7,9.9,,,,,,,,,,
DIV,2,2,1,444,Apocynaceae,Tabernaemontana hystrix Steud.,12.1,10.9,,,,,,,,,,
DIV,2,2,1,445,Myrtaceae,Eugenia uniflora L.,4.4,5.2,3.5,,,,,,,,,
DIV,2,2,1,446,Fabaceae,Dipteryx alata Vogel,7.8,7.4,9.1,,,,,,,,,
DIV,2,2,1,447,Fabaceae,Centrolobium tomentosum Guillem. ex Benth.,14.1,30.8,,,,,,,,,,
DIV,2,2,1,448,Apocynaceae,Tabernaemontana hystrix Steud.,10.1,11.5,,,,,,,,,,
DIV,2,2,1,449,Fabaceae,Copaifera langsdorffii Desf.,13.4,12.7,,,,,,,,,,
DIV,2,2,1,450,Fabaceae,Dipteryx alata Vogel,12.0,13.7,,,,,,,,,,
DIV,2,2,1,451,Fabaceae,Machaerium hirtum (Vell.) Stellfeld,11.9,24.5,,,,,,,,,,
DIV,2,2,1,452,Myrtaceae,Psidium guajava L.,2.8,6.5,,,,,,,,,,
DIV,2,2,1,453,Fabaceae,Dipteryx alata Vogel,11.1,13.6,,,,,,,,,,
DIV,2,2,1,454,Fabaceae,Pterogyne nitens Tul.,7.5,9.4,,,,,,,,,,
DIV,2,2,1,455,Fabaceae,Centrolobium tomentosum Guillem. ex Benth.,16.9,22.2,,,,,,,,,,
DIV,2,2,1,456,Euphorbiaceae,Croton floribundus Spreng.,14.0,23.3,,,,,,,,,,
DIV,2,2,1,457,Myrtaceae,Psidium guajava L.,8.2,7.7,5.9,,,,,,,,,
DIV,2,2,2,458,Euphorbiaceae,Croton floribundus Spreng.,14.6,14.7,,,,,,,,,,
DIV,2,2,2,459,Apocynaceae,Tabernaemontana hystrix Steud.,12.1,10.5,4.5,,,,,,,,,
DIV,2,2,2,460,Fabaceae,Machaerium hirtum (Vell.) Stellfeld,19.0,24.4,,,,,,,,,,
DIV,2,2,2,461,Myrtaceae,Psidium guajava L.,5.3,6.4,,,,,,,,,,
DIV,2,2,2,462,Fabaceae,Hymenaea courbaril L.,10.0,8.0,,,,,,,,,,
DIV,2,2,2,463,Fabaceae,Copaifera langsdorffii Desf.,12.8,13.8,,,,,,,,,,
DIV,2,2,2,464,Myrtaceae,Psidium guajava L.,6.8,8.1,,,,,,,,,,
DIV,2,2,2,465,Fabaceae,Machaerium hirtum (Vell.) Stellfeld,4.4,6.1,,,,,,,,,,
DIV,2,2,2,466,Myrtaceae,Psidium guajava L.,4.5,3.3,5.4,2.5,,,,,,,,
DIV,2,2,2,467,Myrtaceae,Psidium guajava L.,6.7,5.9,,,,,,,,,,
DIV,2,2,2,468,Euphorbiaceae,Croton floribundus Spreng.,10.1,30.5,,,,,,,,,,
DIV,2,2,2,469,Myrtaceae,Psidium guajava L.,8.5,7.6,,,,,,,,,,
DIV,2,2,2,470,Euphorbiaceae,Croton floribundus Spreng.,13.6,32.3,,,,,,,,,,
DIV,2,2,2,471,Euphorbiaceae,Croton floribundus Spreng.,12.4,9.0,25.4,,,,,,,,,
DIV,2,2,2,472,Myrtaceae,Psidium guajava L.,6.0,7.0,3.2,,,,,,,,,
DIV,2,2,2,473,Fabaceae,Dipteryx alata Vogel,13.1,19.7,,,,,,,,,,
DIV,2,2,2,474,Fabaceae,Dipteryx alata Vogel,12.3,10.7,,,,,,,,,,
DIV,2,2,2,475,Fabaceae,Machaerium hirtum (Vell.) Stellfeld,11.9,14.4,,,,,,,,,,
DIV,2,2,2,476,Myrtaceae,Psidium guajava L.,9.0,7.7,,,,,,,,,,
DIV,2,2,2,477,Myrtaceae,Psidium guajava L.,10.0,8.3,,,,,,,,,,
DIV,2,2,2,478,Euphorbiaceae,Croton floribundus Spreng.,16.1,22.6,,,,,,,,,,
DIV,2,2,2,479,Fabaceae,Enterolobium contortisiliquum (Vell.) Morong,7.6,10.5,,,,,,,,,,
DIV,2,2,2,480,Fabaceae,Dipteryx alata Vogel,12.8,18.3,,,,,,,,,,
DIV,2,2,2,481,Myrtaceae,Psidium guajava L.,9.2,8.5,,,,,,,,,,
DIV,2,2,2,482,Myrtaceae,Psidium guajava L.,5.1,6.5,,,,,,,,,,
DIV,2,2,2,483,Myrtaceae,Psidium guajava L.,6.4,7.0,4.6,4.1,,,,,,,,
CMLT,2,2,1,484,Fabaceae,Mimosa caesalpininiifolia Benth.,6.5,7.1,5.5,,,,,,,,,
CMLT,2,2,1,485,Combretaceae,Terminalia argentea Mart.,12.8,16.6,,,,,,,,,,
CMLT,2,2,1,486,Fabaceae,Mimosa caesalpininiifolia Benth.,11.1,11.9,,,,,,,,,,
CMLT,2,2,1,487,Fabaceae,Hymenaea courbaril L.,9.3,16.9,,,,,,,,,,
CMLT,2,2,1,488,Fabaceae,Mimosa caesalpininiifolia Benth.,7.9,9.1,3.9,,,,,,,,,
CMLT,2,2,1,489,Fabaceae,Pterogyne nitens Tul.,17.0,29.8,,,,,,,,,,
CMLT,2,2,1,490,Fabaceae,Mimosa caesalpininiifolia Benth.,9.1,10.7,,,,,,,,,,
CMLT,2,2,1,491,Fabaceae,Hymenaea courbaril L.,10.8,17.2,,,,,,,,,,
CMLT,2,2,1,492,Fabaceae,Enterolobium contortisiliquum (Vell.) Morong,8.3,14.5,,,,,,,,,,
CMLT,2,2,1,493,Fabaceae,Copaifera langsdorffii Desf.,4.2,6.1,4.6,,,,,,,,,
CMLT,2,2,1,494,Fabaceae,Mimosa caesalpininiifolia Benth.,8.1,7.3,16.0,17.8,18.1,,,,,,,
CMLT,2,2,1,495,Fabaceae,Parapiptadenia rigida (Benth.) Brenan,5.6,5.8,,,,,,,,,,
CMLT,2,2,1,496,Fabaceae,Hymenaea courbaril L.,8.4,6.9,,,,,,,,,,
CMLT,2,2,1,497,Fabaceae,Mimosa caesalpininiifolia Benth.,10.1,11.8,11.5,12.9,,,,,,,,
CMLT,2,2,2,498,Fabaceae,Pterogyne nitens Tul.,9.1,17.5,,,,,,,,,,
CMLT,2,2,2,499,Fabaceae,Mimosa caesalpininiifolia Benth.,8.9,8.2,,,,,,,,,,
CMLT,2,2,2,500,Bignoniaceae,Handroanthus impetiginosus (Mart. ex DC.) Mattos,9.5,16.9,,,,,,,,,,
CMLT,2,2,2,501,Fabaceae,Mimosa caesalpininiifolia Benth.,7.5,7.2,4.2,,,,,,,,,
CMLT,2,2,2,502,Fabaceae,Pterogyne nitens Tul.,10.5,17.8,,,,,,,,,,
CMLT,2,2,2,503,Fabaceae,Mimosa caesalpininiifolia Benth.,11.4,20.7,6.0,,,,,,,,,
CMLT,2,2,2,504,Fabaceae,Peltophorum dubium (Spreng.) Taub.,9.3,16.1,,,,,,,,,,
CMLT,2,2,2,505,Fabaceae,Piptadenia gonoacantha (Mart.) J.F.Macbr.,10.0,13.5,,,,,,,,,,
CMLT,2,2,2,506,Fabaceae,Hymenaea courbaril L.,10.5,12.7,,,,,,,,,,
CMLT,2,2,2,507,Bignoniaceae,Zeyheria tuberculosa (Vell.) Bureau ex Verl.,10.5,14.0,,,,,,,,,,
CMLT,2,2,2,508,Bignoniaceae,Handroanthus ochraceus,6.5,6.3,,,,,,,,,,
CMLM,2,2,1,509,Fabaceae,Mimosa caesalpininiifolia Benth.,11.4,8.1,3.3,,,,,,,,,
CMLM,2,2,1,510,Euphorbiaceae,Croton floribundus Spreng.,8.2,12.0,,,,,,,,,,
CMLM,2,2,1,511,Fabaceae,Copaifera langsdorffii Desf.,6.7,6.5,,,,,,,,,,
CMLM,2,2,1,512,Fabaceae,Mimosa caesalpininiifolia Benth.,6.9,5.7,,,,,,,,,,
CMLM,2,2,1,513,Fabaceae,Mimosa caesalpininiifolia Benth.,6.6,6.7,,,,,,,,,,
CMLM,2,2,1,514,Myrtaceae,Psidium guajava L.,4.5,7.2,,,,,,,,,,
CMLM,2,2,1,515,Fabaceae,Mimosa caesalpininiifolia Benth.,7.7,13.4,,,,,,,,,,
CMLM,2,2,1,516,Fabaceae,Mimosa caesalpininiifolia Benth.,6.6,7.5,4.9,,,,,,,,,
CMLM,2,2,1,517,Indet 2,Indet 2,7.0,6.5,,,,,,,,,,
CMLM,2,2,1,518,Fabaceae,Enterolobium contortisiliquum (Vell.) Morong,6.3,12.4,,,,,,,,,,
CMLM,2,2,1,519,Fabaceae,Parapiptadenia rigida (Benth.) Brenan,7.7,7.6,,,,,,,,,,
CMLM,2,2,1,520,Fabaceae,Pterogyne nitens Tul.,6.0,7.1,,,,,,,,,,
CMLM,2,2,1,521,Fabaceae,Parapiptadenia rigida (Benth.) Brenan,8.4,5.8,,,,,,,,,,
CMLM,2,2,1,522,Fabaceae,Centrolobium tomentosum Guillem. ex Benth.,12.8,16.2,,,,,,,,,,
CMLM,2,2,1,523,Fabaceae,Pterogyne nitens Tul.,8.5,9.1,,,,,,,,,,
CMLM,2,2,1,524,Fabaceae,Parapiptadenia rigida (Benth.) Brenan,8.3,9.9,,,,,,,,,,
CMLM,2,2,1,525,Euphorbiaceae,Croton floribundus Spreng.,7.1,5.8,6.7,,,,,,,,,
CMLM,2,2,1,526,Fabaceae,Centrolobium tomentosum Guillem. ex Benth.,8.0,6.7,,,,,,,,,,
CMLM,2,2,1,527,Fabaceae,Enterolobium contortisiliquum (Vell.) Morong,7.5,14.1,,,,,,,,,,
CMLM,2,2,1,528,Myrtaceae,Psidium guajava L.,5.5,7.0,4.8,,,,,,,,,
CMLM,2,2,1,529,Fabaceae,Hymenaea courbaril L.,8.2,12.2,,,,,,,,,,
CMLM,2,2,1,530,Fabaceae,Parapiptadenia rigida (Benth.) Brenan,6.9,6.5,,,,,,,,,,
CMLM,2,2,1,531,Fabaceae,Enterolobium contortisiliquum (Vell.) Morong,4.3,5.4,,,,,,,,,,
CMLM,2,2,1,532,Euphorbiaceae,Alchornea glandulosa,6.1,7.3,,,,,,,,,,
CMLM,2,2,1,533,Fabaceae,Peltophorum dubium (Spreng.) Taub.,9.9,19.2,,,,,,,,,,
CMLM,2,2,1,534,Bignoniaceae,Zeyheria tuberculosa (Vell.) Bureau ex Verl.,9.6,9.5,,,,,,,,,,
CMLM,2,2,2,535,Fabaceae,Peltophorum dubium (Spreng.) Taub.,18.2,37.3,,,,,,,,,,
CMLM,2,2,2,536,Bignoniaceae,Zeyheria tuberculosa (Vell.) Bureau ex Verl.,5.7,10.8,,,,,,,,,,
CMLM,2,2,2,537,Meliaceae,Cedrela fissilis Vell.,6.1,7.3,,,,,,,,,,
CMLM,2,2,2,538,Fabaceae,Hymenaea courbaril L.,7.1,10.3,,,,,,,,,,
CMLM,2,2,2,539,Bignoniaceae,Zeyheria tuberculosa (Vell.) Bureau ex Verl.,8.5,11.6,,,,,,,,,,
CMLM,2,2,2,540,Fabaceae,Piptadenia gonoacantha (Mart.) J.F.Macbr.,8.4,8.5,,,,,,,,,,
CMLM,2,2,2,541,Bignoniaceae,Handroanthus impetiginosus (Mart. ex DC.) Mattos,8.8,10.8,,,,,,,,,,
CMLM,2,2,2,542,Fabaceae,Anadenanthera colubrina var. cebil (Griseb.) Altschul,16.7,22.3,,,,,,,,,,
CMLM,2,2,2,543,Fabaceae,Pterogyne nitens Tul.,15.7,25.5,14.0,,,,,,,,,
CMLM,2,2,2,544,Bignoniaceae,Zeyheria tuberculosa (Vell.) Bureau ex Verl.,9.4,14.4,,,,,,,,,,
CMLM,2,2,2,545,Fabaceae,Pterogyne nitens Tul.,8.3,9.8,,,,,,,,,,
CMLM,2,2,2,546,Lamiaceae,Aegiphila integrifolia (Jacq.) Moldenke,8.5,6.1,,,,,,,,,,
CMLM,2,2,2,547,Bignoniaceae,Zeyheria tuberculosa (Vell.) Bureau ex Verl.,8.6,14.3,,,,,,,,,,
CMLM,2,2,2,548,Fabaceae,Peltophorum dubium (Spreng.) Taub.,11.6,18.2,4.3,,,,,,,,,
CMLM,2,2,2,549,Bignoniaceae,Zeyheria tuberculosa (Vell.) Bureau ex Verl.,10.3,13.3,6.0,,,,,,,,,
CMLM,2,2,2,550,Fabaceae,Anadenanthera colubrina var. cebil (Griseb.) Altschul,7.1,7.7,,,,,,,,,,
CMLM,2,2,2,551,Bignoniaceae,Zeyheria tuberculosa (Vell.) Bureau ex Verl.,11.1,13.9,10.5,,,,,,,,,
CON,2,2,1,552,Fabaceae,Peltophorum dubium (Spreng.) Taub.,9.5,15.3,,,,,,,,,,
CON,2,2,1,553,Myrtaceae,Psidium guajava L.,6.0,7.1,4.2,7.0,6.5,7.2,,,,,,
CON,2,2,1,554,Myrtaceae,Psidium guajava L.,4.7,5.4,3.6,4.0,,,,,,,,
CON,2,2,1,555,Bignoniaceae,Tecoma stans (L.) Juss. ex Kunth,8.5,18.5,,,,,,,,,,
CON,2,2,1,556,Myrtaceae,Psidium guajava L.,5.7,4.8,3.6,8.7,3.3,,,,,,,
CON,2,2,1,557,Bignoniaceae,Tecoma stans (L.) Juss. ex Kunth,6.4,5.5,4.3,,,,,,,,,
CON,2,2,1,558,Myrtaceae,Psidium guajava L.,7.0,5.9,5.6,,,,,,,,,
CON,2,2,1,559,Myrtaceae,Psidium guajava L.,8.0,5.7,6.5,4.7,6.7,10.1,,,,,,
CON,2,2,1,560,Asteraceae,Baccharis dracunculifolia DC.,6.4,5.7,4.7,,,,,,,,,
CON,2,2,1,561,Myrtaceae,Psidium guajava L.,6.9,5.2,3.3,5.4,,,,,,,,
CON,2,2,1,562,Myrtaceae,Psidium guajava L.,7.5,9.7,7.0,,,,,,,,,
CON,2,2,1,563,Myrtaceae,Psidium guajava L.,6.4,8.5,6.1,6.5,6.0,12.1,,,,,,
CON,2,2,2,564,Solanaceae,Cestrum cf. intermedium Sendtn.,5.6,6.7,5.7,4.0,,,,,,,,
CON,2,2,2,565,Fabaceae,Peltophorum dubium (Spreng.) Taub.,6.5,6.1,,,,,,,,,,
CON,2,2,2,566,Fabaceae,Peltophorum dubium (Spreng.) Taub.,9.6,17.5,,,,,,,,,,
CON,2,2,2,567,Myrtaceae,Psidium guajava L.,5.5,5.7,5.0,3.2,,,,,,,,
CON,2,2,2,568,Myrtaceae,Psidium guajava L.,5.5,5.1,3.5,5.8,3.5,,,,,,,
CON,2,2,2,569,Myrtaceae,Psidium guajava L.,4.4,6.1,7.0,4.4,3.9,3.5,,,,,,
CON,2,2,2,570,Myrtaceae,Psidium guajava L.,5.5,10.4,,,,,,,,,,
CON,2,2,2,571,Myrtaceae,Psidium guajava L.,4.8,6.4,6.0,6.3,4.3,,,,,,,
CON,2,2,2,572,Myrtaceae,Psidium guajava L.,5.2,7.1,,,,,,,,,,
CON,2,2,2,573,Bignoniaceae,Tecoma stans (L.) Juss. ex Kunth,11.0,11.7,15.2,7.4,,,,,,,,
CON,2,2,2,574,Myrtaceae,Psidium guajava L.,6.0,4.5,6.4,,,,,,,,,
CON,2,2,2,575,Myrtaceae,Psidium guajava L.,5.1,8.5,8.5,3.2,,,,,,,,
CON,2,2,2,576,Myrtaceae,Psidium guajava L.,5.4,6.5,6.3,4.3,4.1,,,,,,,
CON,2,2,2,577,Myrtaceae,Psidium guajava L.,5.0,6.3,4.5,5.3,,,,,,,,
CON,2,2,2,578,Myrtaceae,Psidium guajava L.,5.1,4.6,2.6,7.5,,,,,,,,
CON,2,2,2,579,Asteraceae,Baccharis dracunculifolia DC.,5.2,6.0,3.1,,,,,,,,,
CON,2,2,2,580,Bignoniaceae,Tecoma stans (L.) Juss. ex Kunth,5.3,6.5,,,,,,,,,,
CON,2,2,2,581,Meliaceae,Guarea guidonia (L.) Sleumer,8.1,7.5,,,,,,,,,,
CON,2,2,2,582,Asteraceae,Baccharis dracunculifolia DC.,5.1,5.5,,,,,,,,,,
CON,2,2,2,583,Rutaceae,Citrus sp,3.9,6.0,,,,,,,,,,
DIV,2,3,1,584,Fabaceae,Anadenanthera colubrina var. cebil (Griseb.) Altschul,8.6,6.0,,,,,,,,,,
DIV,2,3,1,585,Fabaceae,Senegalia polyphylla (DC.) Britton & Rose,7.2,5.9,,,,,,,,,,
DIV,2,3,1,586,Fabaceae,Senegalia polyphylla (DC.) Britton & Rose,9.8,10.6,,,,,,,,,,
DIV,2,3,1,587,Fabaceae,Dipteryx alata Vogel,15.5,26.2,,,,,,,,,,
DIV,2,3,1,588,Fabaceae,Anadenanthera colubrina var. cebil (Griseb.) Altschul,9.4,9.4,,,,,,,,,,
DIV,2,3,1,589,Fabaceae,Senegalia polyphylla (DC.) Britton & Rose,4.4,5.3,,,,,,,,,,
DIV,2,3,1,590,Fabaceae,Platypodium elegans Vogel,12.4,10.2,,,,,,,,,,
DIV,2,3,1,591,Fabaceae,Platypodium elegans Vogel,8.9,7.0,,,,,,,,,,
DIV,2,3,1,592,Fabaceae,Senegalia polyphylla (DC.) Britton & Rose,12.6,31.8,,,,,,,,,,
DIV,2,3,1,593,Fabaceae,Anadenanthera colubrina var. cebil (Griseb.) Altschul,6.5,6.0,,,,,,,,,,
DIV,2,3,1,594,Fabaceae,Senegalia polyphylla (DC.) Britton & Rose,13.2,30.5,,,,,,,,,,
DIV,2,3,1,595,Fabaceae,Dipteryx alata Vogel,7.9,5.6,4.0,8.8,5.9,9.0,3.5,,,,,
DIV,2,3,1,596,Fabaceae,Enterolobium contortisiliquum (Vell.) Morong,5.3,5.1,5.6,2.7,,,,,,,,
DIV,2,3,1,597,Fabaceae,Senegalia polyphylla (DC.) Britton & Rose,8.6,12.5,11.0,,,,,,,,,
DIV,2,3,1,598,Fabaceae,Dipteryx alata Vogel,8.6,10.2,9.2,,,,,,,,,
DIV,2,3,2,599,Fabaceae,Piptadenia gonoacantha (Mart.) J.F.Macbr.,13.7,17.8,14.0,,,,,,,,,
DIV,2,3,2,600,Anacardiaceae,Schinus terebinthifolia Raddi.,8.9,10.8,9.4,6.3,,,,,,,,
DIV,2,3,2,601,Fabaceae,Copaifera langsdorffii Desf.,6.3,9.7,,,,,,,,,,
DIV,2,3,2,602,Apocynaceae,Tabernaemontana hystrix Steud.,4.5,5.0,,,,,,,,,,
DIV,2,3,2,603,Fabaceae,Hymenaea courbaril L.,10.0,9.2,,,,,,,,,,
DIV,2,3,2,604,Fabaceae,Dipteryx alata Vogel,16.5,30.1,,,,,,,,,,
DIV,2,3,2,605,Apocynaceae,Tabernaemontana hystrix Steud.,4.1,7.4,,,,,,,,,,
DIV,2,3,2,606,Combretaceae,Terminalia argentea Mart.,17.4,50.0,59.2,,,,,,,,,
DIV,2,3,2,607,Fabaceae,Pterogyne nitens Tul.,7.5,8.0,7.3,,,,,,,,,
SEM,2,3,1,608,Fabaceae,Schizolobium parahyba (Vell.) Blake,14.6,40.7,,,,,,,,,,
SEM,2,3,1,609,Fabaceae,Schizolobium parahyba (Vell.) Blake,15.5,28.9,,,,,,,,,,
SEM,2,3,1,610,Combretaceae,Terminalia argentea Mart.,13.0,21.0,,,,,,,,,,
SEM,2,3,1,611,Fabaceae,Schizolobium parahyba (Vell.) Blake,15.8,30.9,,,,,,,,,,
SEM,2,3,1,612,Apocynaceae,Tabernaemontana hystrix Steud.,3.7,5.2,,,,,,,,,,
SEM,2,3,1,613,Meliaceae,Trichilia pallida Sw.,3.9,6.9,,,,,,,,,,
SEM,2,3,1,614,Fabaceae,Schizolobium parahyba (Vell.) Blake,20.5,33.5,,,,,,,,,,
SEM,2,3,1,615,Fabaceae,Schizolobium parahyba (Vell.) Blake,16.6,35.0,,,,,,,,,,
SEM,2,3,1,616,Fabaceae,Schizolobium parahyba (Vell.) Blake,12.2,13.3,11.5,,,,,,,,,
SEM,2,3,1,617,Fabaceae,Schizolobium parahyba (Vell.) Blake,15.1,32.5,,,,,,,,,,
SEM,2,3,1,618,Fabaceae,Schizolobium parahyba (Vell.) Blake,8.0,21.1,,,,,,,,,,
SEM,2,3,1,619,Fabaceae,Enterolobium contortisiliquum (Vell.) Morong,7.0,15.2,,,,,,,,,,
SEM,2,3,1,620,Fabaceae,Enterolobium contortisiliquum (Vell.) Morong,5.5,9.5,,,,,,,,,,
SEM,2,3,1,621,Fabaceae,Schizolobium parahyba (Vell.) Blake,7.7,17.7,,,,,,,,,,
SEM,2,3,1,622,Fabaceae,Schizolobium parahyba (Vell.) Blake,16.0,34.0,,,,,,,,,,
SEM,2,3,1,623,Fabaceae,Schizolobium parahyba (Vell.) Blake,9.5,24.2,,,,,,,,,,
SEM,2,3,1,624,Bignoniaceae,Tecoma stans (L.) Juss. ex Kunth,4.6,6.3,2.7,,,,,,,,,
SEM,2,3,2,625,Fabaceae,Enterolobium contortisiliquum (Vell.) Morong,2.8,10.2,,,,,,,,,,
SEM,2,3,2,626,Apocynaceae,Tabernaemontana hystrix Steud.,5.8,8.0,,,,,,,,,,
SEM,2,3,2,627,Fabaceae,Schizolobium parahyba (Vell.) Blake,20.6,51.0,,,,,,,,,,
SEM,2,3,2,628,Fabaceae,Schizolobium parahyba (Vell.) Blake,3.9,27.2,,,,,,,,,,
SEM,2,3,2,629,Fabaceae,Schizolobium parahyba (Vell.) Blake,7.9,14.4,,,,,,,,,,
SEM,2,3,2,630,Fabaceae,Schizolobium parahyba (Vell.) Blake,17.6,36.7,,,,,,,,,,
SEM,2,3,2,631,Fabaceae,Schizolobium parahyba (Vell.) Blake,12.2,26.7,,,,,,,,,,
SEM,2,3,2,632,Fabaceae,Schizolobium parahyba (Vell.) Blake,13.5,23.4,,,,,,,,,,
SEM,2,3,2,633,Fabaceae,Peltophorum dubium (Spreng.) Taub.,12.0,15.7,,,,,,,,,,
SEM,2,3,2,634,Fabaceae,Schizolobium parahyba (Vell.) Blake,18.9,32.7,,,,,,,,,,
SEM,2,3,2,635,Fabaceae,Schizolobium parahyba (Vell.) Blake,20.5,30.2,,,,,,,,,,
SEM,2,3,2,636,Fabaceae,Schizolobium parahyba (Vell.) Blake,9.1,15.3,,,,,,,,,,
SEM,2,3,2,637,Fabaceae,Schizolobium parahyba (Vell.) Blake,21.7,42.3,,,,,,,,,,
SEM,2,3,2,638,Fabaceae,Senegalia polyphylla (DC.) Britton & Rose,5.7,6.9,,,,,,,,,,
SEM,2,3,2,639,Apocynaceae,Tabernaemontana hystrix Steud.,4.6,6.3,5.2,,,,,,,,,
SEM,2,3,2,641,Apocynaceae,Tabernaemontana hystrix Steud.,4.4,7.2,,,,,,,,,,
SEM,2,3,2,642,Rutaceae,Citrus sp,3.7,8.2,,,,,,,,,,
SEM,2,3,2,643,Fabaceae,Senegalia polyphylla (DC.) Britton & Rose,6.6,6.0,,,,,,,,,,
CMLT,2,3,1,644,Fabaceae,Copaifera langsdorffii Desf.,5.3,5.1,,,,,,,,,,
CMLT,2,3,1,645,Fabaceae,Hymenaea courbaril L.,16.7,42.2,,,,,,,,,,
CMLT,2,3,1,646,Fabaceae,Parapiptadenia rigida (Benth.) Brenan,11.1,9.1,,,,,,,,,,
CMLT,2,3,1,647,Fabaceae,Peltophorum dubium (Spreng.) Taub.,4.7,5.5,,,,,,,,,,
CMLT,2,3,1,648,Fabaceae,Copaifera langsdorffii Desf.,8.0,10.2,,,,,,,,,,
CMLT,2,3,1,649,Fabaceae,Copaifera langsdorffii Desf.,10.0,11.9,18.0,,,,,,,,,
CMLT,2,3,1,650,Fabaceae,Peltophorum dubium (Spreng.) Taub.,5.9,6.7,,,,,,,,,,
CMLT,2,3,1,651,Fabaceae,Pterogyne nitens Tul.,9.5,11.8,,,,,,,,,,
CMLT,2,3,1,652,Fabaceae,Parapiptadenia rigida (Benth.) Brenan,6.6,8.7,,,,,,,,,,
CMLT,2,3,1,653,Bignoniaceae,Cybistax antisyphilitica (Mart.) Mart.,9.0,9.9,,,,,,,,,,
CMLT,2,3,1,654,Fabaceae,Parapiptadenia rigida (Benth.) Brenan,5.8,5.3,,,,,,,,,,
CMLT,2,3,2,655,Fabaceae,Parapiptadenia rigida (Benth.) Brenan,7.2,6.7,,,,,,,,,,
CMLT,2,3,2,656,Fabaceae,Anadenanthera peregrina falcata,18.0,21.0,,,,,,,,,,
CMLT,2,3,2,657,Fabaceae,Hymenaea courbaril L.,5.7,8.1,,,,,,,,,,
CMLT,2,3,2,658,Fabaceae,Parapiptadenia rigida (Benth.) Brenan,8.5,9.7,2.2,,,,,,,,,
CMLT,2,3,2,659,Fabaceae,Anadenanthera peregrina falcata,17.8,23.3,,,,,,,,,,
CMLT,2,3,2,660,Fabaceae,Peltophorum dubium (Spreng.) Taub.,12.8,13.9,16.4,,,,,,,,,
CMLT,2,3,2,661,Fabaceae,Hymenaea courbaril L.,6.8,6.3,,,,,,,,,,
CMLT,2,3,2,662,Fabaceae,Hymenaea courbaril L.,12.0,15.0,,,,,,,,,,
CMLT,2,3,2,663,Fabaceae,Copaifera langsdorffii Desf.,5.7,10.2,,,,,,,,,,
CMLT,2,3,2,664,Fabaceae,Enterolobium contortisiliquum (Vell.) Morong,5.0,5.9,,,,,,,,,,
CMLT,2,3,2,665,Fabaceae,Anadenanthera colubrina var. cebil (Griseb.) Altschul,7.5,10.8,,,,,,,,,,
CMLT,2,3,2,666,Fabaceae,Copaifera langsdorffii Desf.,5.7,5.1,,,,,,,,,,
CMLT,2,3,2,667,Fabaceae,Hymenaea courbaril L.,7.4,8.4,,,,,,,,,,
CMLT,2,3,2,668,Fabaceae,Hymenaea courbaril L.,8.5,13.9,,,,,,,,,,
CMLT,2,3,2,669,Fabaceae,Anadenanthera colubrina var. cebil (Griseb.) Altschul,13.5,17.5,,,,,,,,,,
CMLT,2,3,2,670,Fabaceae,Parapiptadenia rigida (Benth.) Brenan,7.0,8.4,,,,,,,,,,
CMLT,2,3,2,671,Fabaceae,Anadenanthera colubrina var. cebil (Griseb.) Altschul,6.9,7.2,,,,,,,,,,
CMLT,2,3,2,672,Bignoniaceae,Zeyheria tuberculosa (Vell.) Bureau ex Verl.,6.6,8.5,,,,,,,,,,
CMLM,2,3,1,673,Fabaceae,Parapiptadenia rigida (Benth.) Brenan,4.3,6.1,,,,,,,,,,
CMLM,2,3,1,674,Fabaceae,Copaifera langsdorffii Desf.,3.4,5.3,,,,,,,,,,
CMLM,2,3,1,675,Fabaceae,Enterolobium contortisiliquum (Vell.) Morong,7.0,23.4,,,,,,,,,,
CMLM,2,3,1,676,Fabaceae,Copaifera langsdorffii Desf.,7.7,12.1,,,,,,,,,,
CMLM,2,3,1,677,Fabaceae,Parapiptadenia rigida (Benth.) Brenan,4.9,10.5,,,,,,,,,,
CMLM,2,3,1,678,Solanaceae,Solanum pseudoquina,5.9,5.7,5.4,,,,,,,,,
CMLM,2,3,1,679,Meliaceae,Trichilia pallida Sw.,5.2,7.0,,,,,,,,,,
CMLM,2,3,1,680,Fabaceae,Peltophorum dubium (Spreng.) Taub.,15.5,23.7,31.0,,,,,,,,,
CMLM,2,3,1,681,Fabaceae,Anadenanthera colubrina var. cebil (Griseb.) Altschul,9.2,10.7,,,,,,,,,,
CMLM,2,3,1,682,Fabaceae,Copaifera langsdorffii Desf.,7.7,10.6,,,,,,,,,,
CMLM,2,3,1,683,Fabaceae,Anadenanthera colubrina var. cebil (Griseb.) Altschul,16.1,21.3,,,,,,,,,,
CMLM,2,3,1,684,Meliaceae,Cedrela fissilis Vell.,9.0,17.7,,,,,,,,,,
CMLM,2,3,2,685,Fabaceae,Anadenanthera peregrina falcata,14.5,27.9,,,,,,,,,,
CMLM,2,3,2,686,Fabaceae,Peltophorum dubium (Spreng.) Taub.,10.5,12.3,8.5,,,,,,,,,
CMLM,2,3,2,687,Bignoniaceae,Handroanthus heptaphyllus,10.7,14.5,,,,,,,,,,
CMLM,2,3,2,688,Fabaceae,Copaifera langsdorffii Desf.,7.5,7.2,,,,,,,,,,
CMLM,2,3,2,689,Fabaceae,Hymenaea courbaril L.,9.4,13.1,,,,,,,,,,
CMLM,2,3,2,690,Fabaceae,Hymenaea courbaril L.,12.1,8.5,,,,,,,,,,
CMLM,2,3,2,691,Fabaceae,Anadenanthera colubrina var. cebil (Griseb.) Altschul,20.5,55.4,,,,,,,,,,
CMLM,2,3,2,692,Fabaceae,Enterolobium contortisiliquum (Vell.) Morong,14.1,31.9,,,,,,,,,,
CMLM,2,3,2,693,Fabaceae,Copaifera langsdorffii Desf.,5.2,6.6,,,,,,,,,,
CMLM,2,3,2,694,Fabaceae,Anadenanthera colubrina var. cebil (Griseb.) Altschul,8.7,12.4,,,,,,,,,,
CMLM,2,3,2,695,Bignoniaceae,Handroanthus heptaphyllus,14.1,14.4,,,,,,,,,,
CMLM,2,3,2,696,Fabaceae,Anadenanthera colubrina var. cebil (Griseb.) Altschul,16.0,20.2,,,,,,,,,,
SAFT,2,3,1,697,Fabaceae,Pterogyne nitens Tul.,15.0,32.5,9.9,,,,,,,,,
SAFT,2,3,1,698,Fabaceae,Hymenaea courbaril L.,13.2,13.2,,,,,,,,,,
SAFT,2,3,1,699,Fabaceae,Senegalia polyphylla (DC.) Britton & Rose,9.2,10.2,,,,,,,,,,
SAFT,2,3,1,700,Bignoniaceae,Zeyheria tuberculosa (Vell.) Bureau ex Verl.,10.0,9.6,8.5,,,,,,,,,
SAFT,2,3,1,701,Fabaceae,Anadenanthera colubrina var. cebil (Griseb.) Altschul,20.6,17.6,,,,,,,,,,
SAFT,2,3,1,702,Fabaceae,Peltophorum dubium (Spreng.) Taub.,10.0,8.2,,,,,,,,,,
SAFT,2,3,1,703,Fabaceae,Pterogyne nitens Tul.,16.3,32.1,22.5,9.1,,,,,,,,
SAFT,2,3,1,704,Euphorbiaceae,Croton floribundus Spreng.,9.2,9.6,,,,,,,,,,
SAFT,2,3,1,705,Fabaceae,Hymenaea courbaril L.,11.1,15.5,,,,,,,,,,
SAFT,2,3,2,706,Fabaceae,Enterolobium contortisiliquum (Vell.) Morong,12.1,19.2,,,,,,,,,,
SAFT,2,3,2,707,Meliaceae,Trichilia pallida Sw.,4.8,6.1,3.1,,,,,,,,,
SAFT,2,3,2,708,Fabaceae,Anadenanthera peregrina falcata,18.8,29.1,,,,,,,,,,
SAFT,2,3,2,709,Fabaceae,Hymenaea courbaril L.,6.2,6.7,,,,,,,,,,
SAFT,2,3,2,710,Lamiaceae,Aegiphila integrifolia (Jacq.) Moldenke,9.5,22.2,,,,,,,,,,
SAFT,2,3,2,711,Fabaceae,Hymenaea courbaril L.,10.2,11.2,,,,,,,,,,
SAFT,2,3,2,712,Fabaceae,Pterogyne nitens Tul.,15.4,23.1,,,,,,,,,,
SAFT,2,3,2,713,Fabaceae,Senegalia polyphylla (DC.) Britton & Rose,6.1,5.5,2.7,,,,,,,,,
SAFM,2,3,1,714,Fabaceae,Pterogyne nitens Tul.,11.9,32.7,,,,,,,,,,
SAFM,2,3,1,715,Fabaceae,Enterolobium contortisiliquum (Vell.) Morong,9.4,26.2,,,,,,,,,,
SAFM,2,3,1,716,Fabaceae,Hymenaea courbaril L.,12.2,14.9,,,,,,,,,,
SAFM,2,3,1,717,Euphorbiaceae,Croton floribundus Spreng.,10.4,9.4,,,,,,,,,,
SAFM,2,3,1,718,Bignoniaceae,Zeyheria tuberculosa (Vell.) Bureau ex Verl.,14.3,26.2,,,,,,,,,,
SAFM,2,3,1,719,Fabaceae,Inga vera Willd.,5.0,8.0,,,,,,,,,,
SAFM,2,3,1,720,Euphorbiaceae,Croton floribundus Spreng.,7.0,6.4,,,,,,,,,,
SAFM,2,3,1,721,Fabaceae,Senegalia polyphylla (DC.) Britton & Rose,12.1,16.2,14.1,11.9,,,,,,,,
SAFM,2,3,2,722,Fabaceae,Hymenaea courbaril L.,14.9,21.2,,,,,,,,,,
SAFM,2,3,2,723,Fabaceae,Enterolobium contortisiliquum (Vell.) Morong,5.1,6.4,,,,,,,,,,
SAFM,2,3,2,724,Fabaceae,Anadenanthera colubrina var. cebil (Griseb.) Altschul,18.2,38.7,,,,,,,,,,
SAFM,2,3,2,725,Fabaceae,Peltophorum dubium (Spreng.) Taub.,11.5,14.3,,,,,,,,,,
SAFM,2,3,2,726,Fabaceae,Piptadenia gonoacantha (Mart.) J.F.Macbr.,19.5,49.7,,,,,,,,,,
SAFM,2,3,2,727,Fabaceae,Copaifera langsdorffii Desf.,6.1,8.1,,,,,,,,,,
SAFM,2,3,2,728,Euphorbiaceae,Croton floribundus Spreng.,5.1,5.6,3.6,3.0,,,,,,,,
SAFM,2,3,2,729,Asteraceae,Moquiniastrum polymorphum (Less.) G. Sancho,4.2,6.3,,,,,,,,,,
SAFM,2,3,2,730,Fabaceae,Hymenaea courbaril L.,8.4,13.7,,,,,,,,,,
SAFM,2,3,2,731,Apocynaceae,Tabernaemontana hystrix Steud.,5.5,5.7,,,,,,,,,,
SAFM,2,3,2,732,Myrtaceae,Psidium guajava L.,2.3,5.4,,,,,,,,,,
CON,2,3,1,733,Meliaceae,Cedrela fissilis Vell.,17.4,68.1,,,,,,,,,,
CON,2,3,1,734,Meliaceae,Trichilia pallida Sw.,5.7,6.6,4.9,5.0,,,,,,,,
CON,2,3,1,735,Fabaceae,Inga laurina,7.2,8.4,,,,,,,,,,
CON,2,3,1,736,Fabaceae,Dahlstedtia muehlbergiana,6.5,7.5,,,,,,,,,,
CON,2,3,1,737,Fabaceae,Inga laurina,6.6,5.4,,,,,,,,,,
CON,2,3,1,738,Meliaceae,Trichilia pallida Sw.,4.1,6.3,4.2,,,,,,,,,
CON,2,3,1,739,Fabaceae,Platypodium elegans Vogel,9.8,13.9,,,,,,,,,,
CON,2,3,1,740,Anacardiaceae,Schinus terebinthifolia Raddi.,7.0,6.2,,,,,,,,,,
CON,2,3,1,741,Fabaceae,Dahlstedtia muehlbergiana,4.4,5.5,,,,,,,,,,
CON,2,3,1,742,Fabaceae,Dahlstedtia muehlbergiana,7.1,14.1,,,,,,,,,,
CON,2,3,1,743,Fabaceae,Dahlstedtia muehlbergiana,5.2,8.0,,,,,,,,,,
CON,2,3,1,744,Asteraceae,Moquiniastrum polymorphum (Less.) G. Sancho,6.5,10.8,,,,,,,,,,
CON,2,3,1,745,Fabaceae,Dahlstedtia muehlbergiana,6.2,7.0,3.5,,,,,,,,,
CON,2,3,1,746,Meliaceae,Trichilia pallida Sw.,5.2,6.4,5.3,,,,,,,,,
CON,2,3,1,747,Myrtaceae,Psidium guajava L.,3.8,5.5,4.2,,,,,,,,,
CON,2,3,1,748,Fabaceae,Peltophorum dubium (Spreng.) Taub.,3.7,8.0,,,,,,,,,,
CON,2,3,1,749,Myrtaceae,Psidium guajava L.,4.2,5.1,5.8,3.1,4.1,,,,,,,
CON,2,3,1,750,Meliaceae,Cedrela fissilis Vell.,3.7,5.5,,,,,,,,,,
CON,2,3,2,751,Asteraceae,Moquiniastrum polymorphum (Less.) G. Sancho,9.1,19.2,19.6,,,,,,,,,
CON,2,3,2,752,Bignoniaceae,Handroanthus ochraceus,5.0,7.5,,,,,,,,,,
CON,2,3,2,753,Fabaceae,Piptadenia gonoacantha (Mart.) J.F.Macbr.,9.9,9.3,,,,,,,,,,
CON,2,3,2,754,Meliaceae,Trichilia pallida Sw.,5.0,7.3,,,,,,,,,,
CON,2,3,2,755,Asteraceae,Moquiniastrum polymorphum (Less.) G. Sancho,10.1,24.3,,,,,,,,,,
CON,2,3,2,756,Meliaceae,Trichilia pallida Sw.,5.8,5.6,,,,,,,,,,
CON,2,3,2,757,Meliaceae,Trichilia pallida Sw.,5.5,5.0,,,,,,,,,,
CON,2,3,2,758,Meliaceae,Trichilia pallida Sw.,6.1,5.3,,,,,,,,,,
CON,2,3,2,759,Meliaceae,Trichilia pallida Sw.,5.2,5.4,,,,,,,,,,
CON,2,3,2,760,Boraginaceae,Cordia americana (L.) Gottshling & J. E. Mill.,6.3,6.8,13.8,15.6,9.1,6.3,6.2,,,,,
CON,2,3,2,761,Asteraceae,Moquiniastrum polymorphum (Less.) G. Sancho,7.2,16.2,,,,,,,,,,
CON,2,3,2,762,Fabaceae,Dahlstedtia muehlbergiana,5.7,7.0,,,,,,,,,,
CON,2,3,2,763,Asteraceae,Moquiniastrum polymorphum (Less.) G. Sancho,4.3,6.3,4.3,2.7,,,,,,,,
CON,2,3,2,764,Meliaceae,Trichilia pallida Sw.,6.0,7.1,,,,,,,,,,
CON,2,3,2,765,Asteraceae,Moquiniastrum polymorphum (Less.) G. Sancho,7.1,7.0,,,,,,,,,,
CON,2,3,2,766,Asteraceae,Moquiniastrum polymorphum (Less.) G. Sancho,7.9,6.7,13.0,,,,,,,,,
DIV,2,1,2,767,Myrtaceae,Psidium guajava L.,6.2,6.4,,,,,,,,,,
DIV,2,1,2,768,Myrtaceae,Psidium guajava L.,4.5,6.3,,,,,,,,,,
DIV,2,2,2,769,Euphorbiaceae,Croton floribundus Spreng.,15.5,18.8,22.4,,,,,,,,,
CMLT,1,3,1,1201,Fabaceae,Copaifera langsdorffii Desf.,17.0,19.1,,,,,,,,,,
CMLT,1,3,1,1202,Fabaceae,Pterogyne nitens Tul.,12.9,12.0,8.7,,,,,,,,,
CMLT,1,3,1,1203,Fabaceae,Hymenaea courbaril L.,15.3,16.4,,,,,,,,,,
CMLT,1,3,1,1204,Fabaceae,Hymenaea courbaril L.,11.0,13.2,,,,,,,,,,
CMLT,1,3,1,1205,Fabaceae,Pterogyne nitens Tul.,11.6,10.5,16.7,9.9,,,,,,,,
CMLT,1,3,1,1206,Fabaceae,Hymenaea courbaril L.,7.2,10.1,,,,,,,,,,
CMLT,1,3,1,1207,Cannabaceae,Celtis iguanaea (Jacq.) Sarg.,7.3,5.3,,,,,,,,,,
CMLT,1,3,1,1208,Apocynaceae,Aspidosperma polyneuron Müll. Arg.,8.1,7.3,,,,,,,,,,
CMLT,1,3,1,1209,Fabaceae,Copaifera langsdorffii Desf.,10.2,11.8,,,,,,,,,,
CMLT,1,3,1,1210,Fabaceae,Copaifera langsdorffii Desf.,11.1,8.1,,,,,,,,,,
CMLT,1,3,1,1211,Fabaceae,Lonchocaspus cultratus,20.3,24.9,,,,,,,,,,
CMLT,1,3,1,1212,Euphorbiaceae,Alchornea glandulosa,8.2,5.1,,,,,,,,,,
CMLT,1,3,1,1213,Fabaceae,Myroxylum peruiferum L. f.,19.3,21.5,,,,,,,,,,
CMLT,1,3,1,1214,Fabaceae,Copaifera langsdorffii Desf.,10.9,11.9,13.2,,,,,,,,,
CMLT,1,3,2,1216,Fabaceae,Lonchocaspus cultratus,25.4,26.2,,,,,,,,,,
CMLT,1,3,2,1217,Fabaceae,Piptadenia gonoacantha (Mart.) J.F.Macbr.,5.3,5.7,,,,,,,,,,
CMLT,1,3,2,1218,Fabaceae,Mimosa caesalpininiifolia Benth.,10.6,12.8,15.4,11.7,12.2,14.0,14.3,,,,,
CMLT,1,3,2,1219,Fabaceae,Myroxylum peruiferum L. f.,15.3,17.0,,,,,,,,,,
CMLT,1,3,2,1220,Fabaceae,Copaifera langsdorffii Desf.,10.9,10.9,,,,,,,,,,
CMLT,1,3,2,1221,Apocynaceae,Aspidosperma polyneuron Müll. Arg.,6.7,5.7,,,,,,,,,,
CMLT,1,3,2,1222,Fabaceae,Mimosa caesalpininiifolia Benth.,18.0,16.0,11.3,5.7,21.0,5.9,6.3,,,,,
CMLT,1,3,2,1223,Fabaceae,Mimosa caesalpininiifolia Benth.,15.9,22.3,16.5,21.5,19.3,,,,,,,
CMLT,1,3,2,1224,Fabaceae,Piptadenia gonoacantha (Mart.) J.F.Macbr.,9.4,5.9,,,,,,,,,,
CMLT,1,3,2,1225,Fabaceae,Pterogyne nitens Tul.,11.4,11.7,,,,,,,,,,
CMLT,1,3,2,1226,Fabaceae,Piptadenia gonoacantha (Mart.) J.F.Macbr.,8.3,6.7,,,,,,,,,,
CMLT,1,3,2,1227,Fabaceae,Piptadenia gonoacantha (Mart.) J.F.Macbr.,7.1,5.1,,,,,,,,,,
CMLT,1,3,2,1228,Apocynaceae,Aspidosperma polyneuron Müll. Arg.,7.0,9.2,,,,,,,,,,
CMLT,1,3,2,1229,Fabaceae,Pterogyne nitens Tul.,11.3,18.6,,,,,,,,,,
CMLT,1,3,2,1230,Fabaceae,Mimosa caesalpininiifolia Benth.,7.3,16.4,,,,,,,,,,
CMLT,1,3,2,1231,Fabaceae,Hymenaea courbaril L.,8.8,6.4,,,,,,,,,,
CMLM,1,3,1,1232,Fabaceae,Anadenanthera colubrina var. cebil (Griseb.) Altschul,15.1,20.4,,,,,,,,,,
CMLM,1,3,1,1233,Meliaceae,Cedrela fissilis Vell.,4.0,11.0,,,,,,,,,,
CMLM,1,3,1,1234,Fabaceae,Enterolobium contortisiliquum (Vell.) Morong,6.3,7.0,,,,,,,,,,
CMLM,1,3,1,1235,Fabaceae,Anadenanthera colubrina var. cebil (Griseb.) Altschul,11.3,8.2,,,,,,,,,,
CMLM,1,3,1,1236,Fabaceae,Anadenanthera colubrina var. cebil (Griseb.) Altschul,21.6,43.1,,,,,,,,,,
CMLM,1,3,1,1237,Fabaceae,Pterogyne nitens Tul.,4.5,5.3,4.4,,,,,,,,,
CMLM,1,3,1,1238,Fabaceae,Senegalia polyphylla (DC.) Britton & Rose,9.5,7.0,2.5,,,,,,,,,
CMLM,1,3,1,1239,Fabaceae,Anadenanthera colubrina var. cebil (Griseb.) Altschul,9.9,8.2,,,,,,,,,,
CMLM,1,3,1,1240,Bignoniaceae,Handroanthus impetiginosus (Mart. ex DC.) Mattos,15.8,13.7,,,,,,,,,,
CMLM,1,3,1,1241,Bignoniaceae,Tabebuia roseoalba,7.0,11.2,,,,,,,,,,
CMLM,1,3,1,1242,Fabaceae,Hymenaea courbaril L.,11.0,9.8,,,,,,,,,,
CMLM,1,3,1,1243,Fabaceae,Pterogyne nitens Tul.,6.4,8.1,2.1,,,,,,,,,
CMLM,1,3,1,1244,Bignoniaceae,Zeyheria tuberculosa (Vell.) Bureau ex Verl.,5.6,6.1,,,,,,,,,,
CMLM,1,3,1,1245,Fabaceae,Hymenaea courbaril L.,9.8,11.1,,,,,,,,,,
CMLM,1,3,1,1246,Fabaceae,Anadenanthera colubrina var. cebil (Griseb.) Altschul,14.1,17.0,14.3,,,,,,,,,
CMLM,1,3,1,1247,Fabaceae,Anadenanthera colubrina var. cebil (Griseb.) Altschul,6.4,6.7,,,,,,,,,,
CMLM,1,3,1,1248,Apocynaceae,Tabernaemontana hystrix Steud.,5.8,5.4,,,,,,,,,,
CMLM,1,3,1,1249,Fabaceae,Anadenanthera colubrina var. cebil (Griseb.) Altschul,24.7,90.5,,,,,,,,,,
CMLM,1,3,1,1250,Meliaceae,Cedrela fissilis Vell.,9.5,10.9,11.3,,,,,,,,,
CMLM,1,3,2,1251,Fabaceae,Senegalia polyphylla (DC.) Britton & Rose,17.7,43.1,,,,,,,,,,
CMLM,1,3,2,1252,Meliaceae,Cedrela fissilis Vell.,6.5,8.6,,,,,,,,,,
CMLM,1,3,2,1253,Fabaceae,Anadenanthera colubrina var. cebil (Griseb.) Altschul,23.8,21.8,28.9,,,,,,,,,
CMLM,1,3,2,1254,Fabaceae,Pterogyne nitens Tul.,10.7,11.3,,,,,,,,,,
CMLM,1,3,2,1255,Fabaceae,Hymenaea courbaril L.,8.9,7.6,,,,,,,,,,
CMLM,1,3,2,1256,Bignoniaceae,Cybistax antisyphilitica (Mart.) Mart.,5.5,6.6,4.2,3.2,,,,,,,,
CMLM,1,3,2,1257,Fabaceae,Pterogyne nitens Tul.,11.4,9.3,14.9,,,,,,,,,
CMLM,1,3,2,1258,Urticaceae,Urera baccifera (L.) Gaudich. ex Wedd.,6.3,9.6,4.1,,,,,,,,,
CMLM,1,3,2,1259,Meliaceae,Guarea guidonia (L.) Sleumer,7.6,6.7,,,,,,,,,,
CMLM,1,3,2,1260,Fabaceae,Hymenaea courbaril L.,9.1,6.7,,,,,,,,,,
CMLM,1,3,2,1261,Lauraceae,Nectandra megapotamica (Spreng.) Mez,7.9,7.5,,,,,,,,,,
CMLM,1,3,2,1262,Urticaceae,Cecropia sp.,13.0,11.4,,,,,,,,,,
CMLM,1,3,2,1263,Fabaceae,Anadenanthera colubrina var. cebil (Griseb.) Altschul,7.3,10.5,,,,,,,,,,
CMLM,1,3,2,1264,Fabaceae,Pterogyne nitens Tul.,9.5,11.4,,,,,,,,,,
CMLM,1,3,2,1265,Fabaceae,Hymenaea courbaril L.,6.3,7.0,,,,,,,,,,
CMLM,1,3,2,1266,Fabaceae,Pterogyne nitens Tul.,12.3,6.7,4.8,,,,,,,,,
CMLM,1,3,2,1267,Meliaceae,Trichilia clausseni C. DC.,13.0,12.8,,,,,,,,,,
CMLM,1,3,2,1268,Meliaceae,Cedrela fissilis Vell.,12.1,21.4,,,,,,,,,,
CMLM,1,3,2,1269,Fabaceae,Enterolobium contortisiliquum (Vell.) Morong,10.3,15.0,18.8,,,,,,,,,
CON,1,1,1,1270,Fabaceae,Machaerium brasiliensis,7.9,14.9,,,,,,,,,,
CON,1,1,1,1271,Fabaceae,Machaerium brasiliensis,10.0,16.4,,,,,,,,,,
CON,1,1,1,1272,Apocynaceae,Tabernaemontana hystrix Steud.,7.2,10.5,7.5,,,,,,,,,
CON,1,1,1,1273,Fabaceae,Machaerium brasiliensis,4.0,7.0,,,,,,,,,,
CON,1,1,1,1274,Fabaceae,Lonchocaspus cultratus,6.5,9.8,,,,,,,,,,
CON,1,1,1,1275,Lauraceae,Nectandra megapotamica (Spreng.) Mez,4.6,12.1,,,,,,,,,,
CON,1,1,2,1276,Fabaceae,Machaerium brasiliensis,9.5,15.7,,,,,,,,,,
CON,1,1,2,1277,Fabaceae,Machaerium brasiliensis,5.6,7.6,2.8,,,,,,,,,
CON,1,1,2,1278,Fabaceae,Lonchocaspus cultratus,6.0,5.0,,,,,,,,,,
CON,1,1,2,1279,Fabaceae,Lonchocaspus cultratus,8.9,11.7,,,,,,,,,,
CON,1,1,2,1280,Fabaceae,Lonchocaspus cultratus,4.3,5.0,,,,,,,,,,
CON,1,1,2,1281,Fabaceae,Lonchocaspus cultratus,4.8,8.4,,,,,,,,,,
CON,1,1,2,1282,Fabaceae,Lonchocaspus cultratus,6.9,8.2,,,,,,,,,,
CON,1,1,2,1283,Meliaceae,Cedrela fissilis Vell.,15.6,25.3,,,,,,,,,,
CON,1,1,2,1284,Fabaceae,Machaerium brasiliensis,7.5,16.5,,,,,,,,,,
CON,1,1,2,1285,Meliaceae,Cabralea canjerana (Vell.) Mart.,7.8,14.1,,,,,,,,,,
CON,1,1,2,1286,Fabaceae,Lonchocaspus cultratus,6.7,7.3,,,,,,,,,,
CON,1,1,2,1287,Fabaceae,Machaerium brasiliensis,6.0,10.2,,,,,,,,,,
CON,1,1,2,1288,Fabaceae,Lonchocaspus cultratus,6.9,9.1,,,,,,,,,,
CON,1,1,2,1289,Anacardiaceae,Astronium graveolens Jacq.,7.2,5.6,,,,,,,,,,
CON,1,1,2,1290,Fabaceae,Lonchocaspus cultratus,6.4,6.9,,,,,,,,,,
CON,1,1,2,1292,Fabaceae,Machaerium brasiliensis,3.8,5.6,,,,,,,,,,
CON,1,1,2,1293,Fabaceae,Machaerium brasiliensis,5.4,6.3,,,,,,,,,,
CON,1,1,2,1294,Fabaceae,Lonchocaspus cultratus,6.2,6.5,9.0,,,,,,,,,
CON,1,1,2,1295,Fabaceae,Lonchocaspus cultratus,5.7,8.6,6.3,,,,,,,,,
CON,1,1,2,1296,Verbenaceae,Aloysia virgata (Ruiz & Pav.) Juss.,10.0,12.5,,,,,,,,,,
CON,1,1,2,1297,Fabaceae,Lonchocaspus cultratus,5.5,6.2,,,,,,,,,,
CON,1,1,2,1298,Fabaceae,Machaerium brasiliensis,5.6,9.8,,,,,,,,,,
CON,1,1,2,1299,Fabaceae,Machaerium brasiliensis,4.5,8.5,,,,,,,,,,
DIV,1,1,1,1301,Fabaceae,Machaerium hirtum (Vell.) Stellfeld,12.8,8.3,6.3,13.2,,,,,,,,
DIV,1,1,1,1302,Fabaceae,Pterogyne nitens Tul.,12.5,11.0,,,,,,,,,,
DIV,1,1,1,1303,Anacardiaceae,Schinus terebinthifolia Raddi.,16.7,13.0,23.0,,,,,,,,,
DIV,1,1,1,1304,Anacardiaceae,Schinus terebinthifolia Raddi.,16.4,9.7,,,,,,,,,,
DIV,1,1,1,1305,Anacardiaceae,Schinus terebinthifolia Raddi.,14.7,16.1,20.7,10.6,,,,,,,,
DIV,1,1,1,1306,Fabaceae,Pterogyne nitens Tul.,17.5,24.6,,,,,,,,,,
DIV,1,1,1,1307,Sapindaceae,Allophylus edulis (A.St.-Hil. et al.) Hieron. ex Niederl.,9.7,6.4,6.3,10.3,6.1,5.0,5.1,,,,,
DIV,1,1,1,1308,Anacardiaceae,Schinus terebinthifolia Raddi.,14.5,7.2,8.3,9.7,24.3,13.9,13.4,,,,,
DIV,1,1,1,1309,Sapotaceae,Chrysophyllum gonocarpum (Mart. & Eichler ex Miq.) Engl.,9.1,6.3,,,,,,,,,,
DIV,1,1,1,1310,Myrtaceae,Eugenia pyriformis Cambess.,8.3,6.3,,,,,,,,,,
DIV,1,1,1,1311,Apocynaceae,Tabernaemontana hystrix Steud.,9.1,10.3,9.0,6.1,,,,,,,,
DIV,1,1,1,1312,Malvaceae,Luehea divaricata Mart & Zucc.,6.3,4.9,2.0,5.4,22.0,,,,,,,
DIV,1,1,2,1313,Fabaceae,Machaerium hirtum (Vell.) Stellfeld,12.7,9.2,,,,,,,,,,
DIV,1,1,2,1314,Fabaceae,Pterogyne nitens Tul.,15.3,16.5,,,,,,,,,,
DIV,1,1,2,1315,Myrtaceae,Eugenia uniflora L.,7.3,5.5,4.6,,,,,,,,,
DIV,1,1,2,1316,Myrtaceae,Eugenia uniflora L.,7.6,8.3,3.3,4.2,4.1,,,,,,,
DIV,1,1,2,1317,Fabaceae,Schizolobium parahyba (Vell.) Blake,19.1,27.6,,,,,,,,,,
DIV,1,1,2,1318,Meliaceae,Cedrela fissilis Vell.,9.3,14.0,,,,,,,,,,
DIV,1,1,2,1319,Anacardiaceae,Schinus terebinthifolia Raddi.,8.3,7.1,9.5,,,,,,,,,
DIV,1,1,2,1320,Fabaceae,Anadenanthera colubrina var. cebil (Griseb.) Altschul,17.9,23.9,,,,,,,,,,
DIV,1,1,2,1321,Fabaceae,Machaerium hirtum (Vell.) Stellfeld,13.8,14.9,,,,,,,,,,
DIV,1,1,2,1322,Fabaceae,Centrolobium tomentosum Guillem. ex Benth.,10.7,11.9,,,,,,,,,,
DIV,1,1,2,1323,Moraceae,Ficus sp.,14.0,22.3,,,,,,,,,,
DIV,1,1,2,1324,Anacardiaceae,Schinus terebinthifolia Raddi.,11.2,15.4,26.5,10.6,13.0,2.7,,,,,,
DIV,1,1,2,1325,Verbenaceae,Citharexylum myrianthum Cham.,12.0,28.2,,,,,,,,,,
DIV,1,1,2,1326,Fabaceae,Pterogyne nitens Tul.,11.0,9.8,,,,,,,,,,
DIV,1,1,2,1327,Fabaceae,Pterogyne nitens Tul.,6.8,5.4,,,,,,,,,,
DIV,1,1,2,1328,Fabaceae,Schizolobium parahyba (Vell.) Blake,18.3,23.9,,,,,,,,,,
DIV,1,1,2,1329,Fabaceae,Schizolobium parahyba (Vell.) Blake,18.8,48.2,,,,,,,,,,
DIV,1,1,2,1330,Apocynaceae,Tabernaemontana hystrix Steud.,9.6,13.0,,,,,,,,,,
DIV,1,1,2,1331,Myrtaceae,Eugenia uniflora L.,5.8,5.6,4.3,4.0,4.3,5.1,3.5,,,,,
DIV,1,1,2,1333,Sapindaceae,Allophylus edulis (A.St.-Hil. et al.) Hieron. ex Niederl.,3.0,8.6,2.5,3.0,,,,,,,,
DIV,1,1,2,1334,Myrtaceae,Eugenia uniflora L.,7.5,7.6,,,,,,,,,,
DIV,1,1,2,1335,Fabaceae,Piptadenia gonoacantha (Mart.) J.F.Macbr.,19.0,66.0,,,,,,,,,,
CMLT,1,2,1,1336,Fabaceae,Hymenaea courbaril L.,8.0,10.5,,,,,,,,,,
CMLT,1,2,1,1337,Fabaceae,Pterogyne nitens Tul.,16.7,31.9,8.1,,,,,,,,,
CMLT,1,2,1,1338,Meliaceae,Cedrela fissilis Vell.,13.5,18.5,,,,,,,,,,
CMLT,1,2,1,1339,Fabaceae,Hymenaea courbaril L.,8.5,8.0,,,,,,,,,,
CMLT,1,2,1,1340,Fabaceae,Pterogyne nitens Tul.,17.4,31.4,,,,,,,,,,
CMLT,1,2,1,1341,Fabaceae,Hymenaea courbaril L.,8.0,8.3,,,,,,,,,,
CMLT,1,2,1,1342,Fabaceae,Mimosa caesalpininiifolia Benth.,12.7,13.1,13.8,24.2,13.5,12.5,12.4,17.8,,,,
CMLT,1,2,1,1343,Lamiaceae,Aegiphila integrifolia (Jacq.) Moldenke,7.9,7.0,,,,,,,,,,
CMLT,1,2,1,1344,Fabaceae,Pterogyne nitens Tul.,13.4,13.9,22.3,,,,,,,,,
CMLT,1,2,1,1345,Fabaceae,Cassia ferruginea (Schrad.) Schrad. ex DC.,12.6,11.1,2.8,,,,,,,,,
CMLT,1,2,1,1346,Fabaceae,Mimosa caesalpininiifolia Benth.,12.3,20.6,,,,,,,,,,
CMLT,1,2,1,1347,Fabaceae,Pterogyne nitens Tul.,15.4,14.1,19.6,,,,,,,,,
CMLT,1,2,1,1348,Meliaceae,Cedrela fissilis Vell.,4.8,7.6,,,,,,,,,,
CMLT,1,2,2,1349,Bignoniaceae,Tabebuia roseoalba,6.1,11.1,,,,,,,,,,
CMLT,1,2,2,1350,Fabaceae,Hymenaea courbaril L.,11.1,9.5,,,,,,,,,,
CMLT,1,2,2,1351,Apocynaceae,Tabernaemontana hystrix Steud.,5.8,8.5,,,,,,,,,,
CMLT,1,2,2,1352,Fabaceae,Hymenaea courbaril L.,10.1,10.5,,,,,,,,,,
CMLT,1,2,2,1353,Lauraceae,Nectandra megapotamica (Spreng.) Mez,6.4,5.5,,,,,,,,,,
CMLT,1,2,2,1354,Fabaceae,Anadenanthera colubrina var. cebil (Griseb.) Altschul,20.6,34.2,,,,,,,,,,
CMLT,1,2,2,1355,Fabaceae,Hymenaea courbaril L.,8.9,10.8,,,,,,,,,,
CMLT,1,2,2,1356,Sapindaceae,Diatenopteryx sorbifolia Radlk.,7.6,6.0,,,,,,,,,,
CMLT,1,2,2,1357,Fabaceae,Mimosa caesalpininiifolia Benth.,10.6,17.0,22.3,,,,,,,,,
CMLT,1,2,2,1358,Fabaceae,Parapiptadenia rigida (Benth.) Brenan,6.4,8.6,,,,,,,,,,
CMLT,1,2,2,1359,Fabaceae,Enterolobium contortisiliquum (Vell.) Morong,5.8,8.5,,,,,,,,,,
CMLT,1,2,2,1360,Urticaceae,Urera baccifera (L.) Gaudich. ex Wedd.,5.3,10.7,,,,,,,,,,
CMLT,1,2,2,1361,Fabaceae,Anadenanthera colubrina var. cebil (Griseb.) Altschul,9.4,7.6,,,,,,,,,,
CMLT,1,2,2,1362,Fabaceae,Pterogyne nitens Tul.,7.4,13.1,,,,,,,,,,
CMLT,1,2,2,1363,Urticaceae,Cecropia pachystachya Trécul,9.1,14.1,,,,,,,,,,
CMLT,1,2,2,1364,Lauraceae,Nectandra megapotamica (Spreng.) Mez,5.0,5.3,,,,,,,,,,
CMLT,1,2,2,1365,Meliaceae,Cedrela fissilis Vell.,15.5,30.6,,,,,,,,,,
CMLT,1,2,2,1366,Malvaceae,Ceiba speciosa (A. St.-Hill) Ravenna,6.3,9.1,,,,,,,,,,
CMLT,1,2,2,1367,Meliaceae,Cedrela fissilis Vell.,5.8,10.1,,,,,,,,,,
CMLM,1,2,1,1368,Euphorbiaceae,Alchornea glandulosa,6.8,6.0,,,,,,,,,,
CMLM,1,2,1,1369,Meliaceae,Trichilia clausseni C. DC.,10.0,7.5,,,,,,,,,,
CMLM,1,2,1,1370,Fabaceae,Pterogyne nitens Tul.,14.5,19.0,21.6,17.1,,,,,,,,
CMLM,1,2,1,1371,Fabaceae,Hymenaea courbaril L.,6.1,7.9,,,,,,,,,,
CMLM,1,2,1,1372,Apocynaceae,Aspidosperma polyneuron Müll. Arg.,10.6,13.3,,,,,,,,,,
CMLM,1,2,1,1373,Apocynaceae,Aspidosperma polyneuron Müll. Arg.,10.3,13.0,,,,,,,,,,
CMLM,1,2,1,1374,Fabaceae,Copaifera langsdorffii Desf.,8.9,10.9,,,,,,,,,,
CMLM,1,2,1,1375,Meliaceae,Cedrela fissilis Vell.,10.3,17.7,,,,,,,,,,
CMLM,1,2,1,1376,Verbenaceae,Aloysia virgata (Ruiz & Pav.) Juss.,9.3,7.9,,,,,,,,,,
CMLM,1,2,1,1377,Fabaceae,Myroxylum peruiferum L. f.,4.9,5.2,,,,,,,,,,
CMLM,1,2,1,1378,Fabaceae,Piptadenia gonoacantha (Mart.) J.F.Macbr.,5.8,5.9,,,,,,,,,,
CMLM,1,2,1,1379,Euphorbiaceae,Alchornea glandulosa,8.8,8.4,,,,,,,,,,
CMLM,1,2,1,1380,Fabaceae,Copaifera langsdorffii Desf.,7.1,9.0,,,,,,,,,,
CMLM,1,2,1,1381,Lauraceae,Nectandra megapotamica (Spreng.) Mez,6.2,5.9,,,,,,,,,,
CMLM,1,2,1,1382,Apocynaceae,Aspidosperma polyneuron Müll. Arg.,8.7,9.7,,,,,,,,,,
CMLM,1,2,1,1383,Fabaceae,Pterogyne nitens Tul.,13.9,19.7,,,,,,,,,,
CMLM,1,2,1,1384,Fabaceae,Pterogyne nitens Tul.,19.0,38.8,,,,,,,,,,
CMLM,1,2,1,1385,Fabaceae,Hymenaea courbaril L.,12.9,16.4,,,,,,,,,,
CMLM,1,2,1,1386,Fabaceae,Hymenaea courbaril L.,5.6,5.4,,,,,,,,,,
CMLM,1,2,1,1387,Fabaceae,Piptadenia gonoacantha (Mart.) J.F.Macbr.,5.5,6.2,,,,,,,,,,
CMLM,1,2,1,1388,Fabaceae,Piptadenia gonoacantha (Mart.) J.F.Macbr.,7.3,8.0,,,,,,,,,,
CMLM,1,2,1,1389,Apocynaceae,Aspidosperma polyneuron Müll. Arg.,8.2,13.4,,,,,,,,,,
CMLM,1,2,1,1390,Fabaceae,Piptadenia gonoacantha (Mart.) J.F.Macbr.,4.6,6.0,,,,,,,,,,
CMLM,1,2,1,1391,Fabaceae,Mimosa caesalpininiifolia Benth.,5.9,6.0,,,,,,,,,,
CMLM,1,2,2,1392,Fabaceae,Hymenaea courbaril L.,9.9,14.3,,,,,,,,,,
CMLM,1,2,2,1393,Fabaceae,Hymenaea courbaril L.,9.7,9.2,,,,,,,,,,
CMLM,1,2,2,1394,Fabaceae,Pterogyne nitens Tul.,17.8,38.7,,,,,,,,,,
CMLM,1,2,2,1395,Verbenaceae,Aloysia virgata (Ruiz & Pav.) Juss.,6.7,6.5,,,,,,,,,,
CMLM,1,2,2,1396,Fabaceae,Copaifera langsdorffii Desf.,6.5,8.2,,,,,,,,,,
CMLM,1,2,2,1397,Fabaceae,Myroxylum peruiferum L. f.,21.8,30.1,,,,,,,,,,
CMLM,1,2,2,1398,Fabaceae,Myroxylum peruiferum L. f.,7.0,7.8,,,,,,,,,,
CMLM,1,2,2,1399,Fabaceae,Poecilanthe parviflora Benth.,4.7,5.8,,,,,,,,,,
SEM,1,3,1,1601,Fabaceae,Schizolobium parahyba (Vell.) Blake,26.1,34.4,,,,,,,,,,
SEM,1,3,1,1602,Fabaceae,Mimosa scabrella Benth.,8.1,8.9,,,,,,,,,,
SEM,1,3,1,1603,Fabaceae,Schizolobium parahyba (Vell.) Blake,24.2,42.0,,,,,,,,,,
SEM,1,3,1,1604,Fabaceae,Schizolobium parahyba (Vell.) Blake,28.8,46.3,39.8,,,,,,,,,
SEM,1,3,1,1605,Fabaceae,Schizolobium parahyba (Vell.) Blake,22.0,24.1,,,,,,,,,,
SEM,1,3,1,1606,Fabaceae,Schizolobium parahyba (Vell.) Blake,25.0,26.4,,,,,,,,,,
SEM,1,3,1,1607,Fabaceae,Piptadenia gonoacantha (Mart.) J.F.Macbr.,11.6,10.5,,,,,,,,,,
SEM,1,3,1,1608,Verbenaceae,Citharexylum myrianthum Cham.,7.9,6.0,,,,,,,,,,
SEM,1,3,1,1609,Fabaceae,Schizolobium parahyba (Vell.) Blake,22.6,28.5,,,,,,,,,,
SEM,1,3,1,1610,Fabaceae,Schizolobium parahyba (Vell.) Blake,26.0,32.2,,,,,,,,,,
SEM,1,3,1,1611,Fabaceae,Schizolobium parahyba (Vell.) Blake,16.8,17.2,,,,,,,,,,
SEM,1,3,1,1612,Fabaceae,Schizolobium parahyba (Vell.) Blake,25.2,37.2,,,,,,,,,,
SEM,1,3,1,1613,Fabaceae,Schizolobium parahyba (Vell.) Blake,18.8,18.3,,,,,,,,,,
SEM,1,3,1,1614,Fabaceae,Piptadenia gonoacantha (Mart.) J.F.Macbr.,13.5,13.4,5.9,,,,,,,,,
SEM,1,3,1,1615,Fabaceae,Lonchocaspus cultratus,6.3,5.7,6.7,4.4,3.9,,,,,,,
SEM,1,3,2,1616,Bignoniaceae,Tecoma stans (L.) Juss. ex Kunth,9.6,9.3,,,,,,,,,,
SEM,1,3,2,1617,Fabaceae,Schizolobium parahyba (Vell.) Blake,20.8,46.8,,,,,,,,,,
SEM,1,3,2,1618,Fabaceae,Schizolobium parahyba (Vell.) Blake,22.2,29.8,,,,,,,,,,
SEM,1,3,2,1619,Fabaceae,Piptadenia gonoacantha (Mart.) J.F.Macbr.,14.5,14.3,,,,,,,,,,
SEM,1,3,2,1620,Fabaceae,Schizolobium parahyba (Vell.) Blake,9.8,13.2,,,,,,,,,,
SEM,1,3,2,1621,Fabaceae,Schizolobium parahyba (Vell.) Blake,16.3,28.5,,,,,,,,,,
SEM,1,3,2,1622,Anacardiaceae,Schinus terebinthifolia Raddi.,11.5,12.3,1.9,,,,,,,,,
SEM,1,3,2,1623,Fabaceae,Enterolobium contortisiliquum (Vell.) Morong,5.6,21.4,,,,,,,,,,
SEM,1,3,2,1624,Fabaceae,Schizolobium parahyba (Vell.) Blake,22.4,25.7,,,,,,,,,,
SEM,1,3,2,1625,Fabaceae,Schizolobium parahyba (Vell.) Blake,21.0,26.5,,,,,,,,,,
CMLT,1,1,1,1626,Fabaceae,Piptadenia gonoacantha (Mart.) J.F.Macbr.,20.9,30.8,,,,,,,,,,
CMLT,1,1,1,1627,Fabaceae,Lonchocaspus cultratus,5.7,5.3,,,,,,,,,,
CMLT,1,1,1,1628,Apocynaceae,Tabernaemontana hystrix Steud.,8.3,13.4,6.2,1.6,,,,,,,,
CMLT,1,1,1,1629,Fabaceae,Pterogyne nitens Tul.,7.8,5.0,,,,,,,,,,
CMLT,1,1,1,1630,Fabaceae,Lonchocaspus cultratus,5.6,5.7,,,,,,,,,,
CMLT,1,1,1,1631,Fabaceae,Pterogyne nitens Tul.,10.6,8.3,,,,,,,,,,
CMLT,1,1,1,1632,Fabaceae,Lonchocaspus cultratus,8.2,7.8,,,,,,,,,,
CMLT,1,1,1,1633,Fabaceae,Hymenaea courbaril L.,10.1,12.4,,,,,,,,,,
CMLT,1,1,1,1634,Verbenaceae,Aloysia virgata (Ruiz & Pav.) Juss.,5.9,18.0,,,,,,,,,,
CMLT,1,1,1,1635,Anacardiaceae,Schinus terebinthifolia Raddi.,9.9,16.4,12.6,4.9,,,,,,,,
CMLT,1,1,1,1636,Fabaceae,Hymenaea courbaril L.,7.2,5.9,,,,,,,,,,
CMLT,1,1,1,1637,Fabaceae,Pterogyne nitens Tul.,16.3,32.5,,,,,,,,,,
CMLT,1,1,2,1638,Euphorbiaceae,Alchornea glandulosa,3.6,9.6,,,,,,,,,,
CMLT,1,1,2,1639,Fabaceae,Copaifera langsdorffii Desf.,6.5,8.8,,,,,,,,,,
CMLT,1,1,2,1640,Fabaceae,Myroxylum peruiferum L. f.,13.0,12.7,,,,,,,,,,
CMLT,1,1,2,1641,Fabaceae,Pterogyne nitens Tul.,17.1,30.9,7.9,,,,,,,,,
CMLT,1,1,2,1642,Fabaceae,Pterogyne nitens Tul.,7.1,6.7,,,,,,,,,,
CMLT,1,1,2,1643,Fabaceae,Piptadenia gonoacantha (Mart.) J.F.Macbr.,13.0,11.8,,,,,,,,,,
CMLT,1,1,2,1644,Fabaceae,Enterolobium contortisiliquum (Vell.) Morong,18.3,52.8,,,,,,,,,,
CMLT,1,1,2,1645,Fabaceae,Piptadenia gonoacantha (Mart.) J.F.Macbr.,8.5,6.2,,,,,,,,,,
CMLT,1,1,2,1646,Fabaceae,Pterogyne nitens Tul.,11.6,10.9,,,,,,,,,,
CMLT,1,1,2,1647,Apocynaceae,Aspidosperma polyneuron Müll. Arg.,9.9,8.3,,,,,,,,,,
CMLT,1,1,2,1648,Verbenaceae,Aloysia virgata (Ruiz & Pav.) Juss.,10.3,18.4,,,,,,,,,,
CMLT,1,1,2,1649,Fabaceae,Piptadenia gonoacantha (Mart.) J.F.Macbr.,8.0,9.3,,,,,,,,,,
CMLT,1,1,2,1650,Fabaceae,Mimosa caesalpininiifolia Benth.,11.2,10.5,10.7,19.5,12.1,,,,,,,
CMLT,1,1,2,1651,Verbenaceae,Aloysia virgata (Ruiz & Pav.) Juss.,7.0,10.6,,,,,,,,,,
CMLM,1,1,1,1652,Verbenaceae,Aloysia virgata (Ruiz & Pav.) Juss.,9.6,12.0,12.2,8.9,,,,,,,,
CMLM,1,1,1,1653,Meliaceae,Cedrela fissilis Vell.,10.3,16.7,,,,,,,,,,
CMLM,1,1,1,1654,Fabaceae,Hymenaea courbaril L.,10.6,17.2,,,,,,,,,,
CMLM,1,1,1,1655,Lamiaceae,Aegiphila integrifolia (Jacq.) Moldenke,9.4,10.9,,,,,,,,,,
CMLM,1,1,1,1656,Euphorbiaceae,Alchornea glandulosa,8.9,11.4,,,,,,,,,,
CMLM,1,1,1,1657,Meliaceae,Cedrela fissilis Vell.,8.5,9.8,,,,,,,,,,
CMLM,1,1,1,1658,Meliaceae,Cedrela fissilis Vell.,12.1,13.8,,,,,,,,,,
CMLM,1,1,1,1659,Fabaceae,Pterogyne nitens Tul.,9.3,12.9,,,,,,,,,,
CMLM,1,1,1,1660,Meliaceae,Cedrela fissilis Vell.,11.0,21.8,,,,,,,,,,
CMLM,1,1,1,1661,Meliaceae,Cedrela fissilis Vell.,13.7,17.2,,,,,,,,,,
CMLM,1,1,1,1662,Verbenaceae,Aloysia virgata (Ruiz & Pav.) Juss.,6.3,7.8,,,,,,,,,,
CMLM,1,1,1,1663,Fabaceae,Enterolobium contortisiliquum (Vell.) Morong,10.3,13.0,,,,,,,,,,
CMLM,1,1,1,1664,Meliaceae,Trichilia clausseni C. DC.,5.5,5.0,,,,,,,,,,
CMLM,1,1,1,1665,Verbenaceae,Aloysia virgata (Ruiz & Pav.) Juss.,9.2,16.3,12.2,,,,,,,,,
CMLM,1,1,1,1666,Meliaceae,Cedrela fissilis Vell.,9.4,9.9,,,,,,,,,,
CMLM,1,1,1,1667,Verbenaceae,Aloysia virgata (Ruiz & Pav.) Juss.,7.4,8.9,9.1,,,,,,,,,
CMLM,1,1,1,1668,Fabaceae,Pterogyne nitens Tul.,12.0,19.4,,,,,,,,,,
CMLM,1,1,1,1669,Apocynaceae,Aspidosperma ramiflorum Müll.Arg.,7.2,6.8,,,,,,,,,,
CMLM,1,1,1,1670,Verbenaceae,Aloysia virgata (Ruiz & Pav.) Juss.,6.8,11.2,,,,,,,,,,
CMLM,1,1,1,1671,Fabaceae,Hymenaea courbaril L.,8.0,10.2,,,,,,,,,,
CMLM,1,1,1,1672,Fabaceae,Hymenaea courbaril L.,11.2,12.4,,,,,,,,,,
CMLM,1,1,1,1673,Fabaceae,Lonchocaspus cultratus,6.1,6.5,,,,,,,,,,
CMLM,1,1,1,1674,Meliaceae,Cedrela fissilis Vell.,10.4,15.1,,,,,,,,,,
CMLM,1,1,2,1675,Fabaceae,Piptadenia gonoacantha (Mart.) J.F.Macbr.,7.2,8.0,2.5,,,,,,,,,
CMLM,1,1,2,1676,Fabaceae,Anadenanthera colubrina var. cebil (Griseb.) Altschul,19.6,46.2,,,,,,,,,,
CMLM,1,1,2,1677,Solanaceae,Solanum argenteum Dunal,8.1,7.8,,,,,,,,,,
CMLM,1,1,2,1678,Meliaceae,Cedrela fissilis Vell.,13.1,13.2,,,,,,,,,,
CMLM,1,1,2,1679,Solanaceae,Solanum argenteum Dunal,6.9,5.9,,,,,,,,,,
CMLM,1,1,2,1680,Euphorbiaceae,Alchornea glandulosa,7.4,6.5,,,,,,,,,,
CMLM,1,1,2,1681,Fabaceae,Centrolobium tomentosum Guillem. ex Benth.,9.6,11.2,,,,,,,,,,
CMLM,1,1,2,1682,Fabaceae,Anadenanthera colubrina var. cebil (Griseb.) Altschul,18.4,27.0,,,,,,,,,,
CMLM,1,1,2,1683,Fabaceae,Hymenaea courbaril L.,9.9,9.0,,,,,,,,,,
CMLM,1,1,2,1684,Fabaceae,Anadenanthera colubrina var. cebil (Griseb.) Altschul,21.1,22.0,,,,,,,,,,
CMLM,1,1,2,1685,Fabaceae,Pterogyne nitens Tul.,9.4,12.1,,,,,,,,,,
CMLM,1,1,2,1686,Fabaceae,Hymenaea courbaril L.,10.1,10.8,,,,,,,,,,
CMLM,1,1,2,1687,Fabaceae,Anadenanthera colubrina var. cebil (Griseb.) Altschul,20.3,41.4,,,,,,,,,,
CMLM,1,1,2,1688,Malvaceae,Bastardiopsis densiflora,6.9,5.8,,,,,,,,,,
CMLM,1,1,2,1689,Fabaceae,Piptadenia gonoacantha (Mart.) J.F.Macbr.,14.3,18.8,,,,,,,,,,
CMLM,1,1,2,1690,Fabaceae,Hymenaea courbaril L.,9.5,9.2,,,,,,,,,,
CMLM,1,1,2,1691,Fabaceae,Pterogyne nitens Tul.,8.1,5.2,,,,,,,,,,
CMLM,1,1,2,1692,Fabaceae,Pterogyne nitens Tul.,7.1,7.2,,,,,,,,,,
CMLM,1,1,2,1693,Meliaceae,Cedrela fissilis Vell.,5.4,10.2,,,,,,,,,,
CMLM,1,1,2,1694,Fabaceae,Enterolobium contortisiliquum (Vell.) Morong,10.0,14.8,,,,,,,,,,
CMLM,1,1,2,1695,Fabaceae,Enterolobium contortisiliquum (Vell.) Morong,16.0,25.8,,,,,,,,,,
CMLM,1,1,2,1696,Fabaceae,Anadenanthera colubrina var. cebil (Griseb.) Altschul,20.1,40.6,43.0,,,,,,,,,
CMLM,1,1,2,1697,Lauraceae,Nectandra megapotamica (Spreng.) Mez,7.5,8.5,,,,,,,,,,
CMLM,1,1,2,1698,Fabaceae,Anadenanthera colubrina var. cebil (Griseb.) Altschul,21.7,29.1,,,,,,,,,,
DIV,1,3,1,1701,Fabaceae,Schizolobium parahyba (Vell.) Blake,13.9,15.0,,,,,,,,,,
DIV,1,3,1,1702,Meliaceae,Cedrela fissilis Vell.,9.7,10.9,,,,,,,,,,
DIV,1,3,1,1703,Myrtaceae,Eugenia uniflora L.,6.2,5.0,3.4,,,,,,,,,
DIV,1,3,1,1704,Fabaceae,Schizolobium parahyba (Vell.) Blake,19.2,34.3,,,,,,,,,,
DIV,1,3,1,1705,Fabaceae,Schizolobium parahyba (Vell.) Blake,21.9,30.9,,,,,,,,,,
DIV,1,3,1,1706,Myrtaceae,Eugenia uniflora L.,8.7,5.3,,,,,,,,,,
DIV,1,3,1,1707,Fabaceae,Inga striata Benth.,11.5,9.2,,,,,,,,,,
DIV,1,3,1,1708,Fabaceae,Schizolobium parahyba (Vell.) Blake,21.4,31.7,,,,,,,,,,
DIV,1,3,1,1709,Meliaceae,Cedrela fissilis Vell.,15.0,20.2,,,,,,,,,,
DIV,1,3,1,1710,Arecaceae,Syagrus romanzoffiana (Cham.) Glassman,11.9,15.0,,,,,,,,,,
DIV,1,3,1,1711,Fabaceae,Pterogyne nitens Tul.,12.4,8.5,6.1,,,,,,,,,
DIV,1,3,1,1712,Fabaceae,Dipteryx alata Vogel,9.6,8.4,,,,,,,,,,
DIV,1,3,1,1713,Fabaceae,Dipteryx alata Vogel,13.8,10.2,,,,,,,,,,
DIV,1,3,1,1714,Fabaceae,Anadenanthera colubrina var. cebil (Griseb.) Altschul,25.2,45.9,,,,,,,,,,
DIV,1,3,1,1715,Verbenaceae,Citharexylum myrianthum Cham.,15.8,27.8,,,,,,,,,,
DIV,1,3,1,1716,Fabaceae,Hymenaea courbaril L.,15.2,14.1,,,,,,,,,,
DIV,1,3,1,1717,Fabaceae,Hymenaea courbaril L.,15.3,9.9,,,,,,,,,,
DIV,1,3,1,1718,Fabaceae,Centrolobium tomentosum Guillem. ex Benth.,16.0,9.0,,,,,,,,,,
DIV,1,3,1,1719,Moraceae,Ficus sp.,15.3,14.9,,,,,,,,,,
DIV,1,3,1,1720,Moraceae,Ficus sp.,17.4,24.6,,,,,,,,,,
DIV,1,3,1,1721,Fabaceae,Machaerium hirtum (Vell.) Stellfeld,16.2,16.7,,,,,,,,,,
DIV,1,3,1,1722,Verbenaceae,Citharexylum myrianthum Cham.,18.8,17.1,,,,,,,,,,
DIV,1,3,1,1723,Fabaceae,Anadenanthera colubrina var. cebil (Griseb.) Altschul,12.1,13.4,,,,,,,,,,
DIV,1,3,1,1724,Verbenaceae,Citharexylum myrianthum Cham.,17.4,17.3,,,,,,,,,,
DIV,1,3,1,1725,Fabaceae,Anadenanthera colubrina var. cebil (Griseb.) Altschul,12.6,12.7,,,,,,,,,,
DIV,1,3,1,1726,Verbenaceae,Citharexylum myrianthum Cham.,12.2,6.8,,,,,,,,,,
DIV,1,3,1,1727,Fabaceae,Piptadenia gonoacantha (Mart.) J.F.Macbr.,18.5,35.7,,,,,,,,,,
DIV,1,3,1,1728,Malvaceae,Ceiba speciosa (A. St.-Hill) Ravenna,11.5,16.1,,,,,,,,,,
DIV,1,3,1,1729,Fabaceae,Piptadenia gonoacantha (Mart.) J.F.Macbr.,25.6,32.5,36.0,,,,,,,,,
DIV,1,3,1,1730,Verbenaceae,Citharexylum myrianthum Cham.,12.5,18.3,,,,,,,,,,
DIV,1,3,1,1731,Fabaceae,Anadenanthera peregrina falcata,17.0,24.5,,,,,,,,,,
DIV,1,3,1,1732,Fabaceae,Hymenaea courbaril L.,15.0,15.1,,,,,,,,,,
DIV,1,3,1,1733,Moraceae,Ficus sp.,18.7,20.5,,,,,,,,,,
DIV,1,3,1,1734,Moraceae,Ficus sp.,6.8,7.6,,,,,,,,,,
DIV,1,3,2,1735,Myrtaceae,Eugenia uniflora L.,10.4,5.3,,,,,,,,,,
DIV,1,3,2,1736,Apocynaceae,Tabernaemontana hystrix Steud.,12.0,7.7,2.1,1.6,,,,,,,,
DIV,1,3,2,1737,Fabaceae,Schizolobium parahyba (Vell.) Blake,23.4,38.9,,,,,,,,,,
DIV,1,3,2,1738,Lecythidaceae.,Cariniana estrellensis (Raddi) Kuntze,7.2,5.8,,,,,,,,,,
DIV,1,3,2,1739,Fabaceae,Schizolobium parahyba (Vell.) Blake,12.9,10.2,,,,,,,,,,
DIV,1,3,2,1740,Fabaceae,Dipteryx alata Vogel,16.9,13.0,,,,,,,,,,
DIV,1,3,2,1741,Meliaceae,Cedrela fissilis Vell.,17.8,26.0,,,,,,,,,,
DIV,1,3,2,1742,Fabaceae,Dipteryx alata Vogel,15.5,15.6,,,,,,,,,,
DIV,1,3,2,1744,Fabaceae,Platypodium elegans Vogel,13.0,8.4,,,,,,,,,,
DIV,1,3,2,1745,Apocynaceae,Tabernaemontana hystrix Steud.,10.1,8.0,4.9,,,,,,,,,
DIV,1,3,2,1746,Sapindaceae,Allophylus edulis (A.St.-Hil. et al.) Hieron. ex Niederl.,7.1,8.2,,,,,,,,,,
DIV,1,3,2,1747,Fabaceae,Copaifera langsdorffii Desf.,12.1,12.9,,,,,,,,,,
DIV,1,3,2,1748,Verbenaceae,Citharexylum myrianthum Cham.,19.2,25.6,,,,,,,,,,
DIV,1,3,2,1749,Fabaceae,Hymenaea courbaril L.,11.0,8.1,,,,,,,,,,
DIV,1,3,2,1750,Verbenaceae,Citharexylum myrianthum Cham.,13.0,12.6,,,,,,,,,,
DIV,1,3,2,1751,Fabaceae,Copaifera langsdorffii Desf.,10.2,6.9,,,,,,,,,,
DIV,1,3,2,1752,Fabaceae,Hymenaea courbaril L.,17.6,12.7,,,,,,,,,,
DIV,1,3,2,1753,Verbenaceae,Citharexylum myrianthum Cham.,18.6,22.9,20.8,,,,,,,,,
DIV,1,3,2,1754,Euphorbiaceae,Croton floribundus Spreng.,16.0,21.1,,,,,,,,,,
DIV,1,3,2,1755,Fabaceae,Poecilanthe parviflora Benth.,14.4,8.4,,,,,,,,,,
DIV,1,3,2,1756,Myrtaceae,Psidium guajava L.,6.7,5.4,,,,,,,,,,
DIV,1,3,2,1757,Fabaceae,Hymenaea courbaril L.,10.0,7.6,,,,,,,,,,
DIV,1,3,2,1758,Fabaceae,Copaifera langsdorffii Desf.,9.8,6.1,,,,,,,,,,
DIV,1,3,2,1759,Verbenaceae,Citharexylum myrianthum Cham.,13.6,10.3,,,,,,,,,,
DIV,1,3,2,1760,Fabaceae,Copaifera langsdorffii Desf.,14.6,12.7,,,,,,,,,,
DIV,1,3,2,1761,Verbenaceae,Citharexylum myrianthum Cham.,20.1,33.2,,,,,,,,,,
DIV,1,3,2,1762,Fabaceae,Copaifera langsdorffii Desf.,16.1,13.6,,,,,,,,,,
DIV,1,3,2,1763,Fabaceae,Hymenaea courbaril L.,12.9,11.9,,,,,,,,,,
DIV,1,3,2,1764,Apocynaceae,Aspidosperma ramiflorum Müll.Arg.,12.5,7.7,,,,,,,,,,
DIV,1,3,2,1765,Anacardiaceae,Schinus terebinthifolia Raddi.,13.7,7.5,12.5,11.8,15.1,8.5,,,,,,
DIV,1,3,2,1766,Fabaceae,Pterogyne nitens Tul.,11.4,7.9,,,,,,,,,,
CON,1,1,2,1767,Fabaceae,Machaerium brasiliensis,7.6,10.1,,,,,,,,,,
CON,1,1,2,1768,Fabaceae,Lonchocaspus cultratus,9.2,13.4,,,,,,,,,,
CON,1,1,2,1769,Apocynaceae,Tabernaemontana hystrix Steud.,4.6,9.3,10.4,,,,,,,,,
CON,1,1,2,1770,Fabaceae,Lonchocaspus cultratus,5.9,10.3,,,,,,,,,,
CON,1,1,2,1771,Cannabaceae,Celtis iguanaea (Jacq.) Sarg.,4.4,5.7,,,,,,,,,,
CON,1,1,2,1772,Malvaceae,Ceiba speciosa (A. St.-Hill) Ravenna,4.6,12.1,,,,,,,,,,
CON,1,1,2,1773,Fabaceae,Lonchocaspus cultratus,5.1,6.6,,,,,,,,,,
SEM,1,2,2,1774,Euphorbiaceae,Alchornea glandulosa,4.7,5.5,,,,,,,,,,
SEM,1,2,2,1775,Fabaceae,Lonchocaspus cultratus,19.5,22.9,,,,,,,,,,
SEM,1,2,2,1776,Fabaceae,Lonchocaspus cultratus,5.1,6.5,,,,,,,,,,
SEM,1,2,2,1777,Boraginaceae,Cordia ecalyculata,8.1,14.0,,,,,,,,,,
SEM,1,2,2,1778,Fabaceae,Schizolobium parahyba (Vell.) Blake,17.6,19.2,,,,,,,,,,
CON,1,2,1,1779,Apocynaceae,Tabernaemontana hystrix Steud.,5.5,6.6,,,,,,,,,,
SAFT,1,2,2,1780,Euphorbiaceae,Alchornea triplinervia,8.4,8.2,,,,,,,,,,
SAFT,1,2,2,1781,Lauraceae,Nectandra megapotamica (Spreng.) Mez,11.0,13.7,,,,,,,,,,
SAFT,1,2,2,1782,Fabaceae,Hymenaea courbaril L.,8.6,7.1,,,,,,,,,,
SAFT,1,2,2,1783,Meliaceae,Cedrela fissilis Vell.,7.6,16.6,,,,,,,,,,
SAFT,1,2,2,1784,Apocynaceae,Tabernaemontana hystrix Steud.,5.7,6.6,,,,,,,,,,
SAFT,1,2,2,1785,Verbenaceae,Aloysia virgata (Ruiz & Pav.) Juss.,7.2,6.6,,,,,,,,,,
SAFT,1,2,2,1786,Euphorbiaceae,Alchornea triplinervia,8.4,7.9,,,,,,,,,,
SAFT,1,2,2,1787,Lauraceae,Nectandra megapotamica (Spreng.) Mez,3.1,5.7,,,,,,,,,,
SAFT,1,2,2,1788,Fabaceae,Anadenanthera colubrina var. cebil (Griseb.) Altschul,8.5,6.7,,,,,,,,,,
SAFT,1,2,2,1789,Lamiaceae,Aegiphila integrifolia (Jacq.) Moldenke,11.8,19.9,,,,,,,,,,
SAFT,1,2,2,1790,Urticaceae,Urera baccifera (L.) Gaudich. ex Wedd.,6.5,6.5,,,,,,,,,,
SAFT,1,2,2,1791,Lauraceae,Nectandra megapotamica (Spreng.) Mez,12.2,15.5,,,,,,,,,,
SAFT,1,2,2,1792,Fabaceae,Piptadenia gonoacantha (Mart.) J.F.Macbr.,4.1,5.4,,,,,,,,,,
SAFT,1,2,2,1793,Verbenaceae,Aloysia virgata (Ruiz & Pav.) Juss.,9.3,6.4,,,,,,,,,,
SAFT,1,2,2,1794,Apocynaceae,Tabernaemontana hystrix Steud.,9.4,12.8,,,,,,,,,,
SAFT,1,2,2,1795,Fabaceae,Pterogyne nitens Tul.,19.1,28.6,25.7,,,,,,,,,
SAFT,1,2,2,1796,Fabaceae,Mimosa caesalpininiifolia Benth.,14.8,14.8,15.7,20.4,10.9,9.5,18.3,,,,,
CON,1,3,1,1797,Verbenaceae,Aloysia virgata (Ruiz & Pav.) Juss.,5.0,5.7,2.5,,,,,,,,,
SAFT,1,2,2,1797,Fabaceae,Piptadenia gonoacantha (Mart.) J.F.Macbr.,6.3,7.5,,,,,,,,,,
SAFT,1,2,2,1798,Fabaceae,Pterogyne nitens Tul.,17.8,41.2,17.8,,,,,,,,,
CON,1,3,1,1798,Fabaceae,Platypodium elegans Vogel,12.9,35.9,,,,,,,,,,
CON,1,3,1,1799,Fabaceae,Enterolobium contortisiliquum (Vell.) Morong,14.8,27.9,,,,,,,,,,
SEM,1,2,1,1962,Fabaceae,Piptadenia gonoacantha (Mart.) J.F.Macbr.,5.5,8.5,5.4,5.8,,,,,,,,
SEM,1,2,1,1963,Apocynaceae,Tabernaemontana hystrix Steud.,6.4,5.4,9.5,,,,,,,,,
SEM,1,2,1,1964,Fabaceae,Lonchocaspus cultratus,17.8,24.1,,,,,,,,,,
SEM,1,2,1,1965,Fabaceae,Piptadenia gonoacantha (Mart.) J.F.Macbr.,6.0,7.3,,,,,,,,,,
SEM,1,2,1,1966,Fabaceae,Lonchocaspus cultratus,15.5,18.2,,,,,,,,,,
SEM,1,2,1,1967,Verbenaceae,Aloysia virgata (Ruiz & Pav.) Juss.,4.4,9.1,6.1,7.2,5.1,,,,,,,
SEM,1,2,1,1968,Fabaceae,Lonchocaspus cultratus,8.9,13.7,,,,,,,,,,
SEM,1,2,1,1969,Fabaceae,Lonchocaspus cultratus,6.2,9.9,,,,,,,,,,
SEM,1,2,1,1970,Fabaceae,Lonchocaspus cultratus,7.5,9.8,,,,,,,,,,
SEM,1,2,1,1971,Fabaceae,Lonchocaspus cultratus,13.2,21.5,,,,,,,,,,
SEM,1,2,1,1972,Fabaceae,Lonchocaspus cultratus,15.6,18.3,,,,,,,,,,
SEM,1,2,1,1973,Fabaceae,Piptadenia gonoacantha (Mart.) J.F.Macbr.,5.4,7.5,,,,,,,,,,
SEM,1,2,1,1974,Fabaceae,Lonchocaspus cultratus,9.4,10.5,,,,,,,,,,
SEM,1,2,1,1975,Fabaceae,Lonchocaspus cultratus,12.3,13.9,,,,,,,,,,
SEM,1,2,1,1976,Fabaceae,Schizolobium parahyba (Vell.) Blake,22.7,58.2,,,,,,,,,,
SEM,1,2,1,1977,Anacardiaceae,Schinus terebinthifolia Raddi.,22.7,6.4,,,,,,,,,,
SEM,1,2,1,1978,Fabaceae,Piptadenia gonoacantha (Mart.) J.F.Macbr.,5.7,6.4,7.6,5.7,,,,,,,,
SEM,1,2,1,1979,Fabaceae,Piptadenia gonoacantha (Mart.) J.F.Macbr.,8.3,9.1,,,,,,,,,,
SEM,1,2,1,1980,Fabaceae,Lonchocaspus cultratus,17.4,25.3,,,,,,,,,,
SEM,1,2,1,1981,Fabaceae,Piptadenia gonoacantha (Mart.) J.F.Macbr.,3.5,5.0,,,,,,,,,,
SEM,1,2,1,1982,Caricaceae,Vasconcellea quercifolia A.St.-Hil.,5.0,6.0,,,,,,,,,,
SEM,1,2,1,1983,Fabaceae,Piptadenia gonoacantha (Mart.) J.F.Macbr.,8.8,10.1,,,,,,,,,,
SEM,1,2,1,1984,Fabaceae,Schizolobium parahyba (Vell.) Blake,17.9,31.2,,,,,,,,,,
SEM,1,2,1,1985,Fabaceae,Lonchocaspus cultratus,9.8,13.7,,,,,,,,,,
SEM,1,2,2,1986,Euphorbiaceae,Croton floribundus Spreng.,6.6,5.4,,,,,,,,,,
SEM,1,2,2,1987,Fabaceae,Schizolobium parahyba (Vell.) Blake,19.7,48.0,,,,,,,,,,
SEM,1,2,2,1988,Fabaceae,Schizolobium parahyba (Vell.) Blake,16.1,19.4,,,,,,,,,,
SEM,1,2,2,1989,Fabaceae,Schizolobium parahyba (Vell.) Blake,21.0,48.3,,,,,,,,,,
SEM,1,2,2,1990,Fabaceae,Lonchocaspus cultratus,5.6,8.0,,,,,,,,,,
SEM,1,2,2,1991,Fabaceae,Lonchocaspus cultratus,20.1,25.5,,,,,,,,,,
SEM,1,2,2,1992,Fabaceae,Lonchocaspus cultratus,7.7,10.7,,,,,,,,,,
SEM,1,2,2,1993,Fabaceae,Bauhinia forficata Link,6.2,8.7,,,,,,,,,,
SEM,1,2,2,1994,Fabaceae,Lonchocaspus cultratus,13.8,17.0,,,,,,,,,,
SEM,1,2,2,1995,Solanaceae,Solanum argenteum Dunal,4.9,5.7,,,,,,,,,,
SEM,1,2,2,1996,Euphorbiaceae,Croton floribundus Spreng.,7.2,5.7,,,,,,,,,,
SEM,1,2,2,1997,Fabaceae,Schizolobium parahyba (Vell.) Blake,19.6,46.5,,,,,,,,,,
SEM,1,2,2,1998,Euphorbiaceae,Croton floribundus Spreng.,5.6,5.2,,,,,,,,,,
SEM,1,2,2,1999,Euphorbiaceae,Croton floribundus Spreng.,13.3,18.1,,,,,,,,,,
SAFM,1,1,1,2000,Apocynaceae,Aspidosperma polyneuron Müll. Arg.,6.6,7.4,,,,,,,,,,
SAFM,1,1,1,2001,Fabaceae,Hymenaea courbaril L.,12.3,13.3,,,,,,,,,,
SAFM,1,1,1,2002,Fabaceae,Anadenanthera colubrina var. cebil (Griseb.) Altschul,19.0,26.3,,,,,,,,,,
SAFM,1,1,1,2003,Fabaceae,Anadenanthera colubrina var. cebil (Griseb.) Altschul,12.3,14.2,,,,,,,,,,
SAFM,1,1,1,2004,Fabaceae,Enterolobium contortisiliquum (Vell.) Morong,3.6,5.7,,,,,,,,,,
SAFM,1,1,1,2005,Fabaceae,Pterogyne nitens Tul.,19.5,32.1,,,,,,,,,,
SAFM,1,1,1,2006,Meliaceae,Cedrela fissilis Vell.,8.8,13.7,,,,,,,,,,
SAFM,1,1,1,2007,Fabaceae,Hymenaea courbaril L.,18.2,18.5,,,,,,,,,,
SAFM,1,1,1,2008,Fabaceae,Pterogyne nitens Tul.,19.4,26.8,32.1,,,,,,,,,
SAFM,1,1,1,2009,Verbenaceae,Aloysia virgata (Ruiz & Pav.) Juss.,7.5,8.0,2.9,,,,,,,,,
SAFM,1,1,1,2010,Fabaceae,Hymenaea courbaril L.,8.4,7.3,4.6,,,,,,,,,
SAFM,1,1,1,2011,Fabaceae,Pterogyne nitens Tul.,18.3,17.8,29.9,33.2,,,,,,,,
SAFM,1,1,2,2012,Fabaceae,Enterolobium contortisiliquum (Vell.) Morong,8.9,10.4,,,,,,,,,,
SAFM,1,1,2,2013,Boraginaceae,Cordia americana (L.) Gottshling & J. E. Mill.,18.5,44.0,19.4,,,,,,,,,
SAFM,1,1,2,2014,Fabaceae,Anadenanthera colubrina var. cebil (Griseb.) Altschul,9.6,8.1,,,,,,,,,,
SAFM,1,1,2,2015,Fabaceae,Pterogyne nitens Tul.,17.8,43.3,,,,,,,,,,
SAFM,1,1,2,2016,Lauraceae,Ocotea corymbosa,4.8,6.4,2.6,,,,,,,,,
SAFM,1,1,2,2017,Verbenaceae,Aloysia virgata (Ruiz & Pav.) Juss.,6.2,7.4,2.7,,,,,,,,,
SAFM,1,1,2,2018,Fabaceae,Erythrina falcata Benth.,4.6,5.0,,,,,,,,,,
SAFM,1,1,2,2019,Fabaceae,Anadenanthera colubrina var. cebil (Griseb.) Altschul,8.1,9.5,,,,,,,,,,
SAFM,1,1,2,2020,Fabaceae,Pterogyne nitens Tul.,18.6,5.2,,,,,,,,,,
SAFM,1,1,2,2021,Fabaceae,Piptadenia gonoacantha (Mart.) J.F.Macbr.,5.0,7.0,,,,,,,,,,
SAFM,1,1,2,2022,Fabaceae,Lonchocaspus cultratus,18.6,27.8,,,,,,,,,,
SAFM,1,1,2,2023,Fabaceae,Pterogyne nitens Tul.,18.1,25.9,11.9,,,,,,,,,
SAFM,1,1,2,2024,Fabaceae,Anadenanthera colubrina var. cebil (Griseb.) Altschul,19.3,22.2,,,,,,,,,,
SAFM,1,1,2,2025,Fabaceae,Pterogyne nitens Tul.,18.2,30.6,,,,,,,,,,
SAFT,1,1,1,2026,Fabaceae,Enterolobium contortisiliquum (Vell.) Morong,5.9,7.9,,,,,,,,,,
SAFT,1,1,1,2027,Apocynaceae,Aspidosperma polyneuron Müll. Arg.,6.0,6.8,,,,,,,,,,
SAFT,1,1,1,2028,Fabaceae,Anadenanthera colubrina var. cebil (Griseb.) Altschul,15.8,19.2,,,,,,,,,,
SAFT,1,1,1,2029,Apocynaceae,Aspidosperma polyneuron Müll. Arg.,4.5,6.5,,,,,,,,,,
SAFT,1,1,1,2030,Fabaceae,Hymenaea courbaril L.,11.0,9.9,,,,,,,,,,
SAFT,1,1,1,2031,Fabaceae,Piptadenia gonoacantha (Mart.) J.F.Macbr.,4.8,5.5,,,,,,,,,,
SAFT,1,1,1,2032,Fabaceae,Anadenanthera colubrina var. cebil (Griseb.) Altschul,19.8,28.5,,,,,,,,,,
SAFT,1,1,1,2033,Fabaceae,Anadenanthera colubrina var. cebil (Griseb.) Altschul,13.0,9.1,,,,,,,,,,
SAFT,1,1,1,2034,Bignoniaceae,Zeyheria tuberculosa (Vell.) Bureau ex Verl.,4.4,6.5,,,,,,,,,,
SAFT,1,1,1,2035,Fabaceae,Mimosa caesalpininiifolia Benth.,10.7,8.3,14.6,15.6,7.0,16.5,9.0,9.8,9.9,,,
SAFT,1,1,1,2036,Fabaceae,Pterogyne nitens Tul.,18.7,36.8,,,,,,,,,,
SAFT,1,1,1,2037,Fabaceae,Pterogyne nitens Tul.,19.0,19.2,21.2,,,,,,,,,
SAFT,1,1,1,2038,Fabaceae,Pterogyne nitens Tul.,20.6,44.8,,,,,,,,,,
SAFT,1,1,1,2039,Fabaceae,Mimosa caesalpininiifolia Benth.,12.4,13.5,11.9,7.9,7.0,9.4,13.8,8.2,,,,
SAFT,1,1,1,2040,Fabaceae,Hymenaea courbaril L.,8.0,5.7,,,,,,,,,,
SAFT,1,1,2,2041,Fabaceae,Mimosa caesalpininiifolia Benth.,12.0,11.1,12.4,12.7,10.8,3.6,,,,,,
SAFT,1,1,2,2042,Fabaceae,Mimosa caesalpininiifolia Benth.,14.3,12.4,9.2,12.4,8.5,11.4,10.5,8.9,8.6,13.2,,
SAFT,1,1,2,2043,Fabaceae,Hymenaea courbaril L.,7.5,5.9,,,,,,,,,,
SAFT,1,1,2,2044,Fabaceae,Lonchocaspus cultratus,7.4,6.0,,,,,,,,,,
SAFT,1,1,2,2045,Fabaceae,Pterogyne nitens Tul.,18.4,26.8,34.3,,,,,,,,,
SAFT,1,1,2,2046,Myrtaceae,Eugenia myrcianthes,7.4,7.8,,,,,,,,,,
SAFT,1,1,2,2047,Myrtaceae,Campomanesia xantoparpa,6.4,6.7,5.3,,,,,,,,,
SAFT,1,1,2,2048,Fabaceae,Anadenanthera colubrina var. cebil (Griseb.) Altschul,4.4,5.4,,,,,,,,,,
SAFT,1,1,2,2049,Fabaceae,Anadenanthera colubrina var. cebil (Griseb.) Altschul,7.4,8.2,,,,,,,,,,
SAFT,1,1,2,2050,Fabaceae,Anadenanthera colubrina var. cebil (Griseb.) Altschul,20.9,37.1,,,,,,,,,,
SAFT,1,1,2,2051,Myrtaceae,Campomanesia xantoparpa,5.3,8.0,,,,,,,,,,
SAFT,1,1,2,2052,Meliaceae,Cedrela fissilis Vell.,5.4,8.7,,,,,,,,,,
SAFT,1,1,2,2053,Fabaceae,Pterogyne nitens Tul.,14.5,18.4,,,,,,,,,,
SAFT,1,1,2,2054,Myrtaceae,Eugenia myrcianthes,6.5,7.0,3.7,,,,,,,,,
SAFT,1,1,2,2055,Fabaceae,Mimosa caesalpininiifolia Benth.,8.5,7.3,5.3,8.8,6.7,,,,,,,
CON,1,1,1,2056,Fabaceae,Lonchocaspus cultratus,7.4,11.0,,,,,,,,,,
CON,1,1,1,2057,Fabaceae,Lonchocaspus cultratus,7.1,7.7,,,,,,,,,,
CON,1,1,1,2058,Fabaceae,Lonchocaspus cultratus,5.8,7.1,,,,,,,,,,
CON,1,1,1,2059,Sapindaceae,Diatenopteryx sorbifolia Radlk.,6.4,5.1,,,,,,,,,,
CON,1,1,1,2060,Fabaceae,Lonchocaspus cultratus,8.6,10.7,,,,,,,,,,
CON,1,1,1,2061,Fabaceae,Lonchocaspus cultratus,6.2,5.8,,,,,,,,,,
CON,1,1,1,2062,Fabaceae,Lonchocaspus cultratus,6.1,6.0,,,,,,,,,,
CON,1,1,1,2063,Fabaceae,Lonchocaspus cultratus,5.2,6.0,,,,,,,,,,
CON,1,1,1,2064,Fabaceae,Lonchocaspus cultratus,6.6,7.2,3.9,,,,,,,,,
CON,1,1,1,2065,Apocynaceae,Tabernaemontana hystrix Steud.,5.3,6.1,,,,,,,,,,
CON,1,1,1,2066,Fabaceae,Lonchocaspus cultratus,6.8,8.1,,,,,,,,,,
CON,1,1,1,2067,Fabaceae,Machaerium brasiliensis,5.8,5.4,,,,,,,,,,
CON,1,1,1,2068,Fabaceae,Lonchocaspus cultratus,5.2,7.5,,,,,,,,,,
CON,1,1,1,2069,Fabaceae,Lonchocaspus cultratus,6.0,5.7,,,,,,,,,,
CON,1,1,1,2070,Fabaceae,Machaerium brasiliensis,6.4,7.6,,,,,,,,,,
CON,1,1,1,2071,Fabaceae,Lonchocaspus cultratus,7.0,7.1,3.5,,,,,,,,,
CON,1,1,1,2072,Fabaceae,Lonchocaspus cultratus,6.0,5.4,,,,,,,,,,
CON,1,1,1,2073,Fabaceae,Lonchocaspus cultratus,5.4,6.3,4.2,,,,,,,,,
CON,1,1,1,2074,Meliaceae,Cedrela fissilis Vell.,17.1,38.0,,,,,,,,,,
CON,1,1,1,2075,Malvaceae,Ceiba speciosa (A. St.-Hill) Ravenna,20.9,63.3,,,,,,,,,,
SAFT,1,3,1,3200,Fabaceae,Hymenaea courbaril L.,14.0,13.5,,,,,,,,,,
SAFT,1,3,1,3201,Meliaceae,Cedrela fissilis Vell.,15.4,22.8,,,,,,,,,,
SAFT,1,3,1,3202,Fabaceae,Hymenaea courbaril L.,15.9,26.2,,,,,,,,,,
SAFT,1,3,1,3203,Fabaceae,Dahlstedtia muehlbergiana,4.5,5.2,,,,,,,,,,
SAFT,1,3,1,3204,Myrtaceae,Eugenia myrcianthes,9.1,7.0,,,,,,,,,,
SAFT,1,3,1,3205,Fabaceae,Anadenanthera colubrina var. cebil (Griseb.) Altschul,19.1,30.8,,,,,,,,,,
SAFT,1,3,1,3206,Fabaceae,Mimosa caesalpininiifolia Benth.,10.5,14.1,19.3,11.1,16.2,7.5,10.9,,,,,
SAFT,1,3,1,3207,Fabaceae,Mimosa caesalpininiifolia Benth.,8.9,14.0,8.1,11.0,12.8,12.4,,,,,,
SAFT,1,3,1,3208,Fabaceae,Anadenanthera colubrina var. cebil (Griseb.) Altschul,13.6,8.8,,,,,,,,,,
SAFT,1,3,1,3209,Bignoniaceae,Zeyheria tuberculosa (Vell.) Bureau ex Verl.,11.5,10.0,,,,,,,,,,
SAFT,1,3,1,3210,Fabaceae,Hymenaea courbaril L.,9.6,11.5,,,,,,,,,,
SAFT,1,3,1,3211,Meliaceae,Cedrela fissilis Vell.,11.4,8.4,,,,,,,,,,
SAFT,1,3,1,3212,Fabaceae,Hymenaea courbaril L.,12.5,11.0,,,,,,,,,,
SAFT,1,3,2,3213,Fabaceae,Piptadenia gonoacantha (Mart.) J.F.Macbr.,4.5,5.1,,,,,,,,,,
SAFT,1,3,2,3214,Fabaceae,Pterogyne nitens Tul.,17.5,16.5,9.9,7.0,,,,,,,,
SAFT,1,3,2,3215,Fabaceae,Mimosa caesalpininiifolia Benth.,7.8,5.6,3.8,2.2,,,,,,,,
SAFT,1,3,2,3216,Fabaceae,Pterogyne nitens Tul.,19.3,32.5,27.8,,,,,,,,,
SAFT,1,3,2,3217,Fabaceae,Mimosa caesalpininiifolia Benth.,16.1,11.5,14.4,12.5,13.1,9.5,15.2,,,,,
SAFT,1,3,2,3218,Fabaceae,Mimosa caesalpininiifolia Benth.,16.4,14.5,9.5,,,,,,,,,
SAFT,1,3,2,3219,Bignoniaceae,Zeyheria tuberculosa (Vell.) Bureau ex Verl.,6.8,6.8,,,,,,,,,,
SAFT,1,3,2,3220,Apocynaceae,Aspidosperma polyneuron Müll. Arg.,4.3,5.1,,,,,,,,,,
SAFT,1,3,2,3221,Bignoniaceae,Zeyheria tuberculosa (Vell.) Bureau ex Verl.,6.1,5.6,,,,,,,,,,
SAFT,1,3,2,3222,Fabaceae,Hymenaea courbaril L.,14.7,10.2,,,,,,,,,,
SAFT,1,3,2,3223,Bignoniaceae,Zeyheria tuberculosa (Vell.) Bureau ex Verl.,13.9,15.2,,,,,,,,,,
SAFT,1,3,2,3224,Bignoniaceae,Zeyheria tuberculosa (Vell.) Bureau ex Verl.,14.9,14.9,,,,,,,,,,
SAFT,1,3,2,3225,Fabaceae,Mimosa caesalpininiifolia Benth.,12.1,7.8,,,,,,,,,,
SAFT,1,3,2,3226,Fabaceae,Piptadenia gonoacantha (Mart.) J.F.Macbr.,8.0,10.4,,,,,,,,,,
SAFT,1,3,2,3227,Fabaceae,Pterogyne nitens Tul.,18.2,18.4,21.2,,,,,,,,,
SAFT,1,3,2,3228,Fabaceae,Mimosa caesalpininiifolia Benth.,18.9,14.3,9.4,14.6,11.9,12.4,6.0,14.3,10.1,,,
SAFM,1,3,1,3229,Euphorbiaceae,Alchornea glandulosa,12.0,14.8,,,,,,,,,,
SAFM,1,3,1,3230,Bignoniaceae,Zeyheria tuberculosa (Vell.) Bureau ex Verl.,13.3,13.7,,,,,,,,,,
SAFM,1,3,1,3231,Fabaceae,Mimosa caesalpininiifolia Benth.,9.0,6.9,2.5,,,,,,,,,
SAFM,1,3,1,3232,Fabaceae,Hymenaea courbaril L.,18.5,31.4,,,,,,,,,,
SAFM,1,3,1,3233,Meliaceae,Cedrela fissilis Vell.,14.2,17.1,,,,,,,,,,
SAFM,1,3,1,3234,Fabaceae,Hymenaea courbaril L.,13.1,14.1,,,,,,,,,,
SAFM,1,3,1,3235,Annonaceae,Annona cacans,5.9,6.4,,,,,,,,,,
SAFM,1,3,1,3236,Fabaceae,Anadenanthera colubrina var. cebil (Griseb.) Altschul,22.5,22.6,,,,,,,,,,
SAFM,1,3,1,3237,Fabaceae,Mimosa caesalpininiifolia Benth.,17.3,13.6,17.6,13.7,,,,,,,,
SAFM,1,3,1,3238,Fabaceae,Mimosa caesalpininiifolia Benth.,12.5,11.8,15.2,12.1,,,,,,,,
SAFM,1,3,1,3239,Fabaceae,Pterogyne nitens Tul.,19.6,30.9,,,,,,,,,,
SAFM,1,3,1,3240,Apocynaceae,Aspidosperma polyneuron Müll. Arg.,5.5,5.9,,,,,,,,,,
SAFM,1,3,1,3241,Fabaceae,Hymenaea courbaril L.,22.0,30.8,,,,,,,,,,
SAFM,1,3,1,3242,Bignoniaceae,Zeyheria tuberculosa (Vell.) Bureau ex Verl.,6.1,8.0,,,,,,,,,,
SAFM,1,3,1,3243,Fabaceae,Hymenaea courbaril L.,10.9,8.6,,,,,,,,,,
SAFM,1,3,2,3244,Fabaceae,Peltophorum dubium (Spreng.) Taub.,15.7,13.4,,,,,,,,,,
SAFM,1,3,2,3245,Fabaceae,Mimosa caesalpininiifolia Benth.,14.1,14.4,6.8,21.0,4.4,19.5,,,,,,
SAFM,1,3,2,3246,Fabaceae,Mimosa caesalpininiifolia Benth.,16.3,16.6,20.2,14.8,12.5,,,,,,,
SAFM,1,3,2,3247,Fabaceae,Pterogyne nitens Tul.,12.1,8.8,10.0,,,,,,,,,
SAFM,1,3,2,3248,Fabaceae,Pterogyne nitens Tul.,20.3,27.1,15.0,,,,,,,,,
SAFM,1,3,2,3249,Fabaceae,Peltophorum dubium (Spreng.) Taub.,22.5,30.8,,,,,,,,,,
SAFM,1,3,2,3250,Fabaceae,Mimosa caesalpininiifolia Benth.,7.5,8.3,,,,,,,,,,
SAFM,1,3,2,3251,Lauraceae,Nectandra megapotamica (Spreng.) Mez,6.4,5.1,,,,,,,,,,
SAFM,1,3,2,3252,Fabaceae,Hymenaea courbaril L.,11.5,9.7,,,,,,,,,,
SAFM,1,3,2,3253,Fabaceae,Hymenaea courbaril L.,8.8,11.1,,,,,,,,,,
SAFM,1,3,2,3254,Fabaceae,Pterogyne nitens Tul.,19.6,9.4,26.7,,,,,,,,,
SAFM,1,3,2,3255,Fabaceae,Mimosa caesalpininiifolia Benth.,5.7,5.2,4.5,,,,,,,,,
SAFM,1,3,2,3256,Myrtaceae,Eugenia myrcianthes,10.0,9.7,,,,,,,,,,
SAFM,1,3,2,3257,Verbenaceae,Citharexylum myrianthum Cham.,10.5,6.2,,,,,,,,,,
SAFM,1,3,2,3258,Apocynaceae,Tabernaemontana hystrix Steud.,7.0,5.4,,,,,,,,,,
SEM,1,1,1,3259,Fabaceae,Schizolobium parahyba (Vell.) Blake,24.5,62.5,,,,,,,,,,
SEM,1,1,1,3260,Fabaceae,Piptadenia gonoacantha (Mart.) J.F.Macbr.,21.8,35.7,,,,,,,,,,
SEM,1,1,1,3261,Fabaceae,Schizolobium parahyba (Vell.) Blake,23.3,26.9,,,,,,,,,,
SEM,1,1,1,3262,Fabaceae,Piptadenia gonoacantha (Mart.) J.F.Macbr.,16.0,17.1,4.2,7.0,,,,,,,,
SEM,1,1,1,3263,Fabaceae,Schizolobium parahyba (Vell.) Blake,11.8,16.1,15.6,,,,,,,,,
SEM,1,1,1,3264,Verbenaceae,Aloysia virgata (Ruiz & Pav.) Juss.,4.3,5.9,,,,,,,,,,
SEM,1,1,1,3265,Fabaceae,Schizolobium parahyba (Vell.) Blake,16.3,24.5,,,,,,,,,,
SEM,1,1,1,3266,Fabaceae,Schizolobium parahyba (Vell.) Blake,18.2,36.9,,,,,,,,,,
SEM,1,1,1,3267,Fabaceae,Piptadenia gonoacantha (Mart.) J.F.Macbr.,7.3,6.5,,,,,,,,,,
SEM,1,1,1,3268,Fabaceae,Schizolobium parahyba (Vell.) Blake,23.8,59.7,,,,,,,,,,
SEM,1,1,1,3269,Fabaceae,Lonchocaspus cultratus,16.5,17.7,,,,,,,,,,
SEM,1,1,1,3270,Lauraceae,Nectandra megapotamica (Spreng.) Mez,8.4,8.1,,,,,,,,,,
SEM,1,1,1,3271,Fabaceae,Piptadenia gonoacantha (Mart.) J.F.Macbr.,9.4,8.8,,,,,,,,,,
SEM,1,1,1,3272,Fabaceae,Schizolobium parahyba (Vell.) Blake,24.5,52.0,,,,,,,,,,
SEM,1,1,1,3273,Fabaceae,Schizolobium parahyba (Vell.) Blake,11.9,9.2,,,,,,,,,,
SEM,1,1,1,3274,Fabaceae,Schizolobium parahyba (Vell.) Blake,18.8,22.7,,,,,,,,,,
SEM,1,1,1,3275,Fabaceae,Schizolobium parahyba (Vell.) Blake,20.9,51.4,,,,,,,,,,
SEM,1,1,1,3276,Fabaceae,Bauhinia forficata Link,7.3,5.8,,,,,,,,,,
SEM,1,1,2,3277,Fabaceae,Piptadenia gonoacantha (Mart.) J.F.Macbr.,11.3,8.9,,,,,,,,,,
SEM,1,1,2,3278,Fabaceae,Schizolobium parahyba (Vell.) Blake,19.6,46.0,,,,,,,,,,
SEM,1,1,2,3279,Fabaceae,Piptadenia gonoacantha (Mart.) J.F.Macbr.,7.2,7.5,,,,,,,,,,
SEM,1,1,2,3280,Fabaceae,Schizolobium parahyba (Vell.) Blake,19.0,38.7,,,,,,,,,,
SEM,1,1,2,3281,Fabaceae,Piptadenia gonoacantha (Mart.) J.F.Macbr.,7.5,6.1,,,,,,,,,,
SEM,1,1,2,3282,Fabaceae,Schizolobium parahyba (Vell.) Blake,14.4,17.3,,,,,,,,,,
SEM,1,1,2,3283,Meliaceae,Cedrela fissilis Vell.,14.5,22.4,,,,,,,,,,
SEM,1,1,2,3284,Fabaceae,Piptadenia gonoacantha (Mart.) J.F.Macbr.,18.5,25.1,8.8,,,,,,,,,
SEM,1,1,2,3285,Fabaceae,Piptadenia gonoacantha (Mart.) J.F.Macbr.,10.3,13.9,10.5,,,,,,,,,
CON,1,1,1,3286,Fabaceae,Machaerium brasiliensis,7.8,8.1,,,,,,,,,,
CON,1,1,1,3287,Lauraceae,Nectandra megapotamica (Spreng.) Mez,6.7,5.3,,,,,,,,,,
CON,1,1,1,3288,Fabaceae,Machaerium brasiliensis,9.2,10.3,,,,,,,,,,
CON,1,1,1,3289,Meliaceae,Cedrela fissilis Vell.,5.8,13.8,,,,,,,,,,
CON,1,1,1,3290,Meliaceae,Cabralea canjerana (Vell.) Mart.,8.2,10.0,,,,,,,,,,
CON,1,1,1,3291,Fabaceae,Lonchocaspus cultratus,8.4,15.6,,,,,,,,,,
CON,1,1,1,3292,Lauraceae,Nectandra megapotamica (Spreng.) Mez,7.5,7.8,,,,,,,,,,
CON,1,1,1,3293,Fabaceae,Lonchocaspus cultratus,5.2,9.8,,,,,,,,,,
CON,1,1,1,3294,Verbenaceae,Aloysia virgata (Ruiz & Pav.) Juss.,4.6,9.4,,,,,,,,,,
CON,1,1,1,3295,Salicaceae,Casearia sylvestris Sw.,11.3,22.5,10.9,12.9,9.5,,,,,,,
CON,1,1,1,3296,Fabaceae,Lonchocaspus cultratus,4.6,5.5,,,,,,,,,,
CON,1,1,1,3297,Fabaceae,Machaerium brasiliensis,10.7,13.0,,,,,,,,,,
CON,1,1,1,3298,Fabaceae,Lonchocaspus cultratus,7.2,7.3,4.2,4.6,,,,,,,,
CON,1,1,1,3299,Fabaceae,Machaerium brasiliensis,9.6,20.5,,,,,,,,,,
CON,1,1,1,3300,Lauraceae,Nectandra megapotamica (Spreng.) Mez,5.2,5.1,,,,,,,,,,
CMLM,1,2,2,3582,Verbenaceae,Aloysia virgata (Ruiz & Pav.) Juss.,18.7,11.7,,,,,,,,,,
CMLM,1,2,2,3583,Fabaceae,Myroxylum peruiferum L. f.,16.6,23.5,,,,,,,,,,
CMLM,1,2,2,3584,Fabaceae,Myroxylum peruiferum L. f.,16.2,20.2,,,,,,,,,,
CMLM,1,2,2,3585,Fabaceae,Piptadenia gonoacantha (Mart.) J.F.Macbr.,7.4,10.6,,,,,,,,,,
CMLM,1,2,2,3586,Malvaceae,Guazuma ulmifolia Lamarck.,6.3,9.9,,,,,,,,,,
CMLM,1,2,2,3587,Apocynaceae,Tabernaemontana hystrix Steud.,4.8,8.0,,,,,,,,,,
CMLM,1,2,2,3588,Apocynaceae,Tabernaemontana hystrix Steud.,5.8,7.9,,,,,,,,,,
CMLM,1,2,2,3589,Apocynaceae,Tabernaemontana hystrix Steud.,7.5,13.8,,,,,,,,,,
CMLM,1,2,2,3590,Apocynaceae,Aspidosperma polyneuron Müll. Arg.,6.1,9.6,,,,,,,,,,
CMLM,1,2,2,3591,Fabaceae,Centrolobium tomentosum Guillem. ex Benth.,3.9,5.7,,,,,,,,,,
CMLM,1,2,2,3592,Fabaceae,Piptadenia gonoacantha (Mart.) J.F.Macbr.,4.5,6.7,,,,,,,,,,
CMLM,1,2,2,3593,Fabaceae,Peltophorum dubium (Spreng.) Taub.,17.9,38.8,,,,,,,,,,
CMLM,1,2,2,3594,Fabaceae,Hymenaea courbaril L.,8.5,8.6,,,,,,,,,,
CMLM,1,2,2,3595,Apocynaceae,Tabernaemontana hystrix Steud.,5.7,5.7,,,,,,,,,,
CMLM,1,2,2,3596,Fabaceae,Piptadenia gonoacantha (Mart.) J.F.Macbr.,5.0,5.5,,,,,,,,,,
CMLM,1,2,2,3597,Fabaceae,Hymenaea courbaril L.,18.7,21.7,,,,,,,,,,
DIV,1,2,1,4956,Malvaceae,Luehea divaricata Mart & Zucc.,10.4,15.4,4.8,,,,,,,,,
DIV,1,2,1,4957,Anacardiaceae,Schinus terebinthifolia Raddi.,7.0,19.0,16.5,4.0,,,,,,,,
DIV,1,2,1,4958,Anacardiaceae,Schinus terebinthifolia Raddi.,6.5,8.4,5.9,,,,,,,,,
DIV,1,2,1,4959,Anacardiaceae,Schinus terebinthifolia Raddi.,13.1,16.0,25.3,10.2,,,,,,,,
DIV,1,2,1,4960,Anacardiaceae,Schinus terebinthifolia Raddi.,12.7,17.4,,,,,,,,,,
DIV,1,2,1,4961,Fabaceae,Centrolobium tomentosum Guillem. ex Benth.,17.6,15.3,17.0,,,,,,,,,
DIV,1,2,1,4962,Myrtaceae,Eugenia pyriformis Cambess.,8.9,6.1,,,,,,,,,,
DIV,1,2,1,4963,Fabaceae,Schizolobium parahyba (Vell.) Blake,21.9,53.7,,,,,,,,,,
DIV,1,2,1,4964,Malvaceae,Luehea divaricata Mart & Zucc.,9.6,19.9,5.5,,,,,,,,,
DIV,1,2,1,4965,Fabaceae,Machaerium brasiliensis,14.8,19.4,,,,,,,,,,
DIV,1,2,1,4966,Fabaceae,Machaerium brasiliensis,4.7,6.1,,,,,,,,,,
DIV,1,2,2,4967,Anacardiaceae,Schinus terebinthifolia Raddi.,6.2,12.2,8.4,8.6,11.2,,,,,,,
DIV,1,2,2,4968,Verbenaceae,Citharexylum myrianthum Cham.,16.3,26.5,,,,,,,,,,
DIV,1,2,2,4969,Anacardiaceae,Schinus terebinthifolia Raddi.,9.3,9.2,,,,,,,,,,
DIV,1,2,2,4970,Fabaceae,Enterolobium contortisiliquum (Vell.) Morong,20.8,40.8,,,,,,,,,,
DIV,1,2,2,4971,Fabaceae,Centrolobium tomentosum Guillem. ex Benth.,20.0,22.2,,,,,,,,,,
DIV,1,2,2,4972,Fabaceae,Poecilanthe parviflora Benth.,9.7,14.9,7.4,,,,,,,,,
DIV,1,2,2,4973,Euphorbiaceae,Croton floribundus Spreng.,13.6,16.0,,,,,,,,,,
DIV,1,2,2,4974,Malvaceae,Luehea divaricata Mart & Zucc.,12.3,29.5,16.4,,,,,,,,,
DIV,1,2,2,4975,Fabaceae,Poecilanthe parviflora Benth.,6.5,8.5,,,,,,,,,,
DIV,1,2,2,4976,Fabaceae,Machaerium hirtum (Vell.) Stellfeld,10.7,15.9,,,,,,,,,,
DIV,1,2,2,4977,Fabaceae,Lonchocaspus cultratus,8.0,7.8,9.5,8.8,,,,,,,,
DIV,1,2,2,4978,Verbenaceae,Aloysia virgata (Ruiz & Pav.) Juss.,4.3,9.2,,,,,,,,,,
DIV,1,2,2,4979,Fabaceae,Lonchocaspus cultratus,4.3,5.9,3.2,2.3,,,,,,,,
DIV,1,2,2,4980,Fabaceae,Hymenaea courbaril L.,10.5,17.5,,,,,,,,,,
DIV,1,2,2,4981,Fabaceae,Dipteryx alata Vogel,3.7,5.5,,,,,,,,,,
DIV,1,2,2,4982,Fabaceae,Piptadenia gonoacantha (Mart.) J.F.Macbr.,4.9,6.3,3.4,,,,,,,,,
DIV,1,2,2,4983,Lauraceae,Ocotea corymbosa,15.8,12.4,,,,,,,,,,
SAFM,1,2,1,7440,Fabaceae,Parapiptadenia rigida (Benth.) Brenan,8.1,5.7,4.0,,,,,,,,,
SAFM,1,2,1,7441,Fabaceae,Mimosa caesalpininiifolia Benth.,9.1,21.2,,,,,,,,,,
SAFM,1,2,1,7442,Fabaceae,Piptadenia gonoacantha (Mart.) J.F.Macbr.,7.2,5.8,,,,,,,,,,
SAFM,1,2,1,7443,Fabaceae,Piptadenia gonoacantha (Mart.) J.F.Macbr.,7.0,7.0,,,,,,,,,,
SAFM,1,2,1,7444,Fabaceae,Hymenaea courbaril L.,7.4,7.3,,,,,,,,,,
SAFM,1,2,1,7445,Fabaceae,Mimosa caesalpininiifolia Benth.,11.9,10.8,,,,,,,,,,
SAFM,1,2,1,7446,Fabaceae,Pterogyne nitens Tul.,16.2,32.2,,,,,,,,,,
SAFM,1,2,1,7447,Meliaceae,Cedrela fissilis Vell.,5.9,14.2,,,,,,,,,,
SAFM,1,2,1,7448,Euphorbiaceae,Alchornea glandulosa,6.9,7.2,,,,,,,,,,
SAFM,1,2,1,7449,Euphorbiaceae,Alchornea glandulosa,6.4,6.1,,,,,,,,,,
SAFM,1,2,1,7450,Myrtaceae,Eugenia myrcianthes,6.2,9.2,,,,,,,,,,
SAFM,1,2,1,7451,Verbenaceae,Aloysia virgata (Ruiz & Pav.) Juss.,5.9,6.5,,,,,,,,,,
SAFM,1,2,1,7452,Verbenaceae,Aloysia virgata (Ruiz & Pav.) Juss.,6.5,9.2,,,,,,,,,,
SAFM,1,2,1,7453,Myrtaceae,Campomanesia xantoparpa,8.7,8.2,,,,,,,,,,
SAFM,1,2,1,7454,Euphorbiaceae,Alchornea glandulosa,8.3,6.8,,,,,,,,,,
SAFM,1,2,1,7455,Fabaceae,Hymenaea courbaril L.,15.1,26.7,,,,,,,,,,
SAFM,1,2,1,7456,Urticaceae,Urera baccifera (L.) Gaudich. ex Wedd.,4.1,7.8,,,,,,,,,,
SAFM,1,2,1,7457,Fabaceae,Senegalia polyphylla (DC.) Britton & Rose,9.8,10.6,,,,,,,,,,
SAFM,1,2,1,7458,Euphorbiaceae,Alchornea glandulosa,5.6,6.8,,,,,,,,,,
SAFM,1,2,1,7459,Fabaceae,Pterogyne nitens Tul.,10.9,12.5,12.9,,,,,,,,,
SAFM,1,2,1,7460,Verbenaceae,Aloysia virgata (Ruiz & Pav.) Juss.,9.0,5.9,,,,,,,,,,
SAFM,1,2,2,7461,Primulaceae,Myrsine umbellata,7.7,6.0,,,,,,,,,,
SAFM,1,2,2,7462,Urticaceae,Urera baccifera (L.) Gaudich. ex Wedd.,6.6,11.1,,,,,,,,,,
SAFM,1,2,2,7463,Fabaceae,Hymenaea courbaril L.,5.8,7.3,,,,,,,,,,
SAFM,1,2,2,7464,Fabaceae,Anadenanthera colubrina var. cebil (Griseb.) Altschul,19.4,36.0,,,,,,,,,,
SAFM,1,2,2,7465,Fabaceae,Hymenaea courbaril L.,13.1,28.1,,,,,,,,,,
SAFM,1,2,2,7466,Fabaceae,Enterolobium contortisiliquum (Vell.) Morong,17.5,60.3,,,,,,,,,,
SAFM,1,2,2,7467,Cannabaceae,Celtis iguanaea (Jacq.) Sarg.,6.6,5.9,,,,,,,,,,
SAFM,1,2,2,7468,Urticaceae,Urera baccifera (L.) Gaudich. ex Wedd.,7.1,9.6,,,,,,,,,,
SAFM,1,2,2,7469,Fabaceae,Pterogyne nitens Tul.,20.2,25.2,28.6,,,,,,,,,
SAFM,1,2,2,7470,Fabaceae,Mimosa caesalpininiifolia Benth.,5.2,6.4,3.6,,,,,,,,,
SAFM,1,2,2,7471,Apocynaceae,Tabernaemontana hystrix Steud.,7.0,6.2,,,,,,,,,,
SAFM,1,2,2,7472,Lamiaceae,Aegiphila integrifolia (Jacq.) Moldenke,8.2,11.3,13.5,,,,,,,,,
SAFM,1,2,2,7473,Euphorbiaceae,Alchornea glandulosa,8.3,12.6,,,,,,,,,,
SAFM,1,2,2,7474,Euphorbiaceae,Alchornea glandulosa,8.6,7.7,,,,,,,,,,
SAFM,1,2,2,7475,Fabaceae,Hymenaea courbaril L.,7.0,6.4,,,,,,,,,,
SAFM,1,2,2,7476,Apocynaceae,Aspidosperma polyneuron Müll. Arg.,11.1,15.0,,,,,,,,,,
SAFM,1,2,2,7477,Solanaceae,Solanum pseudoquina,5.2,7.0,,,,,,,,,,
SAFM,1,2,2,7478,Urticaceae,Urera baccifera (L.) Gaudich. ex Wedd.,7.3,10.4,,,,,,,,,,
SAFM,1,2,2,7479,Urticaceae,Urera baccifera (L.) Gaudich. ex Wedd.,7.5,16.2,,,,,,,,,,
SAFM,1,2,2,7480,Urticaceae,Urera baccifera (L.) Gaudich. ex Wedd.,6.4,11.6,8.4,,,,,,,,,
SAFM,1,2,2,7481,Myrtaceae,Psidium guajava L.,5.1,6.1,,,,,,,,,,
SAFM,1,2,2,7482,Urticaceae,Urera baccifera (L.) Gaudich. ex Wedd.,7.4,12.0,,,,,,,,,,
SAFM,1,2,2,7483,Fabaceae,Hymenaea courbaril L.,9.2,10.6,,,,,,,,,,
SAFM,1,2,2,7484,Apocynaceae,Tabernaemontana hystrix Steud.,5.0,5.3,,,,,,,,,,
SAFT,1,2,1,7485,Myrtaceae,Campomanesia xantoparpa,7.9,6.3,5.4,,,,,,,,,
SAFT,1,2,1,7486,Myrtaceae,Eugenia myrcianthes,8.6,11.8,,,,,,,,,,
SAFT,1,2,1,7487,Verbenaceae,Aloysia virgata (Ruiz & Pav.) Juss.,9.0,6.2,,,,,,,,,,
SAFT,1,2,1,7488,Verbenaceae,Aloysia virgata (Ruiz & Pav.) Juss.,8.7,10.2,,,,,,,,,,
SAFT,1,2,1,7489,Verbenaceae,Aloysia virgata (Ruiz & Pav.) Juss.,8.5,8.2,,,,,,,,,,
SAFT,1,2,1,7490,Meliaceae,Guarea guidonia (L.) Sleumer,6.7,5.4,,,,,,,,,,
SAFT,1,2,1,7491,Meliaceae,Cabralea canjerana (Vell.) Mart.,11.2,10.1,,,,,,,,,,
SAFT,1,2,1,7492,Anacardiaceae,Schinus terebinthifolia Raddi.,7.5,9.7,,,,,,,,,,
SAFT,1,2,1,7493,Fabaceae,Hymenaea courbaril L.,11.7,17.2,17.7,,,,,,,,,
SAFT,1,2,1,7494,Apocynaceae,Aspidosperma ramiflorum Müll.Arg.,8.7,9.8,,,,,,,,,,
SAFT,1,2,2,7495,Verbenaceae,Aloysia virgata (Ruiz & Pav.) Juss.,8.7,12.4,,,,,,,,,,
SAFT,1,2,2,7496,Fabaceae,Mimosa caesalpininiifolia Benth.,13.7,14.7,5.6,10.3,4.0,,,,,,,
SAFT,1,2,2,7497,Annonaceae,Annona cacans,8.1,7.4,,,,,,,,,,
SAFT,1,2,2,7498,Euphorbiaceae,Alchornea glandulosa,7.1,5.8,,,,,,,,,,
SAFT,1,2,2,7499,Fabaceae,Hymenaea courbaril L.,11.9,15.3,,,,,,,,,,
SAFT,1,2,2,7500,Apocynaceae,Aspidosperma ramiflorum Müll.Arg.,5.7,5.8,,,,,,,,,,
